type_id;description_category_id;путь;тип товара;статус;ошибки
971888493;46590429;Кино, музыка, видеоигры, софт / Кино, музыка, видеоигры, софт / Пластинка виниловая;Пластинка виниловая;фото отклонено;DESCRIPTION_DECLINE:4194
97394;17028920;Музыкальные инструменты / Клавишные инструменты / Аккордеон;Аккордеон;не создано;
971123121;17028920;Музыкальные инструменты / Клавишные инструменты / Модульная система;Модульная система;не создано;
970896657;17028920;Музыкальные инструменты / Клавишные инструменты / Баян;Баян;не создано;
972936740;17028622;Музыкальные инструменты / Струнные инструменты / Альт;Альт;не создано;
972936738;17028622;Музыкальные инструменты / Струнные инструменты / Скрипка;Скрипка;не создано;
95861;17028622;Музыкальные инструменты / Струнные инструменты / Укулеле;Укулеле;не создано;
96832;18262714;Музыкальные инструменты / Ударные инструменты и перкуссия / Ксилофон;Ксилофон;не создано;
96821;18262713;Музыкальные инструменты / Духовые инструменты / Кларнет;Кларнет;не создано;
96827;18262713;Музыкальные инструменты / Духовые инструменты / Баритон;Баритон;не создано;
96819;18262713;Музыкальные инструменты / Духовые инструменты / Мелодика;Мелодика;не создано;
96823;18262713;Музыкальные инструменты / Духовые инструменты / Горн;Горн;не создано;
96810;18262713;Музыкальные инструменты / Духовые инструменты / Флейта;Флейта;не создано;
971107919;17028949;Музыкальные инструменты / Электронные музыкальные инструменты / Грувбокс;Грувбокс;другая ошибка;SPU_ALREADY_EXISTS_IN_ANOTHER_ACCOUNT:0
95853;17028949;Музыкальные инструменты / Электронные музыкальные инструменты / MIDI-клавиатура;MIDI-клавиатура;фото отклонено;"DESCRIPTION_DECLINE:4194;SPU_ALREADY_EXISTS_IN_ANOTHER_ACCOUNT:0;warning_all_image_failed:4194"
971107921;17028949;Музыкальные инструменты / Электронные музыкальные инструменты / Сэмплер;Сэмплер;фото отклонено;"DESCRIPTION_DECLINE:4194;SPU_ALREADY_EXISTS_IN_ANOTHER_ACCOUNT:0;warning_all_image_failed:4194"
971107922;17028949;Музыкальные инструменты / Электронные музыкальные инструменты / Секвенсор;Секвенсор;другая ошибка;SPU_ALREADY_EXISTS_IN_ANOTHER_ACCOUNT:0
970964751;17028949;Музыкальные инструменты / Электронные музыкальные инструменты / Кроссфейдер для микшера;Кроссфейдер для микшера;фото отклонено;"DESCRIPTION_DECLINE:4194;SPU_ALREADY_EXISTS_IN_ANOTHER_ACCOUNT:0;warning_all_image_failed:4194"
971106095;17028949;Музыкальные инструменты / Электронные музыкальные инструменты / Таймкод для диджеинга;Таймкод для диджеинга;другая ошибка;SPU_ALREADY_EXISTS_IN_ANOTHER_ACCOUNT:0
91908;17028949;Музыкальные инструменты / Электронные музыкальные инструменты / Микшер;Микшер;другая ошибка;SPU_ALREADY_EXISTS_IN_ANOTHER_ACCOUNT:0
971065372;17028927;Музыкальные инструменты / Аксессуары к музыкальным инструментам / Аксессуар для дирижера;Аксессуар для дирижера;фото отклонено;DESCRIPTION_DECLINE:4194
971156243;17028927;Музыкальные инструменты / Аксессуары к музыкальным инструментам / Подставка для музыкальных инструментов;Подставка для музыкальных инструментов;не создано;
970693384;17028927;Музыкальные инструменты / Аксессуары к музыкальным инструментам / Контроллер для гитарного усилителя;Контроллер для гитарного усилителя;фото отклонено;DESCRIPTION_DECLINE:4194
97398;17028927;Музыкальные инструменты / Аксессуары к музыкальным инструментам / Метроном;Метроном;не создано;
971422234;17028927;Музыкальные инструменты / Аксессуары к музыкальным инструментам / Аксессуар для клавишных инструментов;Аксессуар для клавишных инструментов;не создано;
95826;17028927;Музыкальные инструменты / Аксессуары к музыкальным инструментам / Тюнер музыкальный;Тюнер музыкальный;не создано;
95661;17028927;Музыкальные инструменты / Аксессуары к музыкальным инструментам / Гитарный комбоусилитель;Гитарный комбоусилитель;не создано;
592744674;17028927;Музыкальные инструменты / Аксессуары к музыкальным инструментам / Чехол для музыкального инструмента;Чехол для музыкального инструмента;не создано;
971445089;200001486;Книги / Антикварные издания (до 1941 г. включительно) / Газета;Газета;другая ошибка;"CONDITIONAL_ATTRIBUTE_ERROR:4182;warning_attribute_values_empty:4182"
971445088;200001486;Книги / Антикварные издания (до 1941 г. включительно) / Журнал;Журнал;другая ошибка;"CONDITIONAL_ATTRIBUTE_ERROR:4182;warning_attribute_values_empty:4182"
971445087;200001486;Книги / Антикварные издания (до 1941 г. включительно) / Печатная книга;Печатная книга;другая ошибка;SPU_ALREADY_EXISTS_IN_ANOTHER_ACCOUNT:0
971445089;200001485;Книги / Букинистические издания (1942-2010 гг.) / Газета;Газета;не создано;
971445088;200001485;Книги / Букинистические издания (1942-2010 гг.) / Журнал;Журнал;не создано;
971445087;200001485;Книги / Букинистические издания (1942-2010 гг.) / Печатная книга;Печатная книга;не создано;
971445087;200001483;Книги / Современные печатные издания (с 2011 г.) / Печатная книга;Печатная книга;не создано;
971445089;200001483;Книги / Современные печатные издания (с 2011 г.) / Газета;Газета;не создано;
971445088;200001483;Книги / Современные печатные издания (с 2011 г.) / Журнал;Журнал;не создано;
94409;17028702;Спорт и отдых / Аксессуары и принадлежности для рыбалки / Поппер;Поппер;не создано;
94405;17028702;Спорт и отдых / Аксессуары и принадлежности для рыбалки / Подсачек;Подсачек;не создано;
94416;17028702;Спорт и отдых / Аксессуары и принадлежности для рыбалки / Сигнализатор поклевки;Сигнализатор поклевки;фото отклонено;DESCRIPTION_DECLINE:4194
970666962;76485760;Спорт и отдых / Фехтование / Сабля для фехтования;Сабля для фехтования;другая ошибка;FB_KHOLODNYAK:4180
970666960;76485760;Спорт и отдых / Фехтование / Шпага для фехтования;Шпага для фехтования;другая ошибка;FB_KHOLODNYAK:4180
970666969;76485760;Спорт и отдых / Фехтование / Аксессуары для фехтовального оружия;Аксессуары для фехтовального оружия;другая ошибка;
970666970;76485760;Спорт и отдых / Фехтование / Рапира;Рапира;другая ошибка;FB_KHOLODNYAK:4180
94321;17028689;Спорт и отдых / Аксессуары для туризма / Трос туристический;Трос туристический;не создано;
970743480;17028999;Спорт и отдых / ЗИП для роликов, самокатов, скейтбордов / Колесо для самоката;Колесо для самоката;фото отклонено;DESCRIPTION_DECLINE:4194
94166;17028711;Спорт и отдых / Экипировка и защита / Перчатки вратарские;Перчатки вратарские;не создано;
97972;17028711;Спорт и отдых / Экипировка и защита / Каска альпинистская;Каска альпинистская;фото отклонено;DESCRIPTION_DECLINE:4194
970677199;17028711;Спорт и отдых / Экипировка и защита / Спортивный компрессионный нарукавник;Спортивный компрессионный нарукавник;фото отклонено;DESCRIPTION_DECLINE:4194
971325102;17028711;Спорт и отдых / Экипировка и защита / Пластырь для похудения;Пластырь для похудения;другая ошибка;BR_medical_device:22508
971047760;17028711;Спорт и отдых / Экипировка и защита / Атлетическая лента;Атлетическая лента;другая ошибка;error_card_with_deleted_photos:0
971284923;17028711;Спорт и отдых / Экипировка и защита / Подшлемник для хоккея;Подшлемник для хоккея;не создано;
970703535;17028711;Спорт и отдых / Экипировка и защита / Каска для страйкбола;Каска для страйкбола;фото отклонено;DESCRIPTION_DECLINE:4194
94218;17028711;Спорт и отдых / Экипировка и защита / Повязка на голову спортивная;Повязка на голову спортивная;фото отклонено;DESCRIPTION_DECLINE:4194
94225;17028711;Спорт и отдых / Экипировка и защита / Кинезиотейп;Кинезиотейп;другая ошибка;error_card_with_deleted_photos:0
971101480;17028911;Спорт и отдых / Бинокли и подзорные трубы / Подзорная труба;Подзорная труба;фото отклонено;DESCRIPTION_DECLINE:4194
93547;17029006;Спорт и отдых / Мячи, воланы, снаряды / Фальшпатроны;Фальшпатроны;другая ошибка;"BR_hazard_class1:9782;FB_Patrony:22508"
970673984;17029006;Спорт и отдых / Мячи, воланы, снаряды / Мяч для гольфа;Мяч для гольфа;фото отклонено;DESCRIPTION_DECLINE:4194
93563;17029006;Спорт и отдых / Мячи, воланы, снаряды / Спортивный массажный мяч;Спортивный массажный мяч;фото отклонено;DESCRIPTION_DECLINE:4194
93558;17029006;Спорт и отдых / Мячи, воланы, снаряды / Мяч баскетбольный;Мяч баскетбольный;не создано;
93565;17029006;Спорт и отдых / Мячи, воланы, снаряды / Мяч футбольный;Мяч футбольный;не создано;
93551;17029006;Спорт и отдых / Мячи, воланы, снаряды / Воланы;Воланы;не создано;
93560;17029006;Спорт и отдых / Мячи, воланы, снаряды / Мяч для гандбола;Мяч для гандбола;не создано;
970954769;17028707;Спорт и отдых / Аксессуары и инвентарь для тяжелой атлетики / Силовая манжета;Силовая манжета;другая ошибка;SPU_ALREADY_EXISTS_IN_ANOTHER_ACCOUNT:0
115947384;17028707;Спорт и отдых / Аксессуары и инвентарь для тяжелой атлетики / Штанга;Штанга;другая ошибка;SPU_ALREADY_EXISTS_IN_ANOTHER_ACCOUNT:0
94126;17029000;Спорт и отдых / Спортивный инвентарь / Булава для гимнастики;Булава для гимнастики;другая ошибка;FB_KHOLODNYAK:4180
92986;17029000;Спорт и отдых / Спортивный инвентарь / Бумеранг;Бумеранг;другая ошибка;error_card_with_deleted_photos:0
970870904;17029000;Спорт и отдых / Спортивный инвентарь / Колышки для гольфа;Колышки для гольфа;фото отклонено;DESCRIPTION_DECLINE:4194
970662052;17029000;Спорт и отдых / Спортивный инвентарь / Баллон для дайвинга;Баллон для дайвинга;фото отклонено;DESCRIPTION_DECLINE:4194
94140;17029000;Спорт и отдых / Спортивный инвентарь / Нунчаки;Нунчаки;другая ошибка;FB_NUNCHAKI:22508
970666948;17029000;Спорт и отдых / Спортивный инвентарь / Аксессуары для волейбола;Аксессуары для волейбола;фото отклонено;DESCRIPTION_DECLINE:4194
971040952;17029000;Спорт и отдых / Спортивный инвентарь / Торцевая лента для ракетки;Торцевая лента для ракетки;фото отклонено;DESCRIPTION_DECLINE:4194
970673989;17029000;Спорт и отдых / Спортивный инвентарь / Лунка для гольфа;Лунка для гольфа;фото отклонено;DESCRIPTION_DECLINE:4194
238989892;17029000;Спорт и отдых / Спортивный инвентарь / Аксессуары для плавания;Аксессуары для плавания;фото отклонено;DESCRIPTION_DECLINE:4194
970974562;17029000;Спорт и отдых / Спортивный инвентарь / Баскетбольная стойка;Баскетбольная стойка;другая ошибка;SPU_ALREADY_EXISTS_IN_ANOTHER_ACCOUNT:0
94131;17029000;Спорт и отдых / Спортивный инвентарь / Колобашка;Колобашка;фото отклонено;DESCRIPTION_DECLINE:4194
971092412;17029000;Спорт и отдых / Спортивный инвентарь / Защитное кольцо для мишени;Защитное кольцо для мишени;другая ошибка;DESCRIPTION_DECLINE:22507
970858513;17029000;Спорт и отдых / Спортивный инвентарь / Подставка для мяча;Подставка для мяча;фото отклонено;DESCRIPTION_DECLINE:4194
970743120;17029000;Спорт и отдых / Спортивный инвентарь / Компьютер для дайвинга;Компьютер для дайвинга;фото отклонено;DESCRIPTION_DECLINE:4194
970884225;17029000;Спорт и отдых / Спортивный инвентарь / Мяч для метания;Мяч для метания;другая ошибка;SPU_ALREADY_EXISTS_IN_ANOTHER_ACCOUNT:0
970743108;17029000;Спорт и отдых / Спортивный инвентарь / Аксессуары для дайвинга;Аксессуары для дайвинга;другая ошибка;SPU_ALREADY_EXISTS_IN_ANOTHER_ACCOUNT:0
221593755;17029000;Спорт и отдых / Спортивный инвентарь / Аксессуары для аквааэробики;Аксессуары для аквааэробики;другая ошибка;SPU_ALREADY_EXISTS_IN_ANOTHER_ACCOUNT:0
970697812;17029000;Спорт и отдых / Спортивный инвентарь / Подушка для растяжки;Подушка для растяжки;другая ошибка;SPU_ALREADY_EXISTS_IN_ANOTHER_ACCOUNT:0
94137;17029000;Спорт и отдых / Спортивный инвентарь / Конус для разметки;Конус для разметки;другая ошибка;SPU_ALREADY_EXISTS_IN_ANOTHER_ACCOUNT:0
96901;17029000;Спорт и отдых / Спортивный инвентарь / Наручники полицейские;Наручники полицейские;другая ошибка;FB_handcuffs:22508
970853188;17029000;Спорт и отдых / Спортивный инвентарь / Спортивный таймер метроном;Спортивный таймер метроном;фото отклонено;DESCRIPTION_DECLINE:4194
970666975;17029000;Спорт и отдых / Спортивный инвентарь / Макет гранаты;Макет гранаты;другая ошибка;error_card_with_deleted_photos:0
96903;17029000;Спорт и отдых / Спортивный инвентарь / Капитанская повязка;Капитанская повязка;фото отклонено;DESCRIPTION_DECLINE:4194
970628947;17029000;Спорт и отдых / Спортивный инвентарь / Аксессуары для бейсбола;Аксессуары для бейсбола;другая ошибка;SPU_ALREADY_EXISTS_IN_ANOTHER_ACCOUNT:0
970995237;17029000;Спорт и отдых / Спортивный инвентарь / Аксессуары для бокса;Аксессуары для бокса;другая ошибка;SPU_ALREADY_EXISTS_IN_ANOTHER_ACCOUNT:0
98158;17029000;Спорт и отдых / Спортивный инвентарь / Аксессуары для тенниса;Аксессуары для тенниса;фото отклонено;DESCRIPTION_DECLINE:4194
970666973;17029000;Спорт и отдых / Спортивный инвентарь / Макет пистолета;Макет пистолета;другая ошибка;error_card_with_deleted_photos:0
96907;17029000;Спорт и отдых / Спортивный инвентарь / Оружие для единоборств;Оружие для единоборств;другая ошибка;
971839769;17029000;Спорт и отдых / Спортивный инвентарь / Аксессуары для гимнастики;Аксессуары для гимнастики;фото отклонено;DESCRIPTION_DECLINE:4194
970829667;17029000;Спорт и отдых / Спортивный инвентарь / Бокс для спортивной капы;Бокс для спортивной капы;другая ошибка;SPU_ALREADY_EXISTS_IN_ANOTHER_ACCOUNT:0
971047080;17029000;Спорт и отдых / Спортивный инвентарь / Оборудование для OCR;Оборудование для OCR;другая ошибка;SPU_ALREADY_EXISTS_IN_ANOTHER_ACCOUNT:0
94132;17029000;Спорт и отдых / Спортивный инвентарь / Кольцо баскетбольное;Кольцо баскетбольное;другая ошибка;DESCRIPTION_DECLINE:22507
970889537;17029000;Спорт и отдых / Спортивный инвентарь / Перчатка для бейсбола;Перчатка для бейсбола;другая ошибка;SPU_ALREADY_EXISTS_IN_ANOTHER_ACCOUNT:0
970695813;17029000;Спорт и отдых / Спортивный инвентарь / Учебный газовый баллончик;Учебный газовый баллончик;другая ошибка;FB_BALLONCHIKI:4180
559455262;17029000;Спорт и отдых / Спортивный инвентарь / Тренажер футбольный;Тренажер футбольный;другая ошибка;SPU_ALREADY_EXISTS_IN_ANOTHER_ACCOUNT:0
96985;17029000;Спорт и отдых / Спортивный инвентарь / Меч тренировочный;Меч тренировочный;другая ошибка;FB_KHOLODNYAK:4180
971300743;17029000;Спорт и отдых / Спортивный инвентарь / Электронное судейство;Электронное судейство;другая ошибка;SPU_ALREADY_EXISTS_IN_ANOTHER_ACCOUNT:0
98089;17029000;Спорт и отдых / Спортивный инвентарь / Макет ножа;Макет ножа;фото отклонено;DESCRIPTION_DECLINE:4194
970707283;17029000;Спорт и отдых / Спортивный инвентарь / Корзина для теннисных мячей;Корзина для теннисных мячей;фото отклонено;DESCRIPTION_DECLINE:4194
115949880;17029013;Спорт и отдых / Эхолоты и аксессуары / Крепление для эхолота;Крепление для эхолота;другая ошибка;SPU_ALREADY_EXISTS_IN_ANOTHER_ACCOUNT:0
970796946;17029013;Спорт и отдых / Эхолоты и аксессуары / Защитная крышка на дисплей эхолота;Защитная крышка на дисплей эхолота;другая ошибка;SPU_ALREADY_EXISTS_IN_ANOTHER_ACCOUNT:0
98559;17029005;Спорт и отдых / Кемпинговая мебель / Кухня кемпинговая;Кухня кемпинговая;другая ошибка;SPU_ALREADY_EXISTS_IN_ANOTHER_ACCOUNT:0
970954001;17029005;Спорт и отдых / Кемпинговая мебель / Платформа рыболовная;Платформа рыболовная;другая ошибка;SPU_ALREADY_EXISTS_IN_ANOTHER_ACCOUNT:0
971036157;17029005;Спорт и отдых / Кемпинговая мебель / Аксессуары для туристической кровати;Аксессуары для туристической кровати;фото отклонено;DESCRIPTION_DECLINE:4194
971045889;17028709;Спорт и отдых / Фитнес и йога / Слайд доска;Слайд доска;другая ошибка;DESCRIPTION_DECLINE:22507
970781496;17028709;Спорт и отдых / Фитнес и йога / Насыпной снаряд;Насыпной снаряд;другая ошибка;SPU_ALREADY_EXISTS_IN_ANOTHER_ACCOUNT:0
971364346;17028709;Спорт и отдых / Фитнес и йога / Заглушка для фитбола;Заглушка для фитбола;фото отклонено;DESCRIPTION_DECLINE:4194
970664628;17028709;Спорт и отдых / Фитнес и йога / Валик для пилатеса;Валик для пилатеса;фото отклонено;DESCRIPTION_DECLINE:4194
859554895;17028709;Спорт и отдых / Фитнес и йога / Координационная дорожка;Координационная дорожка;другая ошибка;DESCRIPTION_DECLINE:22507
115947433;17028709;Спорт и отдых / Фитнес и йога / Степ платформа;Степ платформа;другая ошибка;SPU_ALREADY_EXISTS_IN_ANOTHER_ACCOUNT:0
971126773;17028709;Спорт и отдых / Фитнес и йога / Канат для кроссфита;Канат для кроссфита;фото отклонено;DESCRIPTION_DECLINE:4194
971290276;17028709;Спорт и отдых / Фитнес и йога / Тренажер-реформер для пилатеса;Тренажер-реформер для пилатеса;другая ошибка;SPU_ALREADY_EXISTS_IN_ANOTHER_ACCOUNT:0
970679867;17028709;Спорт и отдых / Фитнес и йога / Обмотка для обруча;Обмотка для обруча;фото отклонено;DESCRIPTION_DECLINE:4194
95921;17028709;Спорт и отдых / Фитнес и йога / Фитбол;Фитбол;другая ошибка;SPU_ALREADY_EXISTS_IN_ANOTHER_ACCOUNT:0
970725295;17028709;Спорт и отдых / Фитнес и йога / Трос для скакалки;Трос для скакалки;другая ошибка;SPU_ALREADY_EXISTS_IN_ANOTHER_ACCOUNT:0
970727018;17028709;Спорт и отдых / Фитнес и йога / Кольца для кросс-тренинга;Кольца для кросс-тренинга;фото отклонено;DESCRIPTION_DECLINE:4194
95918;17028709;Спорт и отдых / Фитнес и йога / Коврик для йоги, фитнеса;Коврик для йоги, фитнеса;фото отклонено;DESCRIPTION_DECLINE:4194
971025807;17028709;Спорт и отдых / Фитнес и йога / Подушка на глаза для медитации;Подушка на глаза для медитации;другая ошибка;SPU_ALREADY_EXISTS_IN_ANOTHER_ACCOUNT:0
95917;17028709;Спорт и отдых / Фитнес и йога / Бодибар;Бодибар;другая ошибка;SPU_ALREADY_EXISTS_IN_ANOTHER_ACCOUNT:0
970664630;17028709;Спорт и отдых / Фитнес и йога / Болстер;Болстер;другая ошибка;SPU_ALREADY_EXISTS_IN_ANOTHER_ACCOUNT:0
115947437;17028709;Спорт и отдых / Фитнес и йога / Эспандер;Эспандер;другая ошибка;SPU_ALREADY_EXISTS_IN_ANOTHER_ACCOUNT:0
98063;17028709;Спорт и отдых / Фитнес и йога / Пропс для йоги;Пропс для йоги;фото отклонено;DESCRIPTION_DECLINE:4194
98041;17028709;Спорт и отдых / Фитнес и йога / Жироанализатор;Жироанализатор;другая ошибка;SPU_ALREADY_EXISTS_IN_ANOTHER_ACCOUNT:0
95916;17028709;Спорт и отдых / Фитнес и йога / Блок для йоги;Блок для йоги;фото отклонено;DESCRIPTION_DECLINE:4194
970700415;17028709;Спорт и отдых / Фитнес и йога / Фитнес-резинка;Фитнес-резинка;другая ошибка;SPU_ALREADY_EXISTS_IN_ANOTHER_ACCOUNT:0
970725249;17028709;Спорт и отдых / Фитнес и йога / Подушка балансировочная;Подушка балансировочная;другая ошибка;SPU_ALREADY_EXISTS_IN_ANOTHER_ACCOUNT:0
970804379;17028709;Спорт и отдых / Фитнес и йога / Доска садху;Доска садху;другая ошибка;DESCRIPTION_DECLINE:22507
970589820;17028709;Спорт и отдых / Фитнес и йога / Диски для скольжения;Диски для скольжения;другая ошибка;DESCRIPTION_DECLINE:22507
970707299;17028709;Спорт и отдых / Фитнес и йога / Аксессуары для йоги;Аксессуары для йоги;фото отклонено;DESCRIPTION_DECLINE:4194
98065;17028709;Спорт и отдых / Фитнес и йога / Подушка для йоги;Подушка для йоги;другая ошибка;SPU_ALREADY_EXISTS_IN_ANOTHER_ACCOUNT:0
95714;17028705;Спорт и отдых / Столы для настольного тенниса / Теннисный стол;Теннисный стол;другая ошибка;SPU_ALREADY_EXISTS_IN_ANOTHER_ACCOUNT:0
970779723;17029011;Спорт и отдых / Пневматическое оружие и арбалеты / Духовая трубка;Духовая трубка;другая ошибка;error_card_with_deleted_photos:0
970804431;17029011;Спорт и отдых / Пневматическое оружие и арбалеты / Пулемет страйкбольный;Пулемет страйкбольный;другая ошибка;error_card_with_deleted_photos:0
94121;17029011;Спорт и отдых / Пневматическое оружие и арбалеты / Пистолет, револьвер страйкбольный;Пистолет, револьвер страйкбольный;другая ошибка;error_card_with_deleted_photos:0
98155;17029011;Спорт и отдых / Пневматическое оружие и арбалеты / Охолощенный пистолет, револьвер;Охолощенный пистолет, револьвер;другая ошибка;SPU_ALREADY_EXISTS_IN_ANOTHER_ACCOUNT:0
971438752;17029011;Спорт и отдых / Пневматическое оружие и арбалеты / Скоба для кобуры;Скоба для кобуры;фото отклонено;"DESCRIPTION_DECLINE:4194;DESCRIPTION_DECLINE:22507"
970671461;17029011;Спорт и отдых / Пневматическое оружие и арбалеты / Граната для пейнтбола;Граната для пейнтбола;другая ошибка;error_card_with_deleted_photos:0
94123;17029011;Спорт и отдых / Пневматическое оружие и арбалеты / Рогатка;Рогатка;другая ошибка;error_card_with_deleted_photos:0
98154;17029011;Спорт и отдых / Пневматическое оружие и арбалеты / Охолощенная винтовка;Охолощенная винтовка;другая ошибка;
94112;17029011;Спорт и отдых / Пневматическое оружие и арбалеты / Гранатомет, миномет страйкбольные;Гранатомет, миномет страйкбольные;другая ошибка;error_card_with_deleted_photos:0
94110;17029011;Спорт и отдых / Пневматическое оружие и арбалеты / Винтовка страйкбольная;Винтовка страйкбольная;другая ошибка;FB_PNEVMAT_muzzle_energy:10739
970742803;17029011;Спорт и отдых / Пневматическое оружие и арбалеты / Пневматический пистолет-пулемет;Пневматический пистолет-пулемет;другая ошибка;error_card_with_deleted_photos:0
94108;17029011;Спорт и отдых / Пневматическое оружие и арбалеты / Арбалет;Арбалет;другая ошибка;error_card_with_deleted_photos:0
970724815;17029011;Спорт и отдых / Пневматическое оружие и арбалеты / Граната страйкбольная;Граната страйкбольная;другая ошибка;error_card_with_deleted_photos:0
970724816;17029011;Спорт и отдых / Пневматическое оружие и арбалеты / Выстрел страйкбольный;Выстрел страйкбольный;другая ошибка;error_card_with_deleted_photos:0
834539505;17029011;Спорт и отдых / Пневматическое оружие и арбалеты / Пневматическое ружье для подводной охоты;Пневматическое ружье для подводной охоты;другая ошибка;error_card_with_deleted_photos:0
971367781;17029011;Спорт и отдых / Пневматическое оружие и арбалеты / Лук традиционный;Лук традиционный;другая ошибка;SPU_ALREADY_EXISTS_IN_ANOTHER_ACCOUNT:0
98053;17029011;Спорт и отдых / Пневматическое оружие и арбалеты / Охолощенный автомат;Охолощенный автомат;другая ошибка;
94114;17029011;Спорт и отдых / Пневматическое оружие и арбалеты / Дробовик страйкбольный;Дробовик страйкбольный;другая ошибка;error_card_with_deleted_photos:0
970742802;17029011;Спорт и отдых / Пневматическое оружие и арбалеты / Пневматический револьвер;Пневматический револьвер;другая ошибка;error_card_with_deleted_photos:0
94106;17029011;Спорт и отдых / Пневматическое оружие и арбалеты / Пневматический автомат;Пневматический автомат;другая ошибка;error_card_with_deleted_photos:0
94116;17029011;Спорт и отдых / Пневматическое оружие и арбалеты / Лук спортивный;Лук спортивный;другая ошибка;error_card_with_deleted_photos:0
94107;17029011;Спорт и отдых / Пневматическое оружие и арбалеты / Автомат страйкбольный;Автомат страйкбольный;другая ошибка;error_card_with_deleted_photos:0
834404554;17029011;Спорт и отдых / Пневматическое оружие и арбалеты / Арбалет для подводной охоты;Арбалет для подводной охоты;другая ошибка;SPU_ALREADY_EXISTS_IN_ANOTHER_ACCOUNT:0
94120;17029011;Спорт и отдых / Пневматическое оружие и арбалеты / Пневматический пистолет;Пневматический пистолет;другая ошибка;error_card_with_deleted_photos:0
970671462;17029011;Спорт и отдых / Пневматическое оружие и арбалеты / Дымовая шашка;Дымовая шашка;другая ошибка;error_card_with_deleted_photos:0
94109;17029011;Спорт и отдых / Пневматическое оружие и арбалеты / Пневматическая винтовка;Пневматическая винтовка;другая ошибка;error_card_with_deleted_photos:0
94113;17029011;Спорт и отдых / Пневматическое оружие и арбалеты / Пневматический дробовик;Пневматический дробовик;другая ошибка;error_card_with_deleted_photos:0
970800763;86811869;Спорт и отдых / Боулинг / Аксессуары для боулинга;Аксессуары для боулинга;фото отклонено;DESCRIPTION_DECLINE:4194
970800623;86811869;Спорт и отдых / Боулинг / Перчатки для боулинга;Перчатки для боулинга;другая ошибка;SPU_ALREADY_EXISTS_IN_ANOTHER_ACCOUNT:0
970671483;77024504;Спорт и отдых / Пейнтбол / Аксессуары для пейнтбола;Аксессуары для пейнтбола;другая ошибка;SPU_ALREADY_EXISTS_IN_ANOTHER_ACCOUNT:0
970669338;77024504;Спорт и отдых / Пейнтбол / Шар для пейнтбола;Шар для пейнтбола;фото отклонено;DESCRIPTION_DECLINE:4194
970671326;77023805;Спорт и отдых / Конный спорт / Аксессуары для конного спорта;Аксессуары для конного спорта;фото отклонено;DESCRIPTION_DECLINE:4194
970862362;17028690;Спорт и отдых / Охота и стрельба / Прибор ночного видения;Прибор ночного видения;фото отклонено;DESCRIPTION_DECLINE:4194
96937;17028690;Спорт и отдых / Охота и стрельба / Манок;Манок;другая ошибка;SPU_ALREADY_EXISTS_IN_ANOTHER_ACCOUNT:0
98141;17028690;Спорт и отдых / Охота и стрельба / Оружейная смазка;Оружейная смазка;другая ошибка;SPU_ALREADY_EXISTS_IN_ANOTHER_ACCOUNT:0
970865378;17028690;Спорт и отдых / Охота и стрельба / Станок для снаряжения патронов;Станок для снаряжения патронов;другая ошибка;FB_Patrony:22508
970687096;17028690;Спорт и отдых / Охота и стрельба / Пулелейка;Пулелейка;другая ошибка;FB_bullet:22508
970740670;17028690;Спорт и отдых / Охота и стрельба / ДТК;ДТК;другая ошибка;DESCRIPTION_DECLINE:4180
970831548;17028690;Спорт и отдых / Охота и стрельба / Аксессуары для охоты;Аксессуары для охоты;другая ошибка;SPU_ALREADY_EXISTS_IN_ANOTHER_ACCOUNT:0
970893377;17028690;Спорт и отдых / Охота и стрельба / Медальоны, держатели для охотничьих трофеев;Медальоны, держатели для охотничьих трофеев;фото отклонено;DESCRIPTION_DECLINE:4194
971452949;17028690;Спорт и отдых / Охота и стрельба / Целик;Целик;другая ошибка;SPU_ALREADY_EXISTS_IN_ANOTHER_ACCOUNT:0
970974756;17028690;Спорт и отдых / Охота и стрельба / Защитный корпус для фотоловушки;Защитный корпус для фотоловушки;другая ошибка;DESCRIPTION_DECLINE:22507
971369396;17028690;Спорт и отдых / Охота и стрельба / Светоотражающая экипировка для охоты;Светоотражающая экипировка для охоты;фото отклонено;DESCRIPTION_DECLINE:4194
970778862;17028690;Спорт и отдых / Охота и стрельба / Подушка для стрельбы;Подушка для стрельбы;другая ошибка;SPU_ALREADY_EXISTS_IN_ANOTHER_ACCOUNT:0
970774952;17028690;Спорт и отдых / Охота и стрельба / Защитная крышка для прицела;Защитная крышка для прицела;фото отклонено;DESCRIPTION_DECLINE:4194
971291490;17028690;Спорт и отдых / Охота и стрельба / Стрелковый тренажер;Стрелковый тренажер;другая ошибка;SPU_ALREADY_EXISTS_IN_ANOTHER_ACCOUNT:0
98134;17028690;Спорт и отдых / Охота и стрельба / Набор для чистки оружия;Набор для чистки оружия;другая ошибка;SPU_ALREADY_EXISTS_IN_ANOTHER_ACCOUNT:0
971097012;17028690;Спорт и отдых / Охота и стрельба / Насадки сменные для ружья;Насадки сменные для ружья;фото отклонено;"DESCRIPTION_DECLINE:4194;DESCRIPTION_DECLINE:22507"
970634347;17028690;Спорт и отдых / Охота и стрельба / Капкан, аксессуары для капкана;Капкан, аксессуары для капкана;другая ошибка;FB_KAPKAN:4180
970740675;17028690;Спорт и отдых / Охота и стрельба / Переходник для приклада;Переходник для приклада;другая ошибка;DESCRIPTION_DECLINE:22507
970740673;17028690;Спорт и отдых / Охота и стрельба / Ложе оружейное;Ложе оружейное;другая ошибка;SPU_ALREADY_EXISTS_IN_ANOTHER_ACCOUNT:0
971435631;17028690;Спорт и отдых / Охота и стрельба / Коврик для чистки оружия;Коврик для чистки оружия;другая ошибка;SPU_ALREADY_EXISTS_IN_ANOTHER_ACCOUNT:0
971011972;17028690;Спорт и отдых / Охота и стрельба / Клещи для взведения капкана;Клещи для взведения капкана;другая ошибка;FB_KAPKAN:4180
970607523;17028690;Спорт и отдых / Охота и стрельба / Аксессуары для подводных ружей;Аксессуары для подводных ружей;другая ошибка;SPU_ALREADY_EXISTS_IN_ANOTHER_ACCOUNT:0
971369730;17028690;Спорт и отдых / Охота и стрельба / ЗИП, Аксессуары для ружья;ЗИП, Аксессуары для ружья;фото отклонено;DESCRIPTION_DECLINE:4194
97974;17028690;Спорт и отдых / Охота и стрельба / Камуфляжная лента;Камуфляжная лента;другая ошибка;SPU_ALREADY_EXISTS_IN_ANOTHER_ACCOUNT:0
970740674;17028690;Спорт и отдых / Охота и стрельба / Цевье;Цевье;другая ошибка;SPU_ALREADY_EXISTS_IN_ANOTHER_ACCOUNT:0
970852074;17028690;Спорт и отдых / Охота и стрельба / Аксессуары для снаряжения патронов;Аксессуары для снаряжения патронов;другая ошибка;SPU_ALREADY_EXISTS_IN_ANOTHER_ACCOUNT:0
970852082;17028690;Спорт и отдых / Охота и стрельба / Набор для релоадинга;Набор для релоадинга;другая ошибка;error_card_with_deleted_photos:0
970739431;85945852;Спорт и отдых / Водный спорт и отдых на воде / Серф;Серф;другая ошибка;SPU_ALREADY_EXISTS_IN_ANOTHER_ACCOUNT:0
970780459;85945852;Спорт и отдых / Водный спорт и отдых на воде / Вейксерф;Вейксерф;другая ошибка;SPU_ALREADY_EXISTS_IN_ANOTHER_ACCOUNT:0
970699215;85945852;Спорт и отдых / Водный спорт и отдых на воде / Весло для SUP-доски;Весло для SUP-доски;другая ошибка;SPU_ALREADY_EXISTS_IN_ANOTHER_ACCOUNT:0
971891914;85945852;Спорт и отдых / Водный спорт и отдых на воде / Вингфойл;Вингфойл;другая ошибка;SPU_ALREADY_EXISTS_IN_ANOTHER_ACCOUNT:0
970739436;85945852;Спорт и отдых / Водный спорт и отдых на воде / Доска для кайта;Доска для кайта;другая ошибка;SPU_ALREADY_EXISTS_IN_ANOTHER_ACCOUNT:0
970779855;85945852;Спорт и отдых / Водный спорт и отдых на воде / Аксессуары, запчасти для SUP-доски;Аксессуары, запчасти для SUP-доски;другая ошибка;SPU_ALREADY_EXISTS_IN_ANOTHER_ACCOUNT:0
94362;85945852;Спорт и отдых / Водный спорт и отдых на воде / Байдарка;Байдарка;другая ошибка;SPU_ALREADY_EXISTS_IN_ANOTHER_ACCOUNT:0
96919;85945852;Спорт и отдых / Водный спорт и отдых на воде / SUP-доска;SUP-доска;другая ошибка;SPU_ALREADY_EXISTS_IN_ANOTHER_ACCOUNT:0
970739444;85945852;Спорт и отдых / Водный спорт и отдых на воде / Виндсерф;Виндсерф;фото отклонено;DESCRIPTION_DECLINE:4194
970699216;85945852;Спорт и отдых / Водный спорт и отдых на воде / Плавник для SUP-доски;Плавник для SUP-доски;другая ошибка;SPU_ALREADY_EXISTS_IN_ANOTHER_ACCOUNT:0
970699213;85945852;Спорт и отдых / Водный спорт и отдых на воде / Парус для SUP-доски;Парус для SUP-доски;другая ошибка;SPU_ALREADY_EXISTS_IN_ANOTHER_ACCOUNT:0
971426128;85945852;Спорт и отдых / Водный спорт и отдых на воде / Гидрофойл;Гидрофойл;другая ошибка;SPU_ALREADY_EXISTS_IN_ANOTHER_ACCOUNT:0
970739435;85945852;Спорт и отдых / Водный спорт и отдых на воде / Кайт;Кайт;другая ошибка;SPU_ALREADY_EXISTS_IN_ANOTHER_ACCOUNT:0
970739432;85945852;Спорт и отдых / Водный спорт и отдых на воде / Ниборд;Ниборд;другая ошибка;SPU_ALREADY_EXISTS_IN_ANOTHER_ACCOUNT:0
970667731;85945852;Спорт и отдых / Водный спорт и отдых на воде / Вейкборд;Вейкборд;другая ошибка;SPU_ALREADY_EXISTS_IN_ANOTHER_ACCOUNT:0
95685;17028692;Спорт и отдых / Бильярд / Мост для кия;Мост для кия;фото отклонено;DESCRIPTION_DECLINE:4194
971077323;17028692;Спорт и отдых / Бильярд / Лузы для бильярдного стола;Лузы для бильярдного стола;другая ошибка;SPU_ALREADY_EXISTS_IN_ANOTHER_ACCOUNT:0
95677;17028692;Спорт и отдых / Бильярд / Бильярдный стол;Бильярдный стол;другая ошибка;SPU_ALREADY_EXISTS_IN_ANOTHER_ACCOUNT:0
95690;17028692;Спорт и отдых / Бильярд / Средство по уходу за бильярдом;Средство по уходу за бильярдом;другая ошибка;SPU_ALREADY_EXISTS_IN_ANOTHER_ACCOUNT:0
95687;17028692;Спорт и отдых / Бильярд / Перчатки для бильярда;Перчатки для бильярда;другая ошибка;SPU_ALREADY_EXISTS_IN_ANOTHER_ACCOUNT:0
95691;17028692;Спорт и отдых / Бильярд / Треугольник для бильярда;Треугольник для бильярда;другая ошибка;SPU_ALREADY_EXISTS_IN_ANOTHER_ACCOUNT:0
970593455;17028692;Спорт и отдых / Бильярд / Бильярдный стул;Бильярдный стул;другая ошибка;SPU_ALREADY_EXISTS_IN_ANOTHER_ACCOUNT:0
970728928;17028688;Спорт и отдых / Аксессуары для лыж и сноубордов / Лыжный тренажер;Лыжный тренажер;другая ошибка;SPU_ALREADY_EXISTS_IN_ANOTHER_ACCOUNT:0
97393;17028688;Спорт и отдых / Аксессуары для лыж и сноубордов / Чехол для лыжных ботинок;Чехол для лыжных ботинок;другая ошибка;SPU_ALREADY_EXISTS_IN_ANOTHER_ACCOUNT:0
95340;17028688;Спорт и отдых / Аксессуары для лыж и сноубордов / Треккинговые палки;Треккинговые палки;фото отклонено;DESCRIPTION_DECLINE:4194
240774473;17028688;Спорт и отдых / Аксессуары для лыж и сноубордов / Аксессуары для треккинговых, скандинавских палок;Аксессуары для треккинговых, скандинавских палок;другая ошибка;SPU_ALREADY_EXISTS_IN_ANOTHER_ACCOUNT:0
95336;17028688;Спорт и отдых / Аксессуары для лыж и сноубордов / Крепления лыжные;Крепления лыжные;другая ошибка;SPU_ALREADY_EXISTS_IN_ANOTHER_ACCOUNT:0
970707314;17028688;Спорт и отдых / Аксессуары для лыж и сноубордов / Палки для лыжероллеров;Палки для лыжероллеров;другая ошибка;SPU_ALREADY_EXISTS_IN_ANOTHER_ACCOUNT:0
970845479;17028688;Спорт и отдых / Аксессуары для лыж и сноубордов / Чехол для лыж;Чехол для лыж;фото отклонено;DESCRIPTION_DECLINE:4194
227219282;17028688;Спорт и отдых / Аксессуары для лыж и сноубордов / Стойка для лыж, сноубордов;Стойка для лыж, сноубордов;фото отклонено;DESCRIPTION_DECLINE:4194
970948319;88942530;Спорт и отдых / Аксессуары для радиостанции, рации / Внешний динамик для радиостанции;Внешний динамик для радиостанции;фото отклонено;DESCRIPTION_DECLINE:4194
971446324;17028701;Спорт и отдых / Скейтборды и самокаты / Подушка на руль самоката;Подушка на руль самоката;другая ошибка;SPU_ALREADY_EXISTS_IN_ANOTHER_ACCOUNT:0
971042558;17028701;Спорт и отдых / Скейтборды и самокаты / Фриборд;Фриборд;другая ошибка;SPU_ALREADY_EXISTS_IN_ANOTHER_ACCOUNT:0
971866594;17028701;Спорт и отдых / Скейтборды и самокаты / Ручка газа для электротранспорта;Ручка газа для электротранспорта;фото отклонено;DESCRIPTION_DECLINE:4194
971438556;17028701;Спорт и отдых / Скейтборды и самокаты / Ручка на колесо самоката;Ручка на колесо самоката;другая ошибка;DESCRIPTION_DECLINE:22507
93616;17028701;Спорт и отдых / Скейтборды и самокаты / Джампер;Джампер;другая ошибка;SPU_ALREADY_EXISTS_IN_ANOTHER_ACCOUNT:0
971011898;17028691;Спорт и отдых / Бассейн / Чаша для бассейна;Чаша для бассейна;другая ошибка;SPU_ALREADY_EXISTS_IN_ANOTHER_ACCOUNT:0
95082;17028691;Спорт и отдых / Бассейн / Подстилка для бассейна;Подстилка для бассейна;другая ошибка;SPU_ALREADY_EXISTS_IN_ANOTHER_ACCOUNT:0
971161204;17028691;Спорт и отдых / Бассейн / Аксессуары для консервации бассейна;Аксессуары для консервации бассейна;другая ошибка;SPU_ALREADY_EXISTS_IN_ANOTHER_ACCOUNT:0
95818;17028691;Спорт и отдых / Бассейн / Щетка для чистки бассейна;Щетка для чистки бассейна;другая ошибка;SPU_ALREADY_EXISTS_IN_ANOTHER_ACCOUNT:0
95812;17028691;Спорт и отдых / Бассейн / Бассейн;Бассейн;другая ошибка;SPU_ALREADY_EXISTS_IN_ANOTHER_ACCOUNT:0
95811;17028691;Спорт и отдых / Бассейн / Аксессуары для бассейна;Аксессуары для бассейна;другая ошибка;SPU_ALREADY_EXISTS_IN_ANOTHER_ACCOUNT:0
971310505;17028691;Спорт и отдых / Бассейн / Фонтан для бассейна;Фонтан для бассейна;другая ошибка;SPU_ALREADY_EXISTS_IN_ANOTHER_ACCOUNT:0
971002568;17028691;Спорт и отдых / Бассейн / Фильтрующий насос для бассейна;Фильтрующий насос для бассейна;другая ошибка;SPU_ALREADY_EXISTS_IN_ANOTHER_ACCOUNT:0
971748877;17028691;Спорт и отдых / Бассейн / Сухой бассейн;Сухой бассейн;другая ошибка;SPU_ALREADY_EXISTS_IN_ANOTHER_ACCOUNT:0
971039447;17028691;Спорт и отдых / Бассейн / Ионизатор для бассейна;Ионизатор для бассейна;другая ошибка;SPU_ALREADY_EXISTS_IN_ANOTHER_ACCOUNT:0
98383;17029004;Спорт и отдых / Лыжи и сноуборды / Лыжероллеры;Лыжероллеры;другая ошибка;SPU_ALREADY_EXISTS_IN_ANOTHER_ACCOUNT:0
97971;17029004;Спорт и отдых / Лыжи и сноуборды / Лыжи охотничьи;Лыжи охотничьи;фото отклонено;DESCRIPTION_DECLINE:4194
93609;17029004;Спорт и отдых / Лыжи и сноуборды / Лыжный комплект беговой;Лыжный комплект беговой;другая ошибка;SPU_ALREADY_EXISTS_IN_ANOTHER_ACCOUNT:0
93610;17029004;Спорт и отдых / Лыжи и сноуборды / Лыжный комплект горный;Лыжный комплект горный;другая ошибка;SPU_ALREADY_EXISTS_IN_ANOTHER_ACCOUNT:0
971109540;17029004;Спорт и отдых / Лыжи и сноуборды / Сплитборд;Сплитборд;другая ошибка;SPU_ALREADY_EXISTS_IN_ANOTHER_ACCOUNT:0
93607;17029004;Спорт и отдых / Лыжи и сноуборды / Беговые лыжи;Беговые лыжи;фото отклонено;DESCRIPTION_DECLINE:4194
971431582;17028700;Спорт и отдых / Санки, снегокаты, тюбинги / Электроснегокат;Электроснегокат;другая ошибка;INCORRECT_DIMENSION:0
93604;17028700;Спорт и отдых / Санки, снегокаты, тюбинги / Снегомобиль;Снегомобиль;другая ошибка;SPU_ALREADY_EXISTS_IN_ANOTHER_ACCOUNT:0
93603;17028700;Спорт и отдых / Санки, снегокаты, тюбинги / Снегокат;Снегокат;другая ошибка;SPU_ALREADY_EXISTS_IN_ANOTHER_ACCOUNT:0
970678767;17028700;Спорт и отдых / Санки, снегокаты, тюбинги / Камера для тюбинга;Камера для тюбинга;фото отклонено;"DESCRIPTION_DECLINE:4194;DESCRIPTION_DECLINE:22507"
98159;17028700;Спорт и отдых / Санки, снегокаты, тюбинги / Аксессуары для санок;Аксессуары для санок;другая ошибка;SPU_ALREADY_EXISTS_IN_ANOTHER_ACCOUNT:0
95732;17029007;Спорт и отдых / Надувная мебель / Пуфик надувной;Пуфик надувной;другая ошибка;SPU_ALREADY_EXISTS_IN_ANOTHER_ACCOUNT:0
95725;17029007;Спорт и отдых / Надувная мебель / Кресло надувное;Кресло надувное;другая ошибка;SPU_ALREADY_EXISTS_IN_ANOTHER_ACCOUNT:0
95727;17029007;Спорт и отдых / Надувная мебель / Кровать надувная;Кровать надувная;другая ошибка;DESCRIPTION_DECLINE:22507
95724;17029007;Спорт и отдых / Надувная мебель / Диван надувной;Диван надувной;другая ошибка;SPU_ALREADY_EXISTS_IN_ANOTHER_ACCOUNT:0
971198231;17029007;Спорт и отдых / Надувная мебель / Клапан для надувного матраса;Клапан для надувного матраса;другая ошибка;SPU_ALREADY_EXISTS_IN_ANOTHER_ACCOUNT:0
95330;17029009;Спорт и отдых / Маски и очки / Очки для плавания;Очки для плавания;другая ошибка;SPU_ALREADY_EXISTS_IN_ANOTHER_ACCOUNT:0
971219832;87122370;Спорт и отдых / Металлоискатели и аксессуары / Ковры дражные;Ковры дражные;другая ошибка;DESCRIPTION_DECLINE:22507
970687555;87122370;Спорт и отдых / Металлоискатели и аксессуары / Пинпоинтер;Пинпоинтер;другая ошибка;SPU_ALREADY_EXISTS_IN_ANOTHER_ACCOUNT:0
970966336;87122370;Спорт и отдых / Металлоискатели и аксессуары / Аксессуары для металлоискателя;Аксессуары для металлоискателя;другая ошибка;SPU_ALREADY_EXISTS_IN_ANOTHER_ACCOUNT:0
971081423;87122370;Спорт и отдых / Металлоискатели и аксессуары / Арочный металлодетектор;Арочный металлодетектор;другая ошибка;SPU_ALREADY_EXISTS_IN_ANOTHER_ACCOUNT:0
95081;17029002;Спорт и отдых / Коврики и маты / Спортивное напольное покрытие;Спортивное напольное покрытие;не создано;
95080;17029002;Спорт и отдых / Коврики и маты / Мат спортивный;Мат спортивный;не создано;
95079;17029002;Спорт и отдых / Коврики и маты / Сидушка туристическая;Сидушка туристическая;фото отклонено;DESCRIPTION_DECLINE:4194
95076;17029002;Спорт и отдых / Коврики и маты / Коврик туристический;Коврик туристический;фото отклонено;DESCRIPTION_DECLINE:4194
972256879;200000563;Спорт и отдых / Летательные аппараты и экстремальные виды спорта / Запчасти авиационные;Запчасти авиационные;не создано;
972140390;200000563;Спорт и отдых / Летательные аппараты и экстремальные виды спорта / Летательный аппарат;Летательный аппарат;не создано;
971116281;200000563;Спорт и отдых / Летательные аппараты и экстремальные виды спорта / Камера основного парашюта;Камера основного парашюта;фото отклонено;DESCRIPTION_DECLINE:4194
971116268;200000563;Спорт и отдых / Летательные аппараты и экстремальные виды спорта / Аксессуары для парашютного спорта;Аксессуары для парашютного спорта;фото отклонено;DESCRIPTION_DECLINE:4194
972140463;200000563;Спорт и отдых / Летательные аппараты и экстремальные виды спорта / Дельтаплан;Дельтаплан;другая ошибка;DESCRIPTION_DECLINE:22507
970579920;17028695;Спорт и отдых / Велосипед / Аккумулятор для электровелосипеда;Аккумулятор для электровелосипеда;другая ошибка;SPU_ALREADY_EXISTS_IN_ANOTHER_ACCOUNT:0
94333;17028695;Спорт и отдых / Велосипед / Электровелосипед;Электровелосипед;другая ошибка;SPU_ALREADY_EXISTS_IN_ANOTHER_ACCOUNT:0
94328;17028695;Спорт и отдых / Велосипед / Веломобиль;Веломобиль;другая ошибка;SPU_ALREADY_EXISTS_IN_ANOTHER_ACCOUNT:0
98396;17028695;Спорт и отдых / Велосипед / Велосипед;Велосипед;другая ошибка;SPU_ALREADY_EXISTS_IN_ANOTHER_ACCOUNT:0
115950834;77119630;Спорт и отдых / Спортивные чехлы и сумки / Мешок спортивный;Мешок спортивный;фото отклонено;DESCRIPTION_DECLINE:4194
98177;77119630;Спорт и отдых / Спортивные чехлы и сумки / Чехол для шлема;Чехол для шлема;другая ошибка;SPU_ALREADY_EXISTS_IN_ANOTHER_ACCOUNT:0
97995;77119630;Спорт и отдых / Спортивные чехлы и сумки / Хоккейный баул;Хоккейный баул;другая ошибка;SPU_ALREADY_EXISTS_IN_ANOTHER_ACCOUNT:0
95510;77119630;Спорт и отдых / Спортивные чехлы и сумки / Ящик рыболова;Ящик рыболова;фото отклонено;DESCRIPTION_DECLINE:4194
970737904;77119630;Спорт и отдых / Спортивные чехлы и сумки / Ягдташ;Ягдташ;другая ошибка;SPU_ALREADY_EXISTS_IN_ANOTHER_ACCOUNT:0
91376;77119630;Спорт и отдых / Спортивные чехлы и сумки / Чехол для рюкзака;Чехол для рюкзака;фото отклонено;DESCRIPTION_DECLINE:4194
97973;77119630;Спорт и отдых / Спортивные чехлы и сумки / Стяжка для рюкзака;Стяжка для рюкзака;фото отклонено;DESCRIPTION_DECLINE:4194
98018;77119630;Спорт и отдых / Спортивные чехлы и сумки / Вкладыш в рюкзак;Вкладыш в рюкзак;другая ошибка;SPU_ALREADY_EXISTS_IN_ANOTHER_ACCOUNT:0
970872108;77119630;Спорт и отдых / Спортивные чехлы и сумки / Чехол для бинокля;Чехол для бинокля;фото отклонено;DESCRIPTION_DECLINE:4194
91368;77119630;Спорт и отдых / Спортивные чехлы и сумки / Чехол для коньков;Чехол для коньков;фото отклонено;DESCRIPTION_DECLINE:4194
971102362;77119630;Спорт и отдых / Спортивные чехлы и сумки / Кейс оружейный;Кейс оружейный;другая ошибка;SPU_ALREADY_EXISTS_IN_ANOTHER_ACCOUNT:0
98157;77119630;Спорт и отдых / Спортивные чехлы и сумки / Ведро туристическое;Ведро туристическое;другая ошибка;SPU_ALREADY_EXISTS_IN_ANOTHER_ACCOUNT:0
91316;77119630;Спорт и отдых / Спортивные чехлы и сумки / Емкость для прикормки;Емкость для прикормки;другая ошибка;SPU_ALREADY_EXISTS_IN_ANOTHER_ACCOUNT:0
970683155;77119630;Спорт и отдых / Спортивные чехлы и сумки / Чехол для хранения самоката;Чехол для хранения самоката;другая ошибка;SPU_ALREADY_EXISTS_IN_ANOTHER_ACCOUNT:0
971882371;77119630;Спорт и отдых / Спортивные чехлы и сумки / Аксессуары для рыболовного ящика;Аксессуары для рыболовного ящика;фото отклонено;DESCRIPTION_DECLINE:4194
970673986;17029001;Спорт и отдых / Клюшки / Клюшка для гольфа;Клюшка для гольфа;фото отклонено;DESCRIPTION_DECLINE:4194
970892987;17028698;Спорт и отдых / Туристическая посуда / Держатель с карабином для бутылки;Держатель с карабином для бутылки;другая ошибка;SPU_ALREADY_EXISTS_IN_ANOTHER_ACCOUNT:0
94429;17028698;Спорт и отдых / Туристическая посуда / Миска походная;Миска походная;фото отклонено;DESCRIPTION_DECLINE:4194
94426;17028698;Спорт и отдых / Туристическая посуда / Костровая подставка;Костровая подставка;фото отклонено;"DESCRIPTION_DECLINE:4194;DESCRIPTION_DECLINE:22507"
99450;17028698;Спорт и отдых / Туристическая посуда / Ложка походная;Ложка походная;фото отклонено;DESCRIPTION_DECLINE:4194
94433;17028698;Спорт и отдых / Туристическая посуда / Питьевая система;Питьевая система;другая ошибка;SPU_ALREADY_EXISTS_IN_ANOTHER_ACCOUNT:0
970677581;17028698;Спорт и отдых / Туристическая посуда / Аксессуары для питьевой системы;Аксессуары для питьевой системы;другая ошибка;SPU_ALREADY_EXISTS_IN_ANOTHER_ACCOUNT:0
94434;17028698;Спорт и отдых / Туристическая посуда / Походная посуда и столовые приборы;Походная посуда и столовые приборы;фото отклонено;DESCRIPTION_DECLINE:4194
97943;17028708;Спорт и отдых / Фитнес-браслеты и кардиомониторы / Спортивный датчик;Спортивный датчик;другая ошибка;SPU_ALREADY_EXISTS_IN_ANOTHER_ACCOUNT:0
91866;17028708;Спорт и отдых / Фитнес-браслеты и кардиомониторы / Шагомер;Шагомер;другая ошибка;SPU_ALREADY_EXISTS_IN_ANOTHER_ACCOUNT:0
95972;17028708;Спорт и отдых / Фитнес-браслеты и кардиомониторы / Кардиомонитор;Кардиомонитор;другая ошибка;SPU_ALREADY_EXISTS_IN_ANOTHER_ACCOUNT:0
91764;17028708;Спорт и отдых / Фитнес-браслеты и кардиомониторы / Спортивный таймер;Спортивный таймер;другая ошибка;SPU_ALREADY_EXISTS_IN_ANOTHER_ACCOUNT:0
970829684;17028708;Спорт и отдых / Фитнес-браслеты и кардиомониторы / Датчик каденса;Датчик каденса;другая ошибка;SPU_ALREADY_EXISTS_IN_ANOTHER_ACCOUNT:0
96468;17028998;Спорт и отдых / Зажигалки, огнива и грелки для рук / Топливо для зажигалки;Топливо для зажигалки;другая ошибка;DESCRIPTION_DECLINE:8229
970855216;17028998;Спорт и отдых / Зажигалки, огнива и грелки для рук / Топливо для керосиновых ламп;Топливо для керосиновых ламп;другая ошибка;DESCRIPTION_DECLINE:8229
93535;17028998;Спорт и отдых / Зажигалки, огнива и грелки для рук / Баллон с газом туристический;Баллон с газом туристический;другая ошибка;
96896;17028998;Спорт и отдых / Зажигалки, огнива и грелки для рук / Аксессуары для зажигалки;Аксессуары для зажигалки;другая ошибка;"BR_hazard_class1:9782;FB_fire_hazardous_goods:22508"
970664977;75163484;Спорт и отдых / Цирковой реквизит / Бинбег;Бинбег;другая ошибка;SPU_ALREADY_EXISTS_IN_ANOTHER_ACCOUNT:0
970665315;75163484;Спорт и отдых / Цирковой реквизит / Инвентарь для жонглирования;Инвентарь для жонглирования;фото отклонено;DESCRIPTION_DECLINE:4194
971895002;75163484;Спорт и отдых / Цирковой реквизит / Воздушное полотно;Воздушное полотно;другая ошибка;DESCRIPTION_DECLINE:22507
970665374;75163484;Спорт и отдых / Цирковой реквизит / Пои;Пои;другая ошибка;DESCRIPTION_DECLINE:22507
970661630;75163484;Спорт и отдых / Цирковой реквизит / Цирковой уницикл;Цирковой уницикл;другая ошибка;SPU_ALREADY_EXISTS_IN_ANOTHER_ACCOUNT:0
971304478;75163484;Спорт и отдых / Цирковой реквизит / Кольцо для воздушной гимнастики;Кольцо для воздушной гимнастики;другая ошибка;SPU_ALREADY_EXISTS_IN_ANOTHER_ACCOUNT:0
970665558;75163484;Спорт и отдых / Цирковой реквизит / Аксессуары для циркового шоу;Аксессуары для циркового шоу;фото отклонено;DESCRIPTION_DECLINE:4194
971326756;75163484;Спорт и отдых / Цирковой реквизит / Батон для мажоретки;Батон для мажоретки;другая ошибка;SPU_ALREADY_EXISTS_IN_ANOTHER_ACCOUNT:0
970665376;75163484;Спорт и отдых / Цирковой реквизит / Диаболо;Диаболо;другая ошибка;SPU_ALREADY_EXISTS_IN_ANOTHER_ACCOUNT:0
971220179;17029003;Спорт и отдых / Лодки и лодочные моторы / Модуль плавучести;Модуль плавучести;другая ошибка;DESCRIPTION_DECLINE:22507
94373;17029003;Спорт и отдых / Лодки и лодочные моторы / Лодка;Лодка;не создано;
970628340;17029003;Спорт и отдых / Лодки и лодочные моторы / Фальшфейеры, ракеты;Фальшфейеры, ракеты;другая ошибка;FB_Patrony:22508
96914;17029003;Спорт и отдых / Лодки и лодочные моторы / Ремонтный комплект;Ремонтный комплект;не создано;
970981081;17029003;Спорт и отдых / Лодки и лодочные моторы / Яхта парусная;Яхта парусная;другая ошибка;INCORRECT_DIMENSION:0
971322244;17029003;Спорт и отдых / Лодки и лодочные моторы / Катер;Катер;не создано;
971413694;17029003;Спорт и отдых / Лодки и лодочные моторы / Понтон;Понтон;не создано;
972078074;17029003;Спорт и отдых / Лодки и лодочные моторы / Яхта моторная;Яхта моторная;не создано;
970801253;17029003;Спорт и отдых / Лодки и лодочные моторы / Штурвал;Штурвал;не создано;
971364401;17029003;Спорт и отдых / Лодки и лодочные моторы / Фартук, юбка для байдарки и каяка;Фартук, юбка для байдарки и каяка;не создано;
970861825;17029003;Спорт и отдых / Лодки и лодочные моторы / Аксессуары для судов;Аксессуары для судов;не создано;
94372;17029003;Спорт и отдых / Лодки и лодочные моторы / Набор для ремонта лодок;Набор для ремонта лодок;не создано;
92976;17029012;Спорт и отдых / Электротранспорт / Сигвей;Сигвей;другая ошибка;SPU_ALREADY_EXISTS_IN_ANOTHER_ACCOUNT:0
971416340;200001038;Спорт и отдых / Керлинг / Аксессуары для керлинга;Аксессуары для керлинга;другая ошибка;INCORRECT_DIMENSION:0
970915360;92121881;Спорт и отдых / Спортивные игровые столы / Хоккей турнирный;Хоккей турнирный;фото отклонено;"DESCRIPTION_DECLINE:4194;DESCRIPTION_DECLINE:22507"
95680;92121881;Спорт и отдых / Спортивные игровые столы / Игровой стол;Игровой стол;фото отклонено;DESCRIPTION_DECLINE:4194
970941851;76893319;Спорт и отдых / Аксессуары для танцев / Аксессуары для танцев;Аксессуары для танцев;фото отклонено;DESCRIPTION_DECLINE:4194
94294;17028710;Спорт и отдых / Фонари и аксессуары / Лайтстик;Лайтстик;другая ошибка;SPU_ALREADY_EXISTS_IN_ANOTHER_ACCOUNT:0
970974447;17028710;Спорт и отдых / Фонари и аксессуары / Проблесковый маячок для дайвинга;Проблесковый маячок для дайвинга;фото отклонено;DESCRIPTION_DECLINE:4194
115949783;17028710;Спорт и отдых / Фонари и аксессуары / Зарядное устройство для фонаря;Зарядное устройство для фонаря;другая ошибка;SPU_ALREADY_EXISTS_IN_ANOTHER_ACCOUNT:0
971114694;17028706;Спорт и отдых / Тренажеры / Трос для тренажеров;Трос для тренажеров;другая ошибка;SPU_ALREADY_EXISTS_IN_ANOTHER_ACCOUNT:0
94275;17028706;Спорт и отдых / Тренажеры / Эллиптический тренажер;Эллиптический тренажер;другая ошибка;SPU_ALREADY_EXISTS_IN_ANOTHER_ACCOUNT:0
94241;17028706;Спорт и отдых / Тренажеры / Беговая дорожка;Беговая дорожка;другая ошибка;SPU_ALREADY_EXISTS_IN_ANOTHER_ACCOUNT:0
971310087;17028706;Спорт и отдых / Тренажеры / Паркур-парк;Паркур-парк;другая ошибка;INCORRECT_DIMENSION:0
99529;17028706;Спорт и отдых / Тренажеры / Тренажер для развития реакции;Тренажер для развития реакции;другая ошибка;SPU_ALREADY_EXISTS_IN_ANOTHER_ACCOUNT:0
970948318;17028706;Спорт и отдых / Тренажеры / Гимнастическое бревно;Гимнастическое бревно;другая ошибка;INCORRECT_DIMENSION:0
94253;17028706;Спорт и отдых / Тренажеры / Инверсионный стол;Инверсионный стол;другая ошибка;ML_INCORRECT_VOLUME_WEIGHT:0
94264;17028706;Спорт и отдых / Тренажеры / Силовая скамья;Силовая скамья;другая ошибка;ML_INCORRECT_VOLUME_WEIGHT:0
971103792;17028706;Спорт и отдых / Тренажеры / Мультистанция;Мультистанция;другая ошибка;ML_INCORRECT_VOLUME_WEIGHT:0
970617425;17028706;Спорт и отдых / Тренажеры / Аксессуары для тренажеров;Аксессуары для тренажеров;другая ошибка;SPU_ALREADY_EXISTS_IN_ANOTHER_ACCOUNT:0
970952419;17028706;Спорт и отдых / Тренажеры / Парта для скамьи;Парта для скамьи;другая ошибка;ML_INCORRECT_VOLUME_WEIGHT:0
971076501;17028706;Спорт и отдых / Тренажеры / Кинезио-тренажер;Кинезио-тренажер;другая ошибка;SPU_ALREADY_EXISTS_IN_ANOTHER_ACCOUNT:0
971310089;17028706;Спорт и отдых / Тренажеры / Памп-трек;Памп-трек;другая ошибка;SPU_ALREADY_EXISTS_IN_ANOTHER_ACCOUNT:0
971103789;17028706;Спорт и отдых / Тренажеры / Тренажер со свободными весами;Тренажер со свободными весами;другая ошибка;SPU_ALREADY_EXISTS_IN_ANOTHER_ACCOUNT:0
971110215;17028706;Спорт и отдых / Тренажеры / Крюки для турника;Крюки для турника;другая ошибка;SPU_ALREADY_EXISTS_IN_ANOTHER_ACCOUNT:0
971103794;17028706;Спорт и отдых / Тренажеры / Тренажер-кроссовер;Тренажер-кроссовер;другая ошибка;SPU_ALREADY_EXISTS_IN_ANOTHER_ACCOUNT:0
970865533;17028706;Спорт и отдых / Тренажеры / Тренажер для шеи;Тренажер для шеи;другая ошибка;SPU_ALREADY_EXISTS_IN_ANOTHER_ACCOUNT:0
94248;17028706;Спорт и отдых / Тренажеры / Гиперэкстензия;Гиперэкстензия;другая ошибка;ML_INCORRECT_VOLUME_WEIGHT:0
94260;17028706;Спорт и отдых / Тренажеры / Навес для штанги;Навес для штанги;другая ошибка;SPU_ALREADY_EXISTS_IN_ANOTHER_ACCOUNT:0
970949105;17028706;Спорт и отдых / Тренажеры / Конь гимнастический;Конь гимнастический;другая ошибка;SPU_ALREADY_EXISTS_IN_ANOTHER_ACCOUNT:0
94251;17028706;Спорт и отдых / Тренажеры / Диск здоровья;Диск здоровья;фото отклонено;DESCRIPTION_DECLINE:4194
971103801;17028706;Спорт и отдых / Тренажеры / Гриф для тяги;Гриф для тяги;другая ошибка;SPU_ALREADY_EXISTS_IN_ANOTHER_ACCOUNT:0
971310086;17028706;Спорт и отдых / Тренажеры / Спортивная площадка для улицы;Спортивная площадка для улицы;другая ошибка;SPU_ALREADY_EXISTS_IN_ANOTHER_ACCOUNT:0
971109715;17028706;Спорт и отдых / Тренажеры / Стол для армрестлинга;Стол для армрестлинга;другая ошибка;ML_INCORRECT_VOLUME_WEIGHT:0
971103791;17028706;Спорт и отдых / Тренажеры / Силовая рама;Силовая рама;другая ошибка;SPU_ALREADY_EXISTS_IN_ANOTHER_ACCOUNT:0
970892898;17028706;Спорт и отдых / Тренажеры / Тренажер для спины;Тренажер для спины;другая ошибка;SPU_ALREADY_EXISTS_IN_ANOTHER_ACCOUNT:0
971322258;17028706;Спорт и отдых / Тренажеры / Аэробайк;Аэробайк;другая ошибка;SPU_ALREADY_EXISTS_IN_ANOTHER_ACCOUNT:0
971154561;17028706;Спорт и отдых / Тренажеры / Тренировочная станция;Тренировочная станция;другая ошибка;ML_INCORRECT_VOLUME_WEIGHT:0
971310088;17028706;Спорт и отдых / Тренажеры / Скейт-парк;Скейт-парк;другая ошибка;INCORRECT_DIMENSION:0
971301594;17028706;Спорт и отдых / Тренажеры / Крепежный элемент для тренажера;Крепежный элемент для тренажера;другая ошибка;SPU_ALREADY_EXISTS_IN_ANOTHER_ACCOUNT:0
971289258;17028706;Спорт и отдых / Тренажеры / Мини-велотренажер;Мини-велотренажер;другая ошибка;SPU_ALREADY_EXISTS_IN_ANOTHER_ACCOUNT:0
94244;17028706;Спорт и отдых / Тренажеры / Велоэргометр;Велоэргометр;другая ошибка;SPU_ALREADY_EXISTS_IN_ANOTHER_ACCOUNT:0
95931;17028706;Спорт и отдых / Тренажеры / Упор для отжиманий;Упор для отжиманий;другая ошибка;SPU_ALREADY_EXISTS_IN_ANOTHER_ACCOUNT:0
971115472;17028706;Спорт и отдых / Тренажеры / Тренажер растяжки;Тренажер растяжки;другая ошибка;SPU_ALREADY_EXISTS_IN_ANOTHER_ACCOUNT:0
970856537;17028706;Спорт и отдых / Тренажеры / Интерактивный спортивный тренажер;Интерактивный спортивный тренажер;другая ошибка;SPU_ALREADY_EXISTS_IN_ANOTHER_ACCOUNT:0
971217784;17028706;Спорт и отдых / Тренажеры / Грузоблочный тренажер;Грузоблочный тренажер;другая ошибка;SPU_ALREADY_EXISTS_IN_ANOTHER_ACCOUNT:0
971310085;17028706;Спорт и отдых / Тренажеры / Площадка ГТО;Площадка ГТО;другая ошибка;SPU_ALREADY_EXISTS_IN_ANOTHER_ACCOUNT:0
971103787;17028706;Спорт и отдых / Тренажеры / Тренажер со встроенным весом;Тренажер со встроенным весом;другая ошибка;SPU_ALREADY_EXISTS_IN_ANOTHER_ACCOUNT:0
93630;17028706;Спорт и отдых / Тренажеры / Кор-доска;Кор-доска;другая ошибка;SPU_ALREADY_EXISTS_IN_ANOTHER_ACCOUNT:0
971138918;17028706;Спорт и отдых / Тренажеры / Валик для тренажера;Валик для тренажера;другая ошибка;SPU_ALREADY_EXISTS_IN_ANOTHER_ACCOUNT:0
97154;17028706;Спорт и отдых / Тренажеры / Гимнастические кольца;Гимнастические кольца;фото отклонено;DESCRIPTION_DECLINE:4194
970888909;17028706;Спорт и отдых / Тренажеры / Козел гимнастический;Козел гимнастический;другая ошибка;INCORRECT_DIMENSION:0
971073595;17028706;Спорт и отдых / Тренажеры / Стойка силовая;Стойка силовая;другая ошибка;ML_INCORRECT_VOLUME_WEIGHT:0
94243;17028706;Спорт и отдых / Тренажеры / Велотренажер;Велотренажер;другая ошибка;SPU_ALREADY_EXISTS_IN_ANOTHER_ACCOUNT:0
971907004;17028706;Спорт и отдых / Тренажеры / Уличный тренажер;Уличный тренажер;другая ошибка;SPU_ALREADY_EXISTS_IN_ANOTHER_ACCOUNT:0
94247;17028706;Спорт и отдых / Тренажеры / Гимнастическая скамья;Гимнастическая скамья;другая ошибка;ML_INCORRECT_VOLUME_WEIGHT:0
971291623;17028706;Спорт и отдых / Тренажеры / Шкив для тренажера;Шкив для тренажера;другая ошибка;SPU_ALREADY_EXISTS_IN_ANOTHER_ACCOUNT:0
971103807;17028706;Спорт и отдых / Тренажеры / Тяговый модуль;Тяговый модуль;другая ошибка;DESCRIPTION_DECLINE:22507
93577;17028699;Спорт и отдых / Ракетки / Виброгаситель;Виброгаситель;другая ошибка;SPU_ALREADY_EXISTS_IN_ANOTHER_ACCOUNT:0
970658589;17028699;Спорт и отдых / Ракетки / Ракетка для сквоша;Ракетка для сквоша;другая ошибка;SPU_ALREADY_EXISTS_IN_ANOTHER_ACCOUNT:0
970976212;17029008;Спорт и отдых / Ножи, топоры, лопаты / Швейцарская карта;Швейцарская карта;фото отклонено;DESCRIPTION_DECLINE:4194
94455;17029008;Спорт и отдых / Ножи, топоры, лопаты / Мачете;Мачете;другая ошибка;error_card_with_deleted_photos:0
98077;17029008;Спорт и отдых / Ножи, топоры, лопаты / Керамбит;Керамбит;другая ошибка;error_card_with_deleted_photos:0
94459;17029008;Спорт и отдых / Ножи, топоры, лопаты / Пила туристическая;Пила туристическая;фото отклонено;DESCRIPTION_DECLINE:4194
273079767;17028693;Спорт и отдых / Товары для велоспорта / Держатель на руль велосипеда;Держатель на руль велосипеда;другая ошибка;SPU_ALREADY_EXISTS_IN_ANOTHER_ACCOUNT:0
96214;17028693;Спорт и отдых / Товары для велоспорта / Звонок велосипедный;Звонок велосипедный;другая ошибка;SPU_ALREADY_EXISTS_IN_ANOTHER_ACCOUNT:0
971013188;17028693;Спорт и отдых / Товары для велоспорта / Контроллер для электровелосипеда;Контроллер для электровелосипеда;другая ошибка;SPU_ALREADY_EXISTS_IN_ANOTHER_ACCOUNT:0
971289080;17028693;Спорт и отдых / Товары для велоспорта / Трос переключения скоростей;Трос переключения скоростей;другая ошибка;SPU_ALREADY_EXISTS_IN_ANOTHER_ACCOUNT:0
970662769;17028693;Спорт и отдых / Товары для велоспорта / Ротор;Ротор;другая ошибка;SPU_ALREADY_EXISTS_IN_ANOTHER_ACCOUNT:0
97919;17028693;Спорт и отдых / Товары для велоспорта / Трос с оплеткой;Трос с оплеткой;другая ошибка;SPU_ALREADY_EXISTS_IN_ANOTHER_ACCOUNT:0
970672913;17028693;Спорт и отдых / Товары для велоспорта / Стойка для велосипеда;Стойка для велосипеда;другая ошибка;SPU_ALREADY_EXISTS_IN_ANOTHER_ACCOUNT:0
115947713;17028693;Спорт и отдых / Товары для велоспорта / Грипсы для велосипеда;Грипсы для велосипеда;другая ошибка;SPU_ALREADY_EXISTS_IN_ANOTHER_ACCOUNT:0
97902;17028693;Спорт и отдых / Товары для велоспорта / Пеги для велосипеда;Пеги для велосипеда;другая ошибка;SPU_ALREADY_EXISTS_IN_ANOTHER_ACCOUNT:0
96198;17028693;Спорт и отдых / Товары для велоспорта / Багажник на велосипед;Багажник на велосипед;другая ошибка;SPU_ALREADY_EXISTS_IN_ANOTHER_ACCOUNT:0
96223;17028693;Спорт и отдых / Товары для велоспорта / Монтажка;Монтажка;другая ошибка;SPU_ALREADY_EXISTS_IN_ANOTHER_ACCOUNT:0
971067228;17028693;Спорт и отдых / Товары для велоспорта / Аксессуары, запчасти для велосипеда;Аксессуары, запчасти для велосипеда;фото отклонено;DESCRIPTION_DECLINE:4194
115947740;17028693;Спорт и отдых / Товары для велоспорта / Подножка для велосипеда;Подножка для велосипеда;другая ошибка;SPU_ALREADY_EXISTS_IN_ANOTHER_ACCOUNT:0
96217;17028693;Спорт и отдых / Товары для велоспорта / Колесо для велосипеда;Колесо для велосипеда;другая ошибка;SPU_ALREADY_EXISTS_IN_ANOTHER_ACCOUNT:0
96878;17028693;Спорт и отдых / Товары для велоспорта / Цепи для велосипеда;Цепи для велосипеда;другая ошибка;SPU_ALREADY_EXISTS_IN_ANOTHER_ACCOUNT:0
98356;17028693;Спорт и отдых / Товары для велоспорта / Вилка для велосипеда;Вилка для велосипеда;другая ошибка;SPU_ALREADY_EXISTS_IN_ANOTHER_ACCOUNT:0
971410718;17028693;Спорт и отдых / Товары для велоспорта / Противоугонное крепление для велосипеда;Противоугонное крепление для велосипеда;другая ошибка;SPU_ALREADY_EXISTS_IN_ANOTHER_ACCOUNT:0
970662768;17028693;Спорт и отдых / Товары для велоспорта / Адаптер для велосипеда;Адаптер для велосипеда;другая ошибка;SPU_ALREADY_EXISTS_IN_ANOTHER_ACCOUNT:0
97063;17028693;Спорт и отдых / Товары для велоспорта / Втулка для велосипеда;Втулка для велосипеда;другая ошибка;SPU_ALREADY_EXISTS_IN_ANOTHER_ACCOUNT:0
970662798;17028693;Спорт и отдых / Товары для велоспорта / Рама для велосипеда;Рама для велосипеда;другая ошибка;SPU_ALREADY_EXISTS_IN_ANOTHER_ACCOUNT:0
96211;17028693;Спорт и отдых / Товары для велоспорта / Переключатель скоростей для велосипеда;Переключатель скоростей для велосипеда;другая ошибка;SPU_ALREADY_EXISTS_IN_ANOTHER_ACCOUNT:0
970663028;17028693;Спорт и отдых / Товары для велоспорта / Динамометрический ключ для велосипеда;Динамометрический ключ для велосипеда;фото отклонено;DESCRIPTION_DECLINE:4194
97906;17028693;Спорт и отдых / Товары для велоспорта / Эксцентрик для велосипеда;Эксцентрик для велосипеда;другая ошибка;SPU_ALREADY_EXISTS_IN_ANOTHER_ACCOUNT:0
96888;17028693;Спорт и отдых / Товары для велоспорта / Щетка для велосипеда;Щетка для велосипеда;фото отклонено;DESCRIPTION_DECLINE:4194
97911;17028693;Спорт и отдых / Товары для велоспорта / Шифтер;Шифтер;другая ошибка;SPU_ALREADY_EXISTS_IN_ANOTHER_ACCOUNT:0
970886629;17028693;Спорт и отдых / Товары для велоспорта / Сигнализация для велосипеда;Сигнализация для велосипеда;другая ошибка;SPU_ALREADY_EXISTS_IN_ANOTHER_ACCOUNT:0
96889;17028693;Спорт и отдых / Товары для велоспорта / Руль для велосипеда;Руль для велосипеда;другая ошибка;SPU_ALREADY_EXISTS_IN_ANOTHER_ACCOUNT:0
97065;17028693;Спорт и отдых / Товары для велоспорта / Кассета для велосипеда;Кассета для велосипеда;другая ошибка;SPU_ALREADY_EXISTS_IN_ANOTHER_ACCOUNT:0
970662797;17028693;Спорт и отдых / Товары для велоспорта / Проставочное кольцо;Проставочное кольцо;другая ошибка;DESCRIPTION_DECLINE:22507
970664758;17028693;Спорт и отдых / Товары для велоспорта / Тренажер для велосипеда;Тренажер для велосипеда;другая ошибка;SPU_ALREADY_EXISTS_IN_ANOTHER_ACCOUNT:0
95498;17028693;Спорт и отдых / Товары для велоспорта / Система хранения велосипеда;Система хранения велосипеда;другая ошибка;SPU_ALREADY_EXISTS_IN_ANOTHER_ACCOUNT:0
97918;17028693;Спорт и отдых / Товары для велоспорта / Оплетка переключения;Оплетка переключения;фото отклонено;DESCRIPTION_DECLINE:4194
970967804;17028693;Спорт и отдых / Товары для велоспорта / Удлинитель руля велосипеда;Удлинитель руля велосипеда;другая ошибка;SPU_ALREADY_EXISTS_IN_ANOTHER_ACCOUNT:0
97920;17028693;Спорт и отдых / Товары для велоспорта / Концевик троса;Концевик троса;другая ошибка;SPU_ALREADY_EXISTS_IN_ANOTHER_ACCOUNT:0
970662734;17028693;Спорт и отдых / Товары для велоспорта / Звезда для велосипеда;Звезда для велосипеда;другая ошибка;SPU_ALREADY_EXISTS_IN_ANOTHER_ACCOUNT:0
96240;17028693;Спорт и отдых / Товары для велоспорта / Седло для велосипеда;Седло для велосипеда;другая ошибка;SPU_ALREADY_EXISTS_IN_ANOTHER_ACCOUNT:0
970662795;17028693;Спорт и отдых / Товары для велоспорта / Рулевая колонка для велосипеда;Рулевая колонка для велосипеда;фото отклонено;DESCRIPTION_DECLINE:4194
971011867;17028693;Спорт и отдых / Товары для велоспорта / Дисплей для электровелосипеда;Дисплей для электровелосипеда;другая ошибка;SPU_ALREADY_EXISTS_IN_ANOTHER_ACCOUNT:0
971306223;17028693;Спорт и отдых / Товары для велоспорта / Брызговики для велосипеда;Брызговики для велосипеда;другая ошибка;SPU_ALREADY_EXISTS_IN_ANOTHER_ACCOUNT:0
971277557;17028693;Спорт и отдых / Товары для велоспорта / Гараж для велосипеда;Гараж для велосипеда;другая ошибка;SPU_ALREADY_EXISTS_IN_ANOTHER_ACCOUNT:0
970782244;17028693;Спорт и отдых / Товары для велоспорта / Ветровое стекло для велокресла;Ветровое стекло для велокресла;другая ошибка;SPU_ALREADY_EXISTS_IN_ANOTHER_ACCOUNT:0
93522;17029010;Спорт и отдых / Палатки, тенты, шатры и спальные мешки / Ремонтный набор для палаток;Ремонтный набор для палаток;фото отклонено;DESCRIPTION_DECLINE:4194
93526;17029010;Спорт и отдых / Палатки, тенты, шатры и спальные мешки / Шатер туристический;Шатер туристический;другая ошибка;SPU_ALREADY_EXISTS_IN_ANOTHER_ACCOUNT:0
93529;17029010;Спорт и отдых / Палатки, тенты, шатры и спальные мешки / Спальный мешок;Спальный мешок;другая ошибка;SPU_ALREADY_EXISTS_IN_ANOTHER_ACCOUNT:0
970669867;17029010;Спорт и отдых / Палатки, тенты, шатры и спальные мешки / Маркиза для авто;Маркиза для авто;другая ошибка;SPU_ALREADY_EXISTS_IN_ANOTHER_ACCOUNT:0
970805528;17029010;Спорт и отдых / Палатки, тенты, шатры и спальные мешки / Аксессуары для палатки;Аксессуары для палатки;другая ошибка;SPU_ALREADY_EXISTS_IN_ANOTHER_ACCOUNT:0
93516;17029010;Спорт и отдых / Палатки, тенты, шатры и спальные мешки / Набор колышков для палатки;Набор колышков для палатки;фото отклонено;DESCRIPTION_DECLINE:4194
98132;100523676;Спорт и отдых / Товары для ухода за оружием / Средство для ухода за оружием;Средство для ухода за оружием;другая ошибка;SPU_ALREADY_EXISTS_IN_ANOTHER_ACCOUNT:0
98037;17028996;Спорт и отдых / Горелки, лампы и походные печи / Удлинитель для газовых ламп;Удлинитель для газовых ламп;фото отклонено;DESCRIPTION_DECLINE:4194
971474319;17028996;Спорт и отдых / Горелки, лампы и походные печи / Система приготовления пищи;Система приготовления пищи;фото отклонено;DESCRIPTION_DECLINE:4194
970976276;17028996;Спорт и отдых / Горелки, лампы и походные печи / Индикатор уровня газа;Индикатор уровня газа;другая ошибка;SPU_ALREADY_EXISTS_IN_ANOTHER_ACCOUNT:0
971216148;17028996;Спорт и отдых / Горелки, лампы и походные печи / Дверь для походной печи;Дверь для походной печи;другая ошибка;error_card_with_deleted_photos:0
93532;17028996;Спорт и отдых / Горелки, лампы и походные печи / Ветрозащитный экран;Ветрозащитный экран;другая ошибка;DESCRIPTION_DECLINE:22507
93542;17028996;Спорт и отдых / Горелки, лампы и походные печи / Принадлежность для горелки;Принадлежность для горелки;фото отклонено;DESCRIPTION_DECLINE:4194
970807900;17028996;Спорт и отдых / Горелки, лампы и походные печи / Туристический теплообменник;Туристический теплообменник;другая ошибка;SPU_ALREADY_EXISTS_IN_ANOTHER_ACCOUNT:0
970666976;17028997;Спорт и отдых / Боксерские груши и мешки / Макивара;Макивара;другая ошибка;SPU_ALREADY_EXISTS_IN_ANOTHER_ACCOUNT:0
970993454;17027953;Продукты питания / Детское питание / Чай для детей;Чай для детей;не создано;
96578;17027953;Продукты питания / Детское питание / Молоко;Молоко;не создано;
970984972;17027953;Продукты питания / Детское питание / Напиток для кормящих матерей;Напиток для кормящих матерей;не создано;
96579;17027953;Продукты питания / Детское питание / Молочный коктейль;Молочный коктейль;не создано;
94686;17027953;Продукты питания / Детское питание / Вода;Вода;не создано;
96771;17027953;Продукты питания / Детское питание / Молочная смесь;Молочная смесь;не создано;
96854;17027953;Продукты питания / Детское питание / Десерт детский;Десерт детский;не создано;
96033;17027953;Продукты питания / Детское питание / Макароны;Макароны;не создано;
96790;17027953;Продукты питания / Детское питание / Батончик;Батончик;не создано;
96856;17027953;Продукты питания / Детское питание / Пюре;Пюре;не создано;
99151;17027953;Продукты питания / Детское питание / Растительное масло;Растительное масло;не создано;
97061;17027953;Продукты питания / Детское питание / Хлебцы;Хлебцы;не создано;
96855;17027953;Продукты питания / Детское питание / Каша;Каша;не создано;
96779;17027953;Продукты питания / Детское питание / Кисель;Кисель;не создано;
97101;17027953;Продукты питания / Детское питание / Сок;Сок;не создано;
98509;17027953;Продукты питания / Детское питание / Смесь для кормящих матерей;Смесь для кормящих матерей;не создано;
94693;17027953;Продукты питания / Детское питание / Чай в пакетиках;Чай в пакетиках;не создано;
96782;17027953;Продукты питания / Детское питание / Морс;Морс;не создано;
115949371;17027953;Продукты питания / Детское питание / Фрикадельки;Фрикадельки;не создано;
96784;17027953;Продукты питания / Детское питание / Нектар;Нектар;не создано;
96047;17027953;Продукты питания / Детское питание / Печенье;Печенье;не создано;
97608;17027953;Продукты питания / Детское питание / Суп;Суп;не создано;
97100;17027953;Продукты питания / Детское питание / Компот;Компот;не создано;
96156;17028770;Продукты питания / Сухие завтраки, снэки, суперфудс / Сухофрукты;Сухофрукты;другая ошибка;"SPU_ALREADY_EXISTS_IN_ANOTHER_ACCOUNT:0;erased_attribute_value:10350;warning_attribute_values_empty:4383;warning_attribute_values_empty:8787;warning_attribute_values_out_of_range:22232"
970624695;17028770;Продукты питания / Сухие завтраки, снэки, суперфудс / Воздушный рис;Воздушный рис;другая ошибка;DESCRIPTION_DECLINE:22507
98569;17028770;Продукты питания / Сухие завтраки, снэки, суперфудс / Рожь;Рожь;другая ошибка;error_card_with_deleted_photos:0
970667794;17028770;Продукты питания / Сухие завтраки, снэки, суперфудс / Вяленая рыба;Вяленая рыба;другая ошибка;SPU_ALREADY_EXISTS_IN_ANOTHER_ACCOUNT:0
96858;17028770;Продукты питания / Сухие завтраки, снэки, суперфудс / Солод;Солод;другая ошибка;error_card_with_deleted_photos:0
97061;17028770;Продукты питания / Сухие завтраки, снэки, суперфудс / Хлебцы;Хлебцы;другая ошибка;SPU_ALREADY_EXISTS_IN_ANOTHER_ACCOUNT:0
971199053;17028769;Продукты питания / Соль, сахар, специи / Закваска для хлеба;Закваска для хлеба;другая ошибка;error_card_with_deleted_photos:0
970700443;17028769;Продукты питания / Соль, сахар, специи / Глутамат натрия;Глутамат натрия;фото отклонено;DESCRIPTION_DECLINE:4194
970868117;17028769;Продукты питания / Соль, сахар, специи / Стабилизатор брожения;Стабилизатор брожения;другая ошибка;DESCRIPTION_DECLINE:22507
96056;17028769;Продукты питания / Соль, сахар, специи / Дрожжи;Дрожжи;другая ошибка;"SPU_ALREADY_EXISTS_IN_ANOTHER_ACCOUNT:0;erased_attribute_value:10350;warning_attribute_values_empty:4383;warning_attribute_values_empty:8787"
96055;17028769;Продукты питания / Соль, сахар, специи / Декор для выпечки;Декор для выпечки;фото отклонено;DESCRIPTION_DECLINE:4194
115949792;17028766;Продукты питания / Безалкогольное пиво / Безалкогольное пиво;Безалкогольное пиво;другая ошибка;"ML_storage_temperature_out_of_range:10350;VALUE_MIN_LIMIT:8163"
971311214;200001392;Продукты питания / Молочная продукция / Десерт;Десерт;другая ошибка;"SPU_ALREADY_EXISTS_IN_ANOTHER_ACCOUNT:0;erased_attribute_value:10350;warning_attribute_values_empty:7578;warning_attribute_values_empty:8787"
96578;200001392;Продукты питания / Молочная продукция / Молоко;Молоко;другая ошибка;SPU_ALREADY_EXISTS_IN_ANOTHER_ACCOUNT:0
115949791;17027952;Продукты питания / Безалкогольное вино и шампанское / Безалкогольное вино;Безалкогольное вино;другая ошибка;"ML_storage_temperature_out_of_range:10350;VALUE_MIN_LIMIT:8163"
115949793;17027952;Продукты питания / Безалкогольное вино и шампанское / Безалкогольное шампанское;Безалкогольное шампанское;другая ошибка;"ML_storage_temperature_out_of_range:10350;VALUE_MIN_LIMIT:8163"
970850520;17027956;Продукты питания / Макароны, крупы, мука / Рисовая бумага;Рисовая бумага;другая ошибка;DESCRIPTION_DECLINE:22507
971101346;17027956;Продукты питания / Макароны, крупы, мука / Сорго;Сорго;другая ошибка;"FB_plants_from_the_registry:22508;ML_storage_temperature_out_of_range:10350;VALUE_MIN_LIMIT:4383"
99137;17028761;Продукты питания / Масла, соусы, уксус / Масло кокосовое;Масло кокосовое;фото отклонено;DESCRIPTION_DECLINE:4194
971139537;17028761;Продукты питания / Масла, соусы, уксус / Жидкий дым;Жидкий дым;фото отклонено;"DESCRIPTION_DECLINE:4194;DESCRIPTION_DECLINE:22507"
96053;17028761;Продукты питания / Масла, соусы, уксус / Уксус;Уксус;другая ошибка;"ML_storage_temperature_out_of_range:10350;VALUE_MIN_LIMIT:8163"
96054;17028761;Продукты питания / Масла, соусы, уксус / Хрен столовый;Хрен столовый;фото отклонено;DESCRIPTION_DECLINE:4194
97084;17028761;Продукты питания / Масла, соусы, уксус / Лимонный сок;Лимонный сок;другая ошибка;"ML_storage_temperature_out_of_range:10350;VALUE_MIN_LIMIT:8163"
99151;17028761;Продукты питания / Масла, соусы, уксус / Растительное масло;Растительное масло;фото отклонено;DESCRIPTION_DECLINE:4194
96052;17028761;Продукты питания / Масла, соусы, уксус / Соус;Соус;другая ошибка;"SPU_ALREADY_EXISTS_IN_ANOTHER_ACCOUNT:0;erased_attribute_value:10350;warning_attribute_values_empty:8787"
115949302;17028773;Продукты питания / Хлеб и кондитерские изделия / Рулет;Рулет;другая ошибка;"SPU_ALREADY_EXISTS_IN_ANOTHER_ACCOUNT:0;erased_attribute_value:10350;warning_attribute_values_empty:8787"
96041;17028773;Продукты питания / Хлеб и кондитерские изделия / Вафли;Вафли;другая ошибка;SPU_ALREADY_EXISTS_IN_ANOTHER_ACCOUNT:0
97800;17028773;Продукты питания / Хлеб и кондитерские изделия / Хлеб;Хлеб;другая ошибка;"SPU_ALREADY_EXISTS_IN_ANOTHER_ACCOUNT:0;erased_attribute_value:10350;warning_attribute_values_empty:8787"
97813;17028773;Продукты питания / Хлеб и кондитерские изделия / Лаваш;Лаваш;другая ошибка;SPU_ALREADY_EXISTS_IN_ANOTHER_ACCOUNT:0
97850;17028773;Продукты питания / Хлеб и кондитерские изделия / Пончики;Пончики;другая ошибка;"SPU_ALREADY_EXISTS_IN_ANOTHER_ACCOUNT:0;erased_attribute_value:10350;warning_attribute_values_empty:8787"
97809;17028773;Продукты питания / Хлеб и кондитерские изделия / Пирог;Пирог;другая ошибка;"SPU_ALREADY_EXISTS_IN_ANOTHER_ACCOUNT:0;erased_attribute_value:10350;warning_attribute_values_empty:4383;warning_attribute_values_empty:7578;warning_attribute_values_empty:8787"
96048;17028773;Продукты питания / Хлеб и кондитерские изделия / Пряники;Пряники;другая ошибка;SPU_ALREADY_EXISTS_IN_ANOTHER_ACCOUNT:0
97134;17028773;Продукты питания / Хлеб и кондитерские изделия / Круассан;Круассан;другая ошибка;"SPU_ALREADY_EXISTS_IN_ANOTHER_ACCOUNT:0;erased_attribute_value:10350;warning_attribute_values_empty:8787"
97090;17028773;Продукты питания / Хлеб и кондитерские изделия / Безе;Безе;другая ошибка;"SPU_ALREADY_EXISTS_IN_ANOTHER_ACCOUNT:0;erased_attribute_value:10350;warning_attribute_values_empty:4383;warning_attribute_values_empty:7578;warning_attribute_values_empty:8787"
97712;17028773;Продукты питания / Хлеб и кондитерские изделия / Кекс;Кекс;другая ошибка;"SPU_ALREADY_EXISTS_IN_ANOTHER_ACCOUNT:0;erased_attribute_value:10350;warning_attribute_values_empty:8787"
97802;17028773;Продукты питания / Хлеб и кондитерские изделия / Сушки;Сушки;другая ошибка;"SPU_ALREADY_EXISTS_IN_ANOTHER_ACCOUNT:0;erased_attribute_value:10350;warning_attribute_values_empty:8787"
971026976;17028773;Продукты питания / Хлеб и кондитерские изделия / Кокосовая паста;Кокосовая паста;фото отклонено;DESCRIPTION_DECLINE:4194
96047;17028773;Продукты питания / Хлеб и кондитерские изделия / Печенье;Печенье;другая ошибка;"SPU_ALREADY_EXISTS_IN_ANOTHER_ACCOUNT:0;erased_attribute_value:10350;warning_attribute_values_empty:8787"
115949297;17028773;Продукты питания / Хлеб и кондитерские изделия / Торт;Торт;другая ошибка;"SPU_ALREADY_EXISTS_IN_ANOTHER_ACCOUNT:0;erased_attribute_value:10350;warning_attribute_values_empty:4383;warning_attribute_values_empty:7578;warning_attribute_values_empty:8787"
970591369;17028773;Продукты питания / Хлеб и кондитерские изделия / Профитроли;Профитроли;другая ошибка;"SPU_ALREADY_EXISTS_IN_ANOTHER_ACCOUNT:0;erased_attribute_value:10350;warning_attribute_values_empty:8787"
97818;17028773;Продукты питания / Хлеб и кондитерские изделия / Ватрушка;Ватрушка;другая ошибка;DESCRIPTION_DECLINE:22507
97799;17028773;Продукты питания / Хлеб и кондитерские изделия / Баранки;Баранки;другая ошибка;"SPU_ALREADY_EXISTS_IN_ANOTHER_ACCOUNT:0;erased_attribute_value:10350;warning_attribute_values_empty:8787"
98332;17028773;Продукты питания / Хлеб и кондитерские изделия / Кулич;Кулич;другая ошибка;"SPU_ALREADY_EXISTS_IN_ANOTHER_ACCOUNT:0;erased_attribute_value:10350;warning_attribute_values_empty:8787"
97803;17028773;Продукты питания / Хлеб и кондитерские изделия / Сухари;Сухари;другая ошибка;"SPU_ALREADY_EXISTS_IN_ANOTHER_ACCOUNT:0;erased_attribute_value:10350;warning_attribute_values_empty:8787"
970781459;17027954;Продукты питания / Консервация / Закуска;Закуска;другая ошибка;SPU_ALREADY_EXISTS_IN_ANOTHER_ACCOUNT:0
970961108;17027954;Продукты питания / Консервация / Топленый жир;Топленый жир;другая ошибка;"SPU_ALREADY_EXISTS_IN_ANOTHER_ACCOUNT:0;erased_attribute_value:10350;warning_attribute_values_empty:4383;warning_attribute_values_empty:8787;warning_attribute_values_out_of_range:22232"
96476;17027954;Продукты питания / Консервация / Сгущенное молоко;Сгущенное молоко;другая ошибка;"SPU_ALREADY_EXISTS_IN_ANOTHER_ACCOUNT:0;erased_attribute_value:10350;warning_attribute_values_empty:4383;warning_attribute_values_empty:8787"
97086;17027954;Продукты питания / Консервация / Ягоды перетертые;Ягоды перетертые;другая ошибка;"SPU_ALREADY_EXISTS_IN_ANOTHER_ACCOUNT:0;erased_attribute_value:10350;warning_attribute_values_empty:4383;warning_attribute_values_empty:8787"
97871;17027954;Продукты питания / Консервация / Паштет;Паштет;другая ошибка;SPU_ALREADY_EXISTS_IN_ANOTHER_ACCOUNT:0
96785;17028764;Продукты питания / Соки, воды, напитки / Смузи;Смузи;другая ошибка;"SPU_ALREADY_EXISTS_IN_ANOTHER_ACCOUNT:0;VALUE_MIN_LIMIT:8163;erased_attribute_value:10350;warning_attribute_values_empty:8787"
96783;17028764;Продукты питания / Соки, воды, напитки / Напиток сокосодержащий;Напиток сокосодержащий;другая ошибка;"SPU_ALREADY_EXISTS_IN_ANOTHER_ACCOUNT:0;VALUE_MIN_LIMIT:8163;erased_attribute_value:10350;warning_attribute_values_empty:8787"
94686;17028764;Продукты питания / Соки, воды, напитки / Вода;Вода;другая ошибка;"SPU_ALREADY_EXISTS_IN_ANOTHER_ACCOUNT:0;VALUE_MIN_LIMIT:8163;erased_attribute_value:10350;warning_attribute_values_empty:8787"
96782;17028764;Продукты питания / Соки, воды, напитки / Морс;Морс;другая ошибка;"SPU_ALREADY_EXISTS_IN_ANOTHER_ACCOUNT:0;VALUE_MIN_LIMIT:8163;erased_attribute_value:10350;warning_attribute_values_empty:8787"
97101;17028764;Продукты питания / Соки, воды, напитки / Сок;Сок;другая ошибка;"SPU_ALREADY_EXISTS_IN_ANOTHER_ACCOUNT:0;VALUE_MIN_LIMIT:8163;erased_attribute_value:10350;warning_attribute_values_empty:8787"
97126;17028764;Продукты питания / Соки, воды, напитки / Холодный чай;Холодный чай;фото отклонено;"DESCRIPTION_DECLINE:4194;SPU_ALREADY_EXISTS_IN_ANOTHER_ACCOUNT:0;warning_all_image_failed:4194"
96960;17028764;Продукты питания / Соки, воды, напитки / Квас;Квас;другая ошибка;"SPU_ALREADY_EXISTS_IN_ANOTHER_ACCOUNT:0;VALUE_MIN_LIMIT:8163;erased_attribute_value:10350;warning_attribute_values_empty:8787"
96779;17028764;Продукты питания / Соки, воды, напитки / Кисель;Кисель;другая ошибка;"SPU_ALREADY_EXISTS_IN_ANOTHER_ACCOUNT:0;VALUE_MIN_LIMIT:8163;erased_attribute_value:10350;warning_attribute_values_empty:8787"
970669339;17028764;Продукты питания / Соки, воды, напитки / Холодный кофе;Холодный кофе;другая ошибка;"SPU_ALREADY_EXISTS_IN_ANOTHER_ACCOUNT:0;erased_attribute_value:10350;warning_attribute_values_empty:8787"
96787;17028764;Продукты питания / Соки, воды, напитки / Тоник;Тоник;другая ошибка;"SPU_ALREADY_EXISTS_IN_ANOTHER_ACCOUNT:0;VALUE_MIN_LIMIT:8163;erased_attribute_value:10350;warning_attribute_values_empty:8787"
97210;200001241;Красота и гигиена / Принадлежности для гигиены полости рта / Скребок для языка;Скребок для языка;фото отклонено;"DESCRIPTION_DECLINE:4194;SPU_ALREADY_EXISTS_IN_ANOTHER_ACCOUNT:0;warning_all_image_failed:4194"
93481;200001241;Красота и гигиена / Принадлежности для гигиены полости рта / Насадка для монопучковой щетки;Насадка для монопучковой щетки;другая ошибка;DESCRIPTION_DECLINE:22507
97595;200001241;Красота и гигиена / Принадлежности для гигиены полости рта / Подставка для зубочисток;Подставка для зубочисток;фото отклонено;DESCRIPTION_DECLINE:4194
93479;200001241;Красота и гигиена / Принадлежности для гигиены полости рта / Межзубные ершики;Межзубные ершики;фото отклонено;"DESCRIPTION_DECLINE:4194;SPU_ALREADY_EXISTS_IN_ANOTHER_ACCOUNT:0;warning_all_image_failed:4194"
971108810;17028985;Красота и гигиена / Инструменты для макияжа, маникюра, бани и солярия / Трафарет для стрелок;Трафарет для стрелок;фото отклонено;DESCRIPTION_DECLINE:4194
970601734;17028985;Красота и гигиена / Инструменты для макияжа, маникюра, бани и солярия / Набор для солярия;Набор для солярия;не создано;
93993;17028985;Красота и гигиена / Инструменты для макияжа, маникюра, бани и солярия / Точилка для косметического карандаша;Точилка для косметического карандаша;другая ошибка;INCORRECT_DIMENSION:0
93978;17028985;Красота и гигиена / Инструменты для макияжа, маникюра, бани и солярия / Перчатки для ухода за кожей рук;Перчатки для ухода за кожей рук;не создано;
568954307;17028985;Красота и гигиена / Инструменты для макияжа, маникюра, бани и солярия / Щетка косметическая;Щетка косметическая;фото отклонено;DESCRIPTION_DECLINE:4194
970796687;17028985;Красота и гигиена / Инструменты для макияжа, маникюра, бани и солярия / Аксессуар для маникюра;Аксессуар для маникюра;фото отклонено;DESCRIPTION_DECLINE:4194
971200274;17028985;Красота и гигиена / Инструменты для макияжа, маникюра, бани и солярия / Аксессуары для ламинирования бровей, ресниц;Аксессуары для ламинирования бровей, ресниц;не создано;
644957738;17028985;Красота и гигиена / Инструменты для макияжа, маникюра, бани и солярия / Миксер косметический;Миксер косметический;фото отклонено;DESCRIPTION_DECLINE:4194
970956109;17028985;Красота и гигиена / Инструменты для макияжа, маникюра, бани и солярия / Подставка для маникюра;Подставка для маникюра;фото отклонено;DESCRIPTION_DECLINE:4194
970987375;17028985;Красота и гигиена / Инструменты для макияжа, маникюра, бани и солярия / Коврик одноразовый;Коврик одноразовый;другая ошибка;DESCRIPTION_DECLINE:22507
971101542;17028985;Красота и гигиена / Инструменты для макияжа, маникюра, бани и солярия / Аксессуар для парафинотерапии;Аксессуар для парафинотерапии;фото отклонено;DESCRIPTION_DECLINE:4194
97763;17028992;Красота и гигиена / Косметика для ухода за волосами / Средство для химического выпрямления;Средство для химического выпрямления;фото отклонено;DESCRIPTION_DECLINE:4194
93951;17028992;Красота и гигиена / Косметика для ухода за волосами / Эликсир для волос;Эликсир для волос;другая ошибка;SPU_ALREADY_EXISTS_IN_ANOTHER_ACCOUNT:0
97700;17028992;Красота и гигиена / Косметика для ухода за волосами / Шампунь сухой;Шампунь сухой;другая ошибка;SPU_ALREADY_EXISTS_IN_ANOTHER_ACCOUNT:0
93938;17028992;Красота и гигиена / Косметика для ухода за волосами / Мусс для волос;Мусс для волос;другая ошибка;SPU_ALREADY_EXISTS_IN_ANOTHER_ACCOUNT:0
93952;17028992;Красота и гигиена / Косметика для ухода за волосами / Эссенция для волос;Эссенция для волос;другая ошибка;SPU_ALREADY_EXISTS_IN_ANOTHER_ACCOUNT:0
93937;17028992;Красота и гигиена / Косметика для ухода за волосами / Мелки для волос;Мелки для волос;другая ошибка;SPU_ALREADY_EXISTS_IN_ANOTHER_ACCOUNT:0
93924;17028992;Красота и гигиена / Косметика для ухода за волосами / Гель для волос;Гель для волос;другая ошибка;SPU_ALREADY_EXISTS_IN_ANOTHER_ACCOUNT:0
707147362;17028992;Красота и гигиена / Косметика для ухода за волосами / Шампунь твердый;Шампунь твердый;фото отклонено;"DESCRIPTION_DECLINE:4194;SPU_ALREADY_EXISTS_IN_ANOTHER_ACCOUNT:0;warning_all_image_failed:4194"
93946;17028992;Красота и гигиена / Косметика для ухода за волосами / Тоник для волос;Тоник для волос;другая ошибка;SPU_ALREADY_EXISTS_IN_ANOTHER_ACCOUNT:0
93933;17028992;Красота и гигиена / Косметика для ухода за волосами / Лак для волос;Лак для волос;другая ошибка;SPU_ALREADY_EXISTS_IN_ANOTHER_ACCOUNT:0
971036246;17028992;Красота и гигиена / Косметика для ухода за волосами / Мастика для волос;Мастика для волос;другая ошибка;SPU_ALREADY_EXISTS_IN_ANOTHER_ACCOUNT:0
93947;17028992;Красота и гигиена / Косметика для ухода за волосами / Средство тонирующее;Средство тонирующее;фото отклонено;DESCRIPTION_DECLINE:4194
93949;17028992;Красота и гигиена / Косметика для ухода за волосами / Флюид для волос;Флюид для волос;другая ошибка;SPU_ALREADY_EXISTS_IN_ANOTHER_ACCOUNT:0
970951258;17028992;Красота и гигиена / Косметика для ухода за волосами / Молочко для волос;Молочко для волос;другая ошибка;SPU_ALREADY_EXISTS_IN_ANOTHER_ACCOUNT:0
97247;17028992;Красота и гигиена / Косметика для ухода за волосами / Глина для волос;Глина для волос;другая ошибка;SPU_ALREADY_EXISTS_IN_ANOTHER_ACCOUNT:0
93940;17028992;Красота и гигиена / Косметика для ухода за волосами / Пенка для волос;Пенка для волос;другая ошибка;SPU_ALREADY_EXISTS_IN_ANOTHER_ACCOUNT:0
93936;17028992;Красота и гигиена / Косметика для ухода за волосами / Масло для волос;Масло для волос;другая ошибка;SPU_ALREADY_EXISTS_IN_ANOTHER_ACCOUNT:0
93920;17028992;Красота и гигиена / Косметика для ухода за волосами / Бальзам для волос;Бальзам для волос;другая ошибка;SPU_ALREADY_EXISTS_IN_ANOTHER_ACCOUNT:0
970859603;17028992;Красота и гигиена / Косметика для ухода за волосами / Праймер для волос;Праймер для волос;другая ошибка;SPU_ALREADY_EXISTS_IN_ANOTHER_ACCOUNT:0
97765;17028992;Красота и гигиена / Косметика для ухода за волосами / Осветлитель для волос;Осветлитель для волос;другая ошибка;SPU_ALREADY_EXISTS_IN_ANOTHER_ACCOUNT:0
93934;17028992;Красота и гигиена / Косметика для ухода за волосами / Лосьон для волос;Лосьон для волос;другая ошибка;SPU_ALREADY_EXISTS_IN_ANOTHER_ACCOUNT:0
93945;17028992;Красота и гигиена / Косметика для ухода за волосами / Сыворотка для волос;Сыворотка для волос;другая ошибка;SPU_ALREADY_EXISTS_IN_ANOTHER_ACCOUNT:0
93923;17028992;Красота и гигиена / Косметика для ухода за волосами / Воск для волос;Воск для волос;другая ошибка;SPU_ALREADY_EXISTS_IN_ANOTHER_ACCOUNT:0
971004398;17028992;Красота и гигиена / Косметика для ухода за волосами / Ботокс для волос;Ботокс для волос;другая ошибка;SPU_ALREADY_EXISTS_IN_ANOTHER_ACCOUNT:0
702556871;78022699;Красота и гигиена / Насадки для аппаратного маникюра / Фреза для аппаратного маникюра;Фреза для аппаратного маникюра;другая ошибка;SPU_ALREADY_EXISTS_IN_ANOTHER_ACCOUNT:0
971393548;78022699;Красота и гигиена / Насадки для аппаратного маникюра / Сменный файл для педикюрного диска;Сменный файл для педикюрного диска;фото отклонено;DESCRIPTION_DECLINE:4194
971393544;78022699;Красота и гигиена / Насадки для аппаратного маникюра / Диск для педикюрного аппарата;Диск для педикюрного аппарата;фото отклонено;DESCRIPTION_DECLINE:4194
971854174;61849727;Красота и гигиена / Оборудование и материалы для тату-салона / Трансферный принтер;Трансферный принтер;другая ошибка;DESCRIPTION_DECLINE:22507
970824579;61849727;Красота и гигиена / Оборудование и материалы для тату-салона / Средство для удаления тату;Средство для удаления тату;фото отклонено;DESCRIPTION_DECLINE:4194
970575711;61849727;Красота и гигиена / Оборудование и материалы для тату-салона / Средство для заживления татуировки;Средство для заживления татуировки;фото отклонено;DESCRIPTION_DECLINE:4194
971391523;61849727;Красота и гигиена / Оборудование и материалы для тату-салона / Пигмент для татуажа;Пигмент для татуажа;фото отклонено;DESCRIPTION_DECLINE:4194
970972560;61849727;Красота и гигиена / Оборудование и материалы для тату-салона / Трансферные расходники;Трансферные расходники;не создано;
971806526;61849727;Красота и гигиена / Оборудование и материалы для тату-салона / Свет для тату салона;Свет для тату салона;не создано;
971290244;77756587;Красота и гигиена / Средства по уходу за бровями и ресницами / Инструмент для ламинирования ресниц;Инструмент для ламинирования ресниц;не создано;
93397;17028988;Красота и гигиена / Парфюмерия / Духи;Духи;не создано;
93403;17028988;Красота и гигиена / Парфюмерия / Вода парфюмерная;Вода парфюмерная;не создано;
971429833;17028988;Красота и гигиена / Парфюмерия / Растворитель для парфюмерии;Растворитель для парфюмерии;не создано;
971214875;17028988;Красота и гигиена / Парфюмерия / Парфюмированный мист;Парфюмированный мист;не создано;
93405;17028988;Красота и гигиена / Парфюмерия / Туалетная вода;Туалетная вода;не создано;
97754;59968946;Красота и гигиена / Аппараты косметологические / RF-лифтинг;RF-лифтинг;другая ошибка;error_card_with_deleted_photos:0
91820;59968946;Красота и гигиена / Аппараты косметологические / Гальваника;Гальваника;другая ошибка;error_card_with_deleted_photos:0
91834;59968946;Красота и гигиена / Аппараты косметологические / Лазерный терапевтический аппарат;Лазерный терапевтический аппарат;не создано;
91854;59968946;Красота и гигиена / Аппараты косметологические / Солярий;Солярий;не создано;
97752;59968946;Красота и гигиена / Аппараты косметологические / Фототерапия;Фототерапия;не создано;
91823;59968946;Красота и гигиена / Аппараты косметологические / Дарсонваль;Дарсонваль;другая ошибка;error_card_with_deleted_photos:0
971013427;59968946;Красота и гигиена / Аппараты косметологические / Вентилятор для сушки лака;Вентилятор для сушки лака;другая ошибка;DESCRIPTION_DECLINE:22507
971281322;59968946;Красота и гигиена / Аппараты косметологические / Аэрограф для маникюра;Аэрограф для маникюра;не создано;
97750;59968946;Красота и гигиена / Аппараты косметологические / Измеритель влажности кожи;Измеритель влажности кожи;не создано;
97751;59968946;Красота и гигиена / Аппараты косметологические / Мезотерапия;Мезотерапия;не создано;
97749;59968946;Красота и гигиена / Аппараты косметологические / Лазерное омоложение;Лазерное омоложение;не создано;
971311427;59968946;Красота и гигиена / Аппараты косметологические / Аксессуары для косметологического аппарата;Аксессуары для косметологического аппарата;не создано;
971472518;59968946;Красота и гигиена / Аппараты косметологические / Аксессуары, запчасти для солярия;Аксессуары, запчасти для солярия;не создано;
971313891;59968946;Красота и гигиена / Аппараты косметологические / Запчасть к маникюрно-педикюрному аппарату;Запчасть к маникюрно-педикюрному аппарату;не создано;
971365882;59968946;Красота и гигиена / Аппараты косметологические / Аппарат вакуумного массажа;Аппарат вакуумного массажа;другая ошибка;error_card_with_deleted_photos:0
97746;59968946;Красота и гигиена / Аппараты косметологические / Дермабразия;Дермабразия;не создано;
970946397;59968946;Красота и гигиена / Аппараты косметологические / Портативная паровая сауна;Портативная паровая сауна;не создано;
97755;59968946;Красота и гигиена / Аппараты косметологические / Микротоки;Микротоки;не создано;
971306471;59968946;Красота и гигиена / Аппараты косметологические / Роликовая электропилка;Роликовая электропилка;не создано;
91831;59968946;Красота и гигиена / Аппараты косметологические / Косметологический комбайн;Косметологический комбайн;не создано;
971410054;78021424;Красота и гигиена / Мочалки и спонжи / Щеточка для лица;Щеточка для лица;другая ошибка;SPU_ALREADY_EXISTS_IN_ANOTHER_ACCOUNT:0
94007;17028989;Красота и гигиена / Средства для депиляции / Набор для депиляции;Набор для депиляции;фото отклонено;DESCRIPTION_DECLINE:4194
94001;17028989;Красота и гигиена / Средства для депиляции / Средство для депиляции;Средство для депиляции;фото отклонено;DESCRIPTION_DECLINE:4194
970806268;17028989;Красота и гигиена / Средства для депиляции / Средство до депиляции;Средство до депиляции;фото отклонено;DESCRIPTION_DECLINE:4194
93955;77868479;Красота и гигиена / Бигуди / Бигуди;Бигуди;не создано;
93961;78032222;Красота и гигиена / Кисти косметические / Кисть косметическая;Кисть косметическая;не создано;
97336;78032222;Красота и гигиена / Кисти косметические / Кисть для окрашивания волос;Кисть для окрашивания волос;не создано;
971202447;78032222;Красота и гигиена / Кисти косметические / Набор для окрашивания волос;Набор для окрашивания волос;не создано;
93963;78032222;Красота и гигиена / Кисти косметические / Косметический аппликатор;Косметический аппликатор;не создано;
96767;77868900;Красота и гигиена / Эпиляторы / Эпилятор лазерный;Эпилятор лазерный;не создано;
91686;77868900;Красота и гигиена / Эпиляторы / Фотоэпилятор;Фотоэпилятор;не создано;
970626197;17028991;Красота и гигиена / Косметика для ухода / Косметический адвент-календарь;Косметический адвент-календарь;не создано;
971447124;17028991;Красота и гигиена / Косметика для ухода / Крем массажный;Крем массажный;не создано;
97707;17028991;Красота и гигиена / Косметика для ухода / Масло для массажа;Масло для массажа;не создано;
970686301;17028991;Красота и гигиена / Косметика для ухода / Контактный гель;Контактный гель;не создано;
93898;17028991;Красота и гигиена / Косметика для ухода / Пилинг;Пилинг;не создано;
970983098;17028991;Красота и гигиена / Косметика для ухода / Активатор загара;Активатор загара;не создано;
93883;17028991;Красота и гигиена / Косметика для ухода / Крем для ухода за кожей;Крем для ухода за кожей;не создано;
93882;17028991;Красота и гигиена / Косметика для ухода / Набор уходовой косметики;Набор уходовой косметики;не создано;
93902;17028991;Красота и гигиена / Косметика для ухода / Скраб;Скраб;не создано;
93887;17028991;Красота и гигиена / Косметика для ухода / Масло косметическое;Масло косметическое;не создано;
971081366;17028991;Красота и гигиена / Косметика для ухода / Массажная свеча;Массажная свеча;не создано;
93874;17028991;Красота и гигиена / Косметика для ухода / Вода косметическая;Вода косметическая;не создано;
970573561;17028991;Красота и гигиена / Косметика для ухода / Средство антицеллюлитное;Средство антицеллюлитное;не создано;
93915;17028991;Красота и гигиена / Косметика для ухода / Тоник для ухода за кожей;Тоник для ухода за кожей;не создано;
93897;17028991;Красота и гигиена / Косметика для ухода / Средство для умывания;Средство для умывания;не создано;
971300777;17028991;Красота и гигиена / Косметика для ухода / Паста для массажа;Паста для массажа;не создано;
971068009;17028991;Красота и гигиена / Косметика для ухода / Моделирующее средство;Моделирующее средство;не создано;
93906;17028991;Красота и гигиена / Косметика для ухода / Средство для ножных ванн;Средство для ножных ванн;не создано;
93913;17028991;Красота и гигиена / Косметика для ухода / Сыворотка для ухода за кожей;Сыворотка для ухода за кожей;не создано;
97702;17028991;Красота и гигиена / Косметика для ухода / Термальная вода;Термальная вода;не создано;
93916;17028991;Красота и гигиена / Косметика для ухода / Флюид;Флюид;не создано;
93894;17028991;Красота и гигиена / Косметика для ухода / Парафин косметический;Парафин косметический;не создано;
97703;17028991;Красота и гигиена / Косметика для ухода / Вода мицеллярная;Вода мицеллярная;не создано;
93873;17028991;Красота и гигиена / Косметика для ухода / Бальзам, лосьон, молочко для ухода за кожей;Бальзам, лосьон, молочко для ухода за кожей;не создано;
93878;17028991;Красота и гигиена / Косметика для ухода / Гидролат;Гидролат;не создано;
93884;17028991;Красота и гигиена / Косметика для ухода / Средство для ногтей, кутикулы;Средство для ногтей, кутикулы;не создано;
93909;17028991;Красота и гигиена / Косметика для ухода / Средство для снятия макияжа;Средство для снятия макияжа;не создано;
97881;17028991;Красота и гигиена / Косметика для ухода / Автозагар;Автозагар;не создано;
93919;17028991;Красота и гигиена / Косметика для ухода / Эссенция для ухода за кожей;Эссенция для ухода за кожей;не создано;
971095452;17028991;Красота и гигиена / Косметика для ухода / Нейтрализатор пилинга;Нейтрализатор пилинга;не создано;
970575415;17028991;Красота и гигиена / Косметика для ухода / Средство от растяжек;Средство от растяжек;не создано;
93904;17028991;Красота и гигиена / Косметика для ухода / Спрей для ухода за кожей;Спрей для ухода за кожей;не создано;
971751234;17028991;Красота и гигиена / Косметика для ухода / Средство от солнечных ожогов;Средство от солнечных ожогов;не создано;
97443;17028991;Красота и гигиена / Косметика для ухода / Крем для загара в солярии;Крем для загара в солярии;не создано;
93876;17028991;Красота и гигиена / Косметика для ухода / Гель для ухода за кожей;Гель для ухода за кожей;не создано;
93918;17028991;Красота и гигиена / Косметика для ухода / Эмульсия для ухода за кожей;Эмульсия для ухода за кожей;не создано;
93881;17028991;Красота и гигиена / Косметика для ухода / Концентрат для ухода за кожей;Концентрат для ухода за кожей;не создано;
93917;17028991;Красота и гигиена / Косметика для ухода / Эликсир для ухода за кожей;Эликсир для ухода за кожей;не создано;
971098089;17028991;Красота и гигиена / Косметика для ухода / Плитка массажная;Плитка массажная;не создано;
971151950;200000681;Красота и гигиена / Аксессуары для массажного стола / Аксессуар для массажного стола, кушетки;Аксессуар для массажного стола, кушетки;не создано;
93441;17028990;Красота и гигиена / Декоративная косметика / Праймер для век;Праймер для век;не создано;
970865887;17028990;Красота и гигиена / Декоративная косметика / Стразы для лица, тела;Стразы для лица, тела;не создано;
93442;17028990;Красота и гигиена / Декоративная косметика / Пудра;Пудра;другая ошибка;"error_attribute_values_empty:8205;error_attribute_values_empty:9048;error_attribute_values_empty:22232;error_attribute_values_out_of_range:85"
93436;17028990;Красота и гигиена / Декоративная косметика / Основа под макияж;Основа под макияж;не создано;
93409;17028990;Красота и гигиена / Декоративная косметика / BB-средство;BB-средство;другая ошибка;"error_attribute_values_empty:8205;error_attribute_values_empty:9048;error_attribute_values_empty:22232;error_attribute_values_out_of_range:85"
97938;17028990;Красота и гигиена / Декоративная косметика / Средство для наращивания ресниц;Средство для наращивания ресниц;фото отклонено;DESCRIPTION_DECLINE:4194
971147305;17028990;Красота и гигиена / Декоративная косметика / Набор для наращивания ресниц;Набор для наращивания ресниц;фото отклонено;DESCRIPTION_DECLINE:4194
289778311;17028990;Красота и гигиена / Декоративная косметика / Глиттер для лица, тела;Глиттер для лица, тела;не создано;
93452;17028990;Красота и гигиена / Декоративная косметика / Тушь для бровей;Тушь для бровей;другая ошибка;"error_attribute_values_empty:8205;error_attribute_values_empty:9048;error_attribute_values_empty:22232;error_attribute_values_out_of_range:85"
93450;17028990;Красота и гигиена / Декоративная косметика / Тональный крем;Тональный крем;другая ошибка;"error_attribute_values_empty:8205;error_attribute_values_empty:9048;error_attribute_values_empty:22232;error_attribute_values_out_of_range:85"
93418;17028990;Красота и гигиена / Декоративная косметика / Карандаш для бровей;Карандаш для бровей;другая ошибка;INCORRECT_DIMENSION:0
970915534;17028990;Красота и гигиена / Декоративная косметика / Скульптор для лица;Скульптор для лица;другая ошибка;"error_attribute_values_empty:8205;error_attribute_values_empty:9048;error_attribute_values_empty:22232;error_attribute_values_out_of_range:85"
97735;17028990;Красота и гигиена / Декоративная косметика / Палетка для контуринга;Палетка для контуринга;другая ошибка;"error_attribute_values_empty:8205;error_attribute_values_empty:9048;error_attribute_values_empty:22232;error_attribute_values_out_of_range:85"
93413;17028990;Красота и гигиена / Декоративная косметика / Бронзер;Бронзер;не создано;
93447;17028990;Красота и гигиена / Декоративная косметика / Тени для бровей;Тени для бровей;не создано;
93453;17028990;Красота и гигиена / Декоративная косметика / Тушь для ресниц;Тушь для ресниц;другая ошибка;"error_attribute_values_empty:8205;error_attribute_values_empty:9048;error_attribute_values_empty:22232;error_attribute_values_out_of_range:85"
970948820;17028990;Красота и гигиена / Декоративная косметика / Набор для бровей;Набор для бровей;другая ошибка;INCORRECT_DIMENSION:0
93416;17028990;Красота и гигиена / Декоративная косметика / Разбавитель лака для ногтей;Разбавитель лака для ногтей;не создано;
93444;17028990;Красота и гигиена / Декоративная косметика / Средство для быстрого высыхания лака;Средство для быстрого высыхания лака;другая ошибка;"error_attribute_values_empty:8205;error_attribute_values_empty:9048;error_attribute_values_empty:22232;error_attribute_values_out_of_range:85"
971306476;17028990;Красота и гигиена / Декоративная косметика / Аджастер;Аджастер;другая ошибка;"error_attribute_values_empty:8205;error_attribute_values_empty:9048;error_attribute_values_empty:22232;error_attribute_values_out_of_range:85"
93908;17028990;Красота и гигиена / Декоративная косметика / Средство для снятия лака;Средство для снятия лака;не создано;
971301561;17028990;Красота и гигиена / Декоративная косметика / Шелк для ремонта ногтей;Шелк для ремонта ногтей;не создано;
93448;17028990;Красота и гигиена / Декоративная косметика / Тени для век;Тени для век;не создано;
93410;17028990;Красота и гигиена / Декоративная косметика / CC-средство;CC-средство;не создано;
93431;17028990;Красота и гигиена / Декоративная косметика / Набор декоративной косметики;Набор декоративной косметики;не создано;
93454;17028990;Красота и гигиена / Декоративная косметика / Хайлайтер;Хайлайтер;не создано;
93445;17028990;Красота и гигиена / Декоративная косметика / Средство для удаления кутикулы;Средство для удаления кутикулы;фото отклонено;DESCRIPTION_DECLINE:4194
971229766;17028990;Красота и гигиена / Декоративная косметика / Мономер для акриловой пудры;Мономер для акриловой пудры;не создано;
971074674;17028990;Красота и гигиена / Декоративная косметика / DD-средство;DD-средство;не создано;
93443;17028990;Красота и гигиена / Декоративная косметика / Румяна;Румяна;не создано;
93408;88581504;Красота и гигиена / Ароматерапия / Эфирное масло;Эфирное масло;другая ошибка;SPU_ALREADY_EXISTS_IN_ANOTHER_ACCOUNT:0
93472;200001240;Красота и гигиена / Средства для гигиены полости рта / Зубной порошок;Зубной порошок;не создано;
93471;200001240;Красота и гигиена / Средства для гигиены полости рта / Зубной гель;Зубной гель;не создано;
93469;200001240;Красота и гигиена / Средства для гигиены полости рта / Зубная паста;Зубная паста;не создано;
970593718;200001240;Красота и гигиена / Средства для гигиены полости рта / Спрей для полости рта;Спрей для полости рта;не создано;
93488;200001240;Красота и гигиена / Средства для гигиены полости рта / Ополаскиватель для полости рта;Ополаскиватель для полости рта;не создано;
93505;17028983;Красота и гигиена / Средства для гигиены тела / Тальк;Тальк;не создано;
93483;17028983;Красота и гигиена / Средства для гигиены тела / Набор средств для гигиены;Набор средств для гигиены;не создано;
97624;17028983;Красота и гигиена / Средства для гигиены тела / Средство для купания детей;Средство для купания детей;не создано;
93499;17028983;Красота и гигиена / Средства для гигиены тела / Присыпка;Присыпка;не создано;
970838691;17028983;Красота и гигиена / Средства для гигиены тела / Крем под подгузник;Крем под подгузник;не создано;
93465;17028983;Красота и гигиена / Средства для гигиены тела / Средство для интимной гигиены;Средство для интимной гигиены;не создано;
97704;17028983;Красота и гигиена / Средства для гигиены тела / Средство для душа;Средство для душа;не создано;
970977928;30960284;Красота и гигиена / Массаж / Массажный роллер для лица;Массажный роллер для лица;не создано;
93985;30960284;Красота и гигиена / Массаж / Массажер для Гуаша;Массажер для Гуаша;не создано;
97896;30960284;Красота и гигиена / Массаж / Массажный матрас;Массажный матрас;не создано;
98990;30960284;Красота и гигиена / Массаж / Массажная кровать;Массажная кровать;не создано;
970678130;30960284;Красота и гигиена / Массаж / Аксессуар для массажера;Аксессуар для массажера;фото отклонено;DESCRIPTION_DECLINE:4194
97898;30960284;Красота и гигиена / Массаж / Массажный стол;Массажный стол;другая ошибка;ML_INCORRECT_VOLUME_WEIGHT:0
970983727;30960284;Красота и гигиена / Массаж / Механический массажер для головы;Механический массажер для головы;не создано;
971049181;30960284;Красота и гигиена / Массаж / Камни для массажа;Камни для массажа;не создано;
970824557;30960284;Красота и гигиена / Массаж / Костюм для массажа;Костюм для массажа;не создано;
91838;30960284;Красота и гигиена / Массаж / Миостимулятор;Миостимулятор;не создано;
971003856;30960284;Красота и гигиена / Массаж / Аксессуар для массажа;Аксессуар для массажа;не создано;
91837;30960284;Красота и гигиена / Массаж / Мезороллер;Мезороллер;не создано;
97897;30960284;Красота и гигиена / Массаж / Массажер электрический;Массажер электрический;не создано;
97894;30960284;Красота и гигиена / Массаж / Массажная подушка;Массажная подушка;не создано;
97895;30960284;Красота и гигиена / Массаж / Массажное кресло;Массажное кресло;не создано;
97317;200001239;Красота и гигиена / Бритвенные принадлежности / Сменные кассеты для бритвы;Сменные кассеты для бритвы;не создано;
97315;200001239;Красота и гигиена / Бритвенные принадлежности / Набор для бритья;Набор для бритья;не создано;
412915549;200001239;Красота и гигиена / Бритвенные принадлежности / Лезвие для бритвы;Лезвие для бритвы;не создано;
97322;200001239;Красота и гигиена / Бритвенные принадлежности / Аксессуар для бритвы;Аксессуар для бритвы;не создано;
97321;200001239;Красота и гигиена / Бритвенные принадлежности / Помазок;Помазок;не создано;
97318;200001239;Красота и гигиена / Бритвенные принадлежности / Бритва;Бритва;не создано;
970975126;77857885;Красота и гигиена / Маска косметическая / Основа для косметической маски;Основа для косметической маски;не создано;
93893;77857885;Красота и гигиена / Маска косметическая / Очищающие полоски;Очищающие полоски;не создано;
93892;77857885;Красота и гигиена / Маска косметическая / Носочки для педикюра;Носочки для педикюра;не создано;
97441;77857885;Красота и гигиена / Маска косметическая / Набор для косметических масок;Набор для косметических масок;не создано;
971227786;77857885;Красота и гигиена / Маска косметическая / Маска-бандаж;Маска-бандаж;не создано;
970829682;77857885;Красота и гигиена / Маска косметическая / Лифтинг-полоски;Лифтинг-полоски;не создано;
93910;77857885;Красота и гигиена / Маска косметическая / Средство для удаления натоптышей;Средство для удаления натоптышей;не создано;
93429;77857885;Красота и гигиена / Маска косметическая / Салфетки матирующие;Салфетки матирующие;не создано;
971220315;56253863;Красота и гигиена / Мебель и оборудование для салонов красоты / Вытяжка для салона красоты;Вытяжка для салона красоты;не создано;
94753;56253863;Красота и гигиена / Мебель и оборудование для салонов красоты / Парикмахерская мойка;Парикмахерская мойка;не создано;
93977;56253863;Красота и гигиена / Мебель и оборудование для салонов красоты / Пеньюар для стрижки;Пеньюар для стрижки;не создано;
971151112;56253863;Красота и гигиена / Мебель и оборудование для салонов красоты / Полотенце одноразовое;Полотенце одноразовое;не создано;
95091;56253863;Красота и гигиена / Мебель и оборудование для салонов красоты / Тележка для салона красоты;Тележка для салона красоты;не создано;
95033;56253863;Красота и гигиена / Мебель и оборудование для салонов красоты / Кресло парикмахерское;Кресло парикмахерское;фото отклонено;DESCRIPTION_DECLINE:4194
970976185;56253863;Красота и гигиена / Мебель и оборудование для салонов красоты / Запчасти для парикмахерского кресла;Запчасти для парикмахерского кресла;не создано;
95094;56253863;Красота и гигиена / Мебель и оборудование для салонов красоты / Подставка для педикюра;Подставка для педикюра;не создано;
970976184;56253863;Красота и гигиена / Мебель и оборудование для салонов красоты / Запчасти для парикмахерской мойки;Запчасти для парикмахерской мойки;не создано;
970939282;56253863;Красота и гигиена / Мебель и оборудование для салонов красоты / Парикмахерский набор;Парикмахерский набор;не создано;
970948805;56253863;Красота и гигиена / Мебель и оборудование для салонов красоты / Инструменты, материалы для наращивания волос;Инструменты, материалы для наращивания волос;не создано;
91855;56253863;Красота и гигиена / Мебель и оборудование для салонов красоты / Стерилизатор маникюрных инструментов;Стерилизатор маникюрных инструментов;не создано;
970915535;56253863;Красота и гигиена / Мебель и оборудование для салонов красоты / Климазон;Климазон;не создано;
970994884;56253863;Красота и гигиена / Мебель и оборудование для салонов красоты / Мобильная студия визажиста;Мобильная студия визажиста;другая ошибка;ML_INCORRECT_VOLUME_WEIGHT:0
91858;56253863;Красота и гигиена / Мебель и оборудование для салонов красоты / Сухожаровой шкаф;Сухожаровой шкаф;не создано;
971136567;56253863;Красота и гигиена / Мебель и оборудование для салонов красоты / Аксессуары для стерилизации маникюрных инструментов;Аксессуары для стерилизации маникюрных инструментов;не создано;
970994639;56253863;Красота и гигиена / Мебель и оборудование для салонов красоты / Сушуар;Сушуар;не создано;
970713457;56253863;Красота и гигиена / Мебель и оборудование для салонов красоты / Перчатки парикмахерские;Перчатки парикмахерские;не создано;
970782437;56253863;Красота и гигиена / Мебель и оборудование для салонов красоты / Аксессуар для парикмахера;Аксессуар для парикмахера;не создано;
93507;200001243;Красота и гигиена / Товары личной гигиены / Туалетная бумага;Туалетная бумага;не создано;
93463;200001243;Красота и гигиена / Товары личной гигиены / Вкладыши для груди;Вкладыши для груди;не создано;
99439;200001243;Красота и гигиена / Товары личной гигиены / Прокладки многоразовые;Прокладки многоразовые;не создано;
970715586;200001243;Красота и гигиена / Товары личной гигиены / Чехол для средств личной гигиены;Чехол для средств личной гигиены;не создано;
93461;200001243;Красота и гигиена / Товары личной гигиены / Туалетная бумага влажная;Туалетная бумага влажная;не создано;
99440;200001243;Красота и гигиена / Товары личной гигиены / Прокладки послеродовые;Прокладки послеродовые;не создано;
93011;200001243;Красота и гигиена / Товары личной гигиены / Накладка для кормления;Накладка для кормления;не создано;
971151445;22778913;Красота и гигиена / Парики и шиньоны / Волосы для наращивания;Волосы для наращивания;не создано;
970702676;22778913;Красота и гигиена / Парики и шиньоны / Штатив для учебной головы;Штатив для учебной головы;не создано;
970626281;22778913;Красота и гигиена / Парики и шиньоны / Накладные усы, бороды, брови;Накладные усы, бороды, брови;не создано;
94856;22778913;Красота и гигиена / Парики и шиньоны / Учебная голова для причесок;Учебная голова для причесок;не создано;
97643;22778913;Красота и гигиена / Парики и шиньоны / Аксессуар для парика;Аксессуар для парика;не создано;
97642;22778913;Красота и гигиена / Парики и шиньоны / Канекалон;Канекалон;не создано;
970678875;17054869;Красота и гигиена / Средства для бритья и груминг / Набор для ухода за бородой;Набор для ухода за бородой;не создано;
970593490;17054869;Красота и гигиена / Средства для бритья и груминг / Средство для ухода за бородой;Средство для ухода за бородой;не создано;
97309;17054869;Красота и гигиена / Средства для бритья и груминг / Средство для бритья;Средство для бритья;не создано;
970702979;17054869;Красота и гигиена / Средства для бритья и груминг / Стайлинг для бороды;Стайлинг для бороды;не создано;
92600;17027900;Ювелирные изделия / Ювелирные украшения / Шнурок ювелирный;Шнурок ювелирный;не создано;
92582;17027900;Ювелирные изделия / Ювелирные украшения / Брошь ювелирная;Брошь ювелирная;не создано;
92586;17027900;Ювелирные изделия / Ювелирные украшения / Зажим ювелирный;Зажим ювелирный;не создано;
970750247;17027900;Ювелирные изделия / Ювелирные украшения / Аксессуар для волос ювелирный;Аксессуар для волос ювелирный;не создано;
91767;17027900;Ювелирные изделия / Ювелирные украшения / Часы ювелирные;Часы ювелирные;не создано;
971105766;17027900;Ювелирные изделия / Ювелирные украшения / Значок ювелирный;Значок ювелирный;не создано;
92587;17027900;Ювелирные изделия / Ювелирные украшения / Запонки ювелирные;Запонки ювелирные;не создано;
970831223;17027900;Ювелирные изделия / Ювелирные украшения / Замок ювелирный;Замок ювелирный;не создано;
234953747;17027900;Ювелирные изделия / Ювелирные украшения / Сувенир ювелирный;Сувенир ювелирный;не создано;
92597;17027900;Ювелирные изделия / Ювелирные украшения / Серьги ювелирные;Серьги ювелирные;не создано;
92592;17027900;Ювелирные изделия / Ювелирные украшения / Крестик ювелирный;Крестик ювелирный;не создано;
92590;17027900;Ювелирные изделия / Ювелирные украшения / Кольцо ювелирное;Кольцо ювелирное;не создано;
92598;17027900;Ювелирные изделия / Ювелирные украшения / Цепочка ювелирная;Цепочка ювелирная;не создано;
92594;17027900;Ювелирные изделия / Ювелирные украшения / Кольцо для платка ювелирное;Кольцо для платка ювелирное;не создано;
92579;17027900;Ювелирные изделия / Ювелирные украшения / Браслет ювелирный;Браслет ювелирный;не создано;
971305540;17027900;Ювелирные изделия / Ювелирные украшения / Браслет ювелирный для часов;Браслет ювелирный для часов;не создано;
92589;17027900;Ювелирные изделия / Ювелирные украшения / Колье ювелирное;Колье ювелирное;не создано;
92596;17027900;Ювелирные изделия / Ювелирные украшения / Подвеска ювелирная;Подвеска ювелирная;не создано;
92595;17027900;Ювелирные изделия / Ювелирные украшения / Пирсинг ювелирный;Пирсинг ювелирный;не создано;
92599;17027900;Ювелирные изделия / Ювелирные украшения / Шарм ювелирный;Шарм ювелирный;не создано;
92591;17027900;Ювелирные изделия / Ювелирные украшения / Комплект украшений ювелирный;Комплект украшений ювелирный;не создано;
92581;17027900;Ювелирные изделия / Ювелирные украшения / Брелок ювелирный;Брелок ювелирный;не создано;
92583;17027900;Ювелирные изделия / Ювелирные украшения / Бусы ювелирные;Бусы ювелирные;не создано;
971005677;99524619;Ювелирные изделия / Драгоценные камни / Камень ювелирный;Камень ювелирный;не создано;
92337;200001384;Ювелирные изделия / Фурнитура ювелирная / Пуговицы;Пуговицы;не создано;
95289;17028672;Товары для животных / Аксессуары для аквариумов и террариумов / Распылитель для аквариума;Распылитель для аквариума;другая ошибка;SPU_ALREADY_EXISTS_IN_ANOTHER_ACCOUNT:0
971215822;17028672;Товары для животных / Аксессуары для аквариумов и террариумов / Скиммер для аквариума;Скиммер для аквариума;другая ошибка;SPU_ALREADY_EXISTS_IN_ANOTHER_ACCOUNT:0
95279;17028672;Товары для животных / Аксессуары для аквариумов и террариумов / Аксессуары для аквариума, террариума;Аксессуары для аквариума, террариума;другая ошибка;SPU_ALREADY_EXISTS_IN_ANOTHER_ACCOUNT:0
95274;17028672;Товары для животных / Аксессуары для аквариумов и террариумов / Грунт для аквариума, террариума;Грунт для аквариума, террариума;другая ошибка;SPU_ALREADY_EXISTS_IN_ANOTHER_ACCOUNT:0
95281;17028672;Товары для животных / Аксессуары для аквариумов и террариумов / Крышка для аквариума;Крышка для аквариума;другая ошибка;SPU_ALREADY_EXISTS_IN_ANOTHER_ACCOUNT:0
95282;17028672;Товары для животных / Аксессуары для аквариумов и террариумов / Нагреватель воды для аквариума;Нагреватель воды для аквариума;фото отклонено;DESCRIPTION_DECLINE:4194
971874820;200001150;Товары для животных / Ветаптека (парафармацевтика) / Мальт-паста для выведения шерсти;Мальт-паста для выведения шерсти;фото отклонено;DESCRIPTION_DECLINE:4194
971457037;200001150;Товары для животных / Ветаптека (парафармацевтика) / Дерматологическое средство для животных;Дерматологическое средство для животных;фото отклонено;DESCRIPTION_DECLINE:4194
95225;17028668;Товары для животных / Аксессуар для прогулки и дрессировки / Пакет гигиенический для животных;Пакет гигиенический для животных;фото отклонено;DESCRIPTION_DECLINE:4194
970957412;17028668;Товары для животных / Аксессуар для прогулки и дрессировки / Шнурок для адресника;Шнурок для адресника;фото отклонено;DESCRIPTION_DECLINE:4194
95221;17028668;Товары для животных / Аксессуар для прогулки и дрессировки / Намордник;Намордник;не создано;
971080245;17028668;Товары для животных / Аксессуар для прогулки и дрессировки / Антилай для собак;Антилай для собак;другая ошибка;
971083530;17028668;Товары для животных / Аксессуар для прогулки и дрессировки / Тренажер для отработки выставочной стойки;Тренажер для отработки выставочной стойки;другая ошибка;DESCRIPTION_DECLINE:22507
95213;17028668;Товары для животных / Аксессуар для прогулки и дрессировки / Адресник;Адресник;не создано;
95216;17028668;Товары для животных / Аксессуар для прогулки и дрессировки / Брелок на ошейник;Брелок на ошейник;фото отклонено;DESCRIPTION_DECLINE:4194
95945;17028669;Товары для животных / Ветаптека (расходные материалы) / Инвалидная коляска для животных;Инвалидная коляска для животных;другая ошибка;DESCRIPTION_DECLINE:22508
971006605;17028669;Товары для животных / Ветаптека (расходные материалы) / Микрочип для животных;Микрочип для животных;фото отклонено;DESCRIPTION_DECLINE:4194
95942;17028669;Товары для животных / Ветаптека (расходные материалы) / Воротник для животных;Воротник для животных;фото отклонено;DESCRIPTION_DECLINE:4194
95953;17028669;Товары для животных / Ветаптека (расходные материалы) / Мочесборник для животных;Мочесборник для животных;не создано;
95182;17028967;Товары для животных / Средство по уходу за животными / Шампунь для животных;Шампунь для животных;другая ошибка;"error_attribute_values_empty:4958;error_attribute_values_empty:9048;error_attribute_values_empty:22232;error_attribute_values_out_of_range:85"
95168;17028967;Товары для животных / Средство по уходу за животными / Наполнитель;Наполнитель;не создано;
970969743;17028967;Товары для животных / Средство по уходу за животными / Зубная паста для животных;Зубная паста для животных;другая ошибка;"error_attribute_values_empty:4958;error_attribute_values_empty:5379;error_attribute_values_empty:9048;error_attribute_values_empty:22232;error_attribute_values_out_of_range:85"
970841535;17028967;Товары для животных / Средство по уходу за животными / Корректор поведения для животных;Корректор поведения для животных;фото отклонено;DESCRIPTION_DECLINE:4194
95162;17028967;Товары для животных / Средство по уходу за животными / Кондиционер для животных;Кондиционер для животных;фото отклонено;DESCRIPTION_DECLINE:4194
95181;17028967;Товары для животных / Средство по уходу за животными / Средство для нейтрализации запахов;Средство для нейтрализации запахов;фото отклонено;DESCRIPTION_DECLINE:4194
95161;17028967;Товары для животных / Средство по уходу за животными / Парфюм для животных;Парфюм для животных;не создано;
91922;200001381;Товары для животных / Пищевая добавка для животных / Кормовая добавка;Кормовая добавка;не создано;
971035250;17028674;Товары для животных / Аксессуар для перевозки и сна / Аксессуары для клетки;Аксессуары для клетки;не создано;
970995760;17028674;Товары для животных / Аксессуар для перевозки и сна / Урна для праха животных;Урна для праха животных;другая ошибка;FB_RITUAL:22508
95210;17028674;Товары для животных / Аксессуар для перевозки и сна / Ремень безопасности для собак;Ремень безопасности для собак;фото отклонено;DESCRIPTION_DECLINE:4194
971366829;17028674;Товары для животных / Аксессуар для перевозки и сна / Запчасть для переноски;Запчасть для переноски;не создано;
95207;17028674;Товары для животных / Аксессуар для перевозки и сна / Палатка для животных;Палатка для животных;не создано;
95199;17028674;Товары для животных / Аксессуар для перевозки и сна / Домик для животных;Домик для животных;не создано;
95212;17028674;Товары для животных / Аксессуар для перевозки и сна / Чехол для переноски;Чехол для переноски;не создано;
95198;17028674;Товары для животных / Аксессуар для перевозки и сна / Гамак для животных;Гамак для животных;не создано;
971079222;17028674;Товары для животных / Аксессуар для перевозки и сна / Пандус для животных;Пандус для животных;не создано;
970971161;17028674;Товары для животных / Аксессуар для перевозки и сна / Секция для вольера;Секция для вольера;не создано;
504866297;17028674;Товары для животных / Аксессуар для перевозки и сна / Дверца для животных;Дверца для животных;не создано;
971323353;17028674;Товары для животных / Аксессуар для перевозки и сна / Жердочка;Жердочка;не создано;
971118030;17028674;Товары для животных / Аксессуар для перевозки и сна / Освещение для декоративных птиц;Освещение для декоративных птиц;не создано;
95203;17028674;Товары для животных / Аксессуар для перевозки и сна / Лежак для животных;Лежак для животных;не создано;
95209;17028674;Товары для животных / Аксессуар для перевозки и сна / Покрывало для животных;Покрывало для животных;не создано;
95196;17028674;Товары для животных / Аксессуар для перевозки и сна / Будка для собак;Будка для собак;не создано;
95211;17028674;Товары для животных / Аксессуар для перевозки и сна / Сетка для перевозки животных;Сетка для перевозки животных;не создано;
98056;17028674;Товары для животных / Аксессуар для перевозки и сна / Автогамак для животных;Автогамак для животных;не создано;
95197;17028674;Товары для животных / Аксессуар для перевозки и сна / Вольер;Вольер;не создано;
971025111;17028674;Товары для животных / Аксессуар для перевозки и сна / Инструмент для отлова животных;Инструмент для отлова животных;не создано;
95206;17028674;Товары для животных / Аксессуар для перевозки и сна / Ограждение для животных;Ограждение для животных;не создано;
97206;78360021;Товары для животных / Химия для аквариума / Удобрение для аквариумных растений;Удобрение для аквариумных растений;не создано;
970969702;78360021;Товары для животных / Химия для аквариума / Соль для аквариума;Соль для аквариума;не создано;
99423;78360021;Товары для животных / Химия для аквариума / Средство для воды в аквариуме;Средство для воды в аквариуме;не создано;
95242;17028968;Товары для животных / Товар для ухода за животными / Туалет для животных;Туалет для животных;другая ошибка;"error_attribute_values_empty:4958;error_attribute_values_empty:9048;error_attribute_values_empty:22232;error_attribute_values_out_of_range:85"
95239;17028968;Товары для животных / Товар для ухода за животными / Когтерез;Когтерез;не создано;
970944599;17028968;Товары для животных / Товар для ухода за животными / Тоннель для животных;Тоннель для животных;не создано;
97667;17028968;Товары для животных / Товар для ухода за животными / Игровой комплекс для животных;Игровой комплекс для животных;не создано;
970990327;17028968;Товары для животных / Товар для ухода за животными / Нож для машинки для стрижки животных;Нож для машинки для стрижки животных;не создано;
971110206;17028968;Товары для животных / Товар для ухода за животными / Подстилочный материал для домашних животных;Подстилочный материал для домашних животных;не создано;
95254;17028968;Товары для животных / Товар для ухода за животными / Совок для туалета;Совок для туалета;не создано;
971155138;17028968;Товары для животных / Товар для ухода за животными / Аксессуары для груминга;Аксессуары для груминга;не создано;
971962784;17028968;Товары для животных / Товар для ухода за животными / Фильтр для кошачьего туалета;Фильтр для кошачьего туалета;не создано;
115946763;17028968;Товары для животных / Товар для ухода за животными / Удалитель клещей;Удалитель клещей;не создано;
95246;17028968;Товары для животных / Товар для ухода за животными / Пилка для животных;Пилка для животных;не создано;
95247;17028968;Товары для животных / Товар для ухода за животными / Полотенце для животных;Полотенце для животных;не создано;
63569940;17028968;Товары для животных / Товар для ухода за животными / Фен для сушки шерсти животных;Фен для сушки шерсти животных;не создано;
95238;17028968;Товары для животных / Товар для ухода за животными / Игрушка для животных;Игрушка для животных;не создано;
95244;17028968;Товары для животных / Товар для ухода за животными / Насадка для стрижки животных;Насадка для стрижки животных;не создано;
971026449;17028968;Товары для животных / Товар для ухода за животными / Фонарик для обнаружения меток животных;Фонарик для обнаружения меток животных;не создано;
971053076;17028968;Товары для животных / Товар для ухода за животными / Беговое колесо для животных;Беговое колесо для животных;не создано;
970583363;17028968;Товары для животных / Товар для ухода за животными / Аккумулятор к машинке для стрижки животных;Аккумулятор к машинке для стрижки животных;не создано;
97951;17028968;Товары для животных / Товар для ухода за животными / Сетка-фиксатор для мытья кошек;Сетка-фиксатор для мытья кошек;не создано;
95245;17028968;Товары для животных / Товар для ухода за животными / Ножницы для стрижки животных;Ножницы для стрижки животных;не создано;
970721693;17028968;Товары для животных / Товар для ухода за животными / Коврик под лоток;Коврик под лоток;не создано;
971472428;17028968;Товары для животных / Товар для ухода за животными / Адаптер питания для автоматического лотка;Адаптер питания для автоматического лотка;не создано;
970580612;17028968;Товары для животных / Товар для ухода за животными / Душ для животных;Душ для животных;не создано;
95240;17028968;Товары для животных / Товар для ухода за животными / Когтеточка;Когтеточка;не создано;
95236;17028968;Товары для животных / Товар для ухода за животными / Губка для мытья животных;Губка для мытья животных;не создано;
95235;17028968;Товары для животных / Товар для ухода за животными / Ванночка для животных;Ванночка для животных;не создано;
95249;17028968;Товары для животных / Товар для ухода за животными / Расческа для животных;Расческа для животных;не создано;
971065949;17028968;Товары для животных / Товар для ухода за животными / Точильный камень для гриндера;Точильный камень для гриндера;не создано;
95255;17028968;Товары для животных / Товар для ухода за животными / Оборудование для груминга;Оборудование для груминга;не создано;
95172;17028968;Товары для животных / Товар для ухода за животными / Подгузники для животных;Подгузники для животных;не создано;
504866268;17028968;Товары для животных / Товар для ухода за животными / Лапомойка;Лапомойка;не создано;
95252;17028968;Товары для животных / Товар для ухода за животными / Лоток на унитаз;Лоток на унитаз;не создано;
95170;17028968;Товары для животных / Товар для ухода за животными / Одноразовая пеленка для животных;Одноразовая пеленка для животных;не создано;
95241;17028968;Товары для животных / Товар для ухода за животными / Колтунорез;Колтунорез;не создано;
95166;17028968;Товары для животных / Товар для ухода за животными / Многоразовая пеленка для животных;Многоразовая пеленка для животных;не создано;
95243;17028968;Товары для животных / Товар для ухода за животными / Машинка для стрижки животных;Машинка для стрижки животных;не создано;
971450232;200001131;Товары для животных / Ветаптека (лекарственные средства) / Гормональный препарат для животных;Гормональный препарат для животных;не создано;
971454581;200001131;Товары для животных / Ветаптека (лекарственные средства) / Препарат от глистов для животных;Препарат от глистов для животных;не создано;
971450234;200001131;Товары для животных / Ветаптека (лекарственные средства) / Препарат противовоспалительный для животных;Препарат противовоспалительный для животных;не создано;
971450246;200001131;Товары для животных / Ветаптека (лекарственные средства) / Препарат для глаз для животных;Препарат для глаз для животных;не создано;
971450249;200001131;Товары для животных / Ветаптека (лекарственные средства) / Препарат для опорно-двигательного аппарата животных;Препарат для опорно-двигательного аппарата животных;не создано;
971450248;200001131;Товары для животных / Ветаптека (лекарственные средства) / Препарат для мочеполовой системы животных;Препарат для мочеполовой системы животных;не создано;
972747256;200001131;Товары для животных / Ветаптека (лекарственные средства) / Рецептурный лекарственный препарат для животных;Рецептурный лекарственный препарат для животных;не создано;
971450235;200001131;Товары для животных / Ветаптека (лекарственные средства) / Иммуностимулятор для животных;Иммуностимулятор для животных;не создано;
95941;200001131;Товары для животных / Ветаптека (лекарственные средства) / Витамины для животных;Витамины для животных;не создано;
971854138;200001131;Товары для животных / Ветаптека (лекарственные средства) / Противорвотные препараты для животных;Противорвотные препараты для животных;не создано;
971450247;200001131;Товары для животных / Ветаптека (лекарственные средства) / Препарат для ушей для животных;Препарат для ушей для животных;не создано;
971450230;200001131;Товары для животных / Ветаптека (лекарственные средства) / Пребиотики для животных;Пребиотики для животных;не создано;
971450244;200001131;Товары для животных / Ветаптека (лекарственные средства) / Препарат от паразитов для животных;Препарат от паразитов для животных;не создано;
971450212;200001131;Товары для животных / Ветаптека (лекарственные средства) / Препарат для печени для животных;Препарат для печени для животных;не создано;
971450238;200001131;Товары для животных / Ветаптека (лекарственные средства) / Препарат седативный для животных;Препарат седативный для животных;не создано;
971450245;200001131;Товары для животных / Ветаптека (лекарственные средства) / Противомаститный препарат для животных;Противомаститный препарат для животных;не создано;
971450251;200001131;Товары для животных / Ветаптека (лекарственные средства) / Препарат от аллергии для животных;Препарат от аллергии для животных;не создано;
971450252;200001131;Товары для животных / Ветаптека (лекарственные средства) / Препарат против грибка животных;Препарат против грибка животных;не создано;
971450211;200001131;Товары для животных / Ветаптека (лекарственные средства) / Препарат для ЖКТ для животных;Препарат для ЖКТ для животных;не создано;
971454580;200001131;Товары для животных / Ветаптека (лекарственные средства) / Препарат от клещей, блох для животных;Препарат от клещей, блох для животных;не создано;
971450236;200001131;Товары для животных / Ветаптека (лекарственные средства) / Гомеопатический препарат для животных;Гомеопатический препарат для животных;не создано;
971450250;200001131;Товары для животных / Ветаптека (лекарственные средства) / Препарат для сердечно-сосудистой системы животных;Препарат для сердечно-сосудистой системы животных;не создано;
971450228;200001131;Товары для животных / Ветаптека (лекарственные средства) / Пробиотик для животных;Пробиотик для животных;не создано;
95940;200001131;Товары для животных / Ветаптека (лекарственные средства) / Вакцина для животных;Вакцина для животных;не создано;
972943123;200001131;Товары для животных / Ветаптека (лекарственные средства) / Нейротропный препарат;Нейротропный препарат;не создано;
91926;17028670;Товары для животных / Корма и лакомства для кошек и собак / Лакомство;Лакомство;не создано;
91925;17028670;Товары для животных / Корма и лакомства для кошек и собак / Корм сухой;Корм сухой;другая ошибка;"CONDITIONAL_ATTRIBUTE_ERROR:5365;warning_attribute_values_empty:5365;warning_attribute_values_out_of_range:4958"
91924;17028670;Товары для животных / Корма и лакомства для кошек и собак / Корм влажный;Корм влажный;другая ошибка;"CONDITIONAL_ATTRIBUTE_ERROR:5365;warning_attribute_values_empty:5365;warning_attribute_values_empty:8962;warning_attribute_values_out_of_range:4958"
971365797;17028670;Товары для животных / Корма и лакомства для кошек и собак / Молочная смесь для животных;Молочная смесь для животных;не создано;
971280702;17028670;Товары для животных / Корма и лакомства для кошек и собак / Корм замороженный;Корм замороженный;не создано;
91928;17028670;Товары для животных / Корма и лакомства для кошек и собак / Напитки для животных;Напитки для животных;не создано;
95192;17028673;Товары для животных / Посуда для животных / Поилка для животных;Поилка для животных;не создано;
95188;17028673;Товары для животных / Посуда для животных / Кормушка для птиц, грызунов;Кормушка для птиц, грызунов;не создано;
95183;17028673;Товары для животных / Посуда для животных / Автокормушка;Автокормушка;не создано;
95191;17028673;Товары для животных / Посуда для животных / Подставка для миски;Подставка для миски;не создано;
95190;17028673;Товары для животных / Посуда для животных / Набор для вскармливания;Набор для вскармливания;не создано;
95187;17028673;Товары для животных / Посуда для животных / Коврик под миску;Коврик под миску;не создано;
95195;17028673;Товары для животных / Посуда для животных / Аксессуары для поилки, автокормушки;Аксессуары для поилки, автокормушки;не создано;
95189;17028673;Товары для животных / Посуда для животных / Миска для животных;Миска для животных;не создано;
971435190;17028673;Товары для животных / Посуда для животных / Пресс для влажного корма;Пресс для влажного корма;другая ошибка;INCORRECT_DIMENSION:0
95186;17028673;Товары для животных / Посуда для животных / Контейнер для корма;Контейнер для корма;не создано;
971813657;17028966;Товары для животных / Одежда и обувь для животных / Манекен животного;Манекен животного;не создано;
96063;17028966;Товары для животных / Одежда и обувь для животных / Одежда для животных;Одежда для животных;не создано;
96062;17028966;Товары для животных / Одежда и обувь для животных / Обувь для собак;Обувь для собак;не создано;
98983;17028966;Товары для животных / Одежда и обувь для животных / Антицарапки;Антицарапки;не создано;
971929672;17028966;Товары для животных / Одежда и обувь для животных / Украшение для животных;Украшение для животных;не создано;
971012213;99735335;Товары для животных / Инсектологическая ферма  / Инсектологическая ферма;Инсектологическая ферма;не создано;
971326596;99735335;Товары для животных / Инсектологическая ферма  / Ферма бабочек;Ферма бабочек;не создано;
95264;17028969;Товары для животных / Аквариумы и террариумы / Аквариумный набор;Аквариумный набор;не создано;
95263;17028969;Товары для животных / Аквариумы и террариумы / Аквариум;Аквариум;не создано;
95265;17028969;Товары для животных / Аквариумы и террариумы / Террариум;Террариум;не создано;
91926;200001282;Товары для животных / Корма и лакомства для других животных / Лакомство;Лакомство;не создано;
91925;200001282;Товары для животных / Корма и лакомства для других животных / Корм сухой;Корм сухой;не создано;
91924;200001282;Товары для животных / Корма и лакомства для других животных / Корм влажный;Корм влажный;не создано;
91927;200001282;Товары для животных / Корма и лакомства для других животных / Минеральный камень;Минеральный камень;не создано;
971079262;89901233;Товары для животных / Муравьиная ферма / Икра для разведения аквариумных рыб;Икра для разведения аквариумных рыб;не создано;
94319;17027904;Галантерея и аксессуары / Аксессуары / Тележка складная;Тележка складная;не создано;
93866;17027904;Галантерея и аксессуары / Аксессуары / Очки солнцезащитные;Очки солнцезащитные;не создано;
93352;17027904;Галантерея и аксессуары / Аксессуары / Зонт;Зонт;не создано;
94024;17027904;Галантерея и аксессуары / Аксессуары / Портплед дорожный;Портплед дорожный;не создано;
971110560;17027904;Галантерея и аксессуары / Аксессуары / Фурнитура для чемодана;Фурнитура для чемодана;не создано;
96688;17027904;Галантерея и аксессуары / Аксессуары / Футляр для очков;Футляр для очков;не создано;
94012;17027904;Галантерея и аксессуары / Аксессуары / Барсетка;Барсетка;не создано;
94018;17027904;Галантерея и аксессуары / Аксессуары / Кейс ударопрочный;Кейс ударопрочный;не создано;
970966841;17027904;Галантерея и аксессуары / Аксессуары / Чехол для зонта;Чехол для зонта;не создано;
971081388;17027904;Галантерея и аксессуары / Аксессуары / Очки без диоптрий;Очки без диоптрий;не создано;
91758;17027904;Галантерея и аксессуары / Аксессуары / Часы наручные;Часы наручные;не создано;
93337;17027904;Галантерея и аксессуары / Аксессуары / Косметичка;Косметичка;не создано;
971301216;17027904;Галантерея и аксессуары / Аксессуары / Ремешок, браслет для часов;Ремешок, браслет для часов;не создано;
99510;17027904;Галантерея и аксессуары / Аксессуары / Аксессуары для сумки, рюкзака;Аксессуары для сумки, рюкзака;не создано;
93341;17027904;Галантерея и аксессуары / Аксессуары / Обложка для документов;Обложка для документов;не создано;
93338;17027904;Галантерея и аксессуары / Аксессуары / Кошелек;Кошелек;не создано;
94295;17027904;Галантерея и аксессуары / Аксессуары / Маска для сна;Маска для сна;не создано;
94046;17027904;Галантерея и аксессуары / Аксессуары / Чехол для чемодана;Чехол для чемодана;не создано;
94286;17027904;Галантерея и аксессуары / Аксессуары / Замок багажный;Замок багажный;не создано;
94307;17027904;Галантерея и аксессуары / Аксессуары / Органайзер дорожный;Органайзер дорожный;не создано;
970874896;17027899;Галантерея и аксессуары / Бижутерные украшения / Аксессуар для бижутерии;Аксессуар для бижутерии;другая ошибка;"error_attribute_values_empty:9048;error_attribute_values_empty:9163;error_attribute_values_empty:22232;error_attribute_values_out_of_range:85"
87593407;17027899;Галантерея и аксессуары / Бижутерные украшения / Крестик;Крестик;не создано;
87458883;17027899;Галантерея и аксессуары / Бижутерные украшения / Браслет;Браслет;другая ошибка;"error_attribute_values_empty:9048;error_attribute_values_empty:9163;error_attribute_values_empty:22232;error_attribute_values_out_of_range:85"
87593414;17027899;Галантерея и аксессуары / Бижутерные украшения / Шарм;Шарм;другая ошибка;INCORRECT_DIMENSION:0
87458885;17027899;Галантерея и аксессуары / Бижутерные украшения / Брелок;Брелок;другая ошибка;"error_attribute_values_empty:9048;error_attribute_values_empty:9163;error_attribute_values_empty:22232;error_attribute_values_out_of_range:85"
87458886;17027899;Галантерея и аксессуары / Бижутерные украшения / Брошь;Брошь;не создано;
971168976;17027899;Галантерея и аксессуары / Бижутерные украшения / Колье;Колье;не создано;
87458889;17027899;Галантерея и аксессуары / Бижутерные украшения / Держатель для сумки;Держатель для сумки;не создано;
87593409;17027899;Галантерея и аксессуары / Бижутерные украшения / Кольцо для платка;Кольцо для платка;другая ошибка;INCORRECT_DIMENSION:0
87593415;17027899;Галантерея и аксессуары / Бижутерные украшения / Шнурок;Шнурок;не создано;
87458901;17027899;Галантерея и аксессуары / Бижутерные украшения / Подвеска;Подвеска;не создано;
87458891;17027899;Галантерея и аксессуары / Бижутерные украшения / Запонки;Запонки;не создано;
93762;17027899;Галантерея и аксессуары / Бижутерные украшения / Значок;Значок;не создано;
87593412;17027899;Галантерея и аксессуары / Бижутерные украшения / Серьги;Серьги;не создано;
970872555;17027899;Галантерея и аксессуары / Бижутерные украшения / Грилзы;Грилзы;другая ошибка;INCORRECT_DIMENSION:0
87458896;17027899;Галантерея и аксессуары / Бижутерные украшения / Комплект украшений;Комплект украшений;не создано;
87458890;17027899;Галантерея и аксессуары / Бижутерные украшения / Зажим для галстука;Зажим для галстука;не создано;
97576;29183107;Галантерея и аксессуары / Аксессуары для волос / Заколка для волос;Заколка для волос;не создано;
97574;29183107;Галантерея и аксессуары / Аксессуары для волос / Ободок;Ободок;не создано;
97571;29183107;Галантерея и аксессуары / Аксессуары для волос / Резинка для волос;Резинка для волос;не создано;
97570;29183107;Галантерея и аксессуары / Аксессуары для волос / Бант для волос;Бант для волос;не создано;
97572;29183107;Галантерея и аксессуары / Аксессуары для волос / Гребень;Гребень;не создано;
970682680;29183107;Галантерея и аксессуары / Аксессуары для волос / Шапочка для сна;Шапочка для сна;не создано;
97581;29183107;Галантерея и аксессуары / Аксессуары для волос / Набор аксессуаров для волос;Набор аксессуаров для волос;не создано;
970982035;29183107;Галантерея и аксессуары / Аксессуары для волос / Сеточка для волос;Сеточка для волос;не создано;
97575;29183107;Галантерея и аксессуары / Аксессуары для волос / Повязка для волос;Повязка для волос;не создано;
94615;17027929;Галантерея и аксессуары / Аксессуары для одежды и обуви / Ролик для чистки одежды;Ролик для чистки одежды;не создано;
94622;17027929;Галантерея и аксессуары / Аксессуары для одежды и обуви / Шнурки;Шнурки;не создано;
94612;17027929;Галантерея и аксессуары / Аксессуары для одежды и обуви / Машинка для удаления катышков;Машинка для удаления катышков;не создано;
94623;17027929;Галантерея и аксессуары / Аксессуары для одежды и обуви / Щетка для одежды, обуви;Щетка для одежды, обуви;не создано;
887420108;17027929;Галантерея и аксессуары / Аксессуары для одежды и обуви / Штрипки;Штрипки;не создано;
970700299;17027929;Галантерея и аксессуары / Аксессуары для одежды и обуви / Пропитка водоотталкивающая;Пропитка водоотталкивающая;не создано;
94617;17027929;Галантерея и аксессуары / Аксессуары для одежды и обуви / Снегоступы;Снегоступы;не создано;
98167;17027929;Галантерея и аксессуары / Аксессуары для одежды и обуви / Кошки альпинистские;Кошки альпинистские;не создано;
94609;17027929;Галантерея и аксессуары / Аксессуары для одежды и обуви / Колодки для обуви;Колодки для обуви;не создано;
95308;17027929;Галантерея и аксессуары / Аксессуары для одежды и обуви / Средство для ухода за обувью;Средство для ухода за обувью;не создано;
971171428;17027929;Галантерея и аксессуары / Аксессуары для одежды и обуви / Декор для обуви;Декор для обуви;не создано;
94611;17027929;Галантерея и аксессуары / Аксессуары для одежды и обуви / Ложка, рожок для обуви;Ложка, рожок для обуви;не создано;
970807508;17027929;Галантерея и аксессуары / Аксессуары для одежды и обуви / Вкладыш для одежды;Вкладыш для одежды;не создано;
94607;17027929;Галантерея и аксессуары / Аксессуары для одежды и обуви / Джиббитсы;Джиббитсы;не создано;
971362877;17027929;Галантерея и аксессуары / Аксессуары для одежды и обуви / Наклейки противоскользящие на подошву;Наклейки противоскользящие на подошву;не создано;
970836651;17027929;Галантерея и аксессуары / Аксессуары для одежды и обуви / Резинка для варежек;Резинка для варежек;не создано;
971042048;17027929;Галантерея и аксессуары / Аксессуары для одежды и обуви / Фиксаторы для шнурков;Фиксаторы для шнурков;не создано;
94606;17027929;Галантерея и аксессуары / Аксессуары для одежды и обуви / Губка для обуви;Губка для обуви;не создано;
94608;17027929;Галантерея и аксессуары / Аксессуары для одежды и обуви / Сменный блок к ролику для чистки одежды;Сменный блок к ролику для чистки одежды;не создано;
94605;17027929;Галантерея и аксессуары / Аксессуары для одежды и обуви / Вкладыш для обуви;Вкладыш для обуви;не создано;
970870524;17027929;Галантерея и аксессуары / Аксессуары для одежды и обуви / Подставка для снятия обуви;Подставка для снятия обуви;не создано;
94619;17027929;Галантерея и аксессуары / Аксессуары для одежды и обуви / Сушилка для обуви;Сушилка для обуви;не создано;
741917976;17027929;Галантерея и аксессуары / Аксессуары для одежды и обуви / Чехлы-дождевики на обувь;Чехлы-дождевики на обувь;не создано;
592744673;17027929;Галантерея и аксессуары / Аксессуары для одежды и обуви / Ледоступы;Ледоступы;не создано;
92624;17028729;Дом и сад / Подушки, одеяла / Подушка на стул;Подушка на стул;не создано;
971036614;17028729;Дом и сад / Подушки, одеяла / Сиденье для садовой мебели;Сиденье для садовой мебели;не создано;
96803;17028729;Дом и сад / Подушки, одеяла / Поддерживающая подушка;Поддерживающая подушка;не создано;
92615;17028729;Дом и сад / Подушки, одеяла / Комплект одеяло, подушки;Комплект одеяло, подушки;не создано;
92619;17028729;Дом и сад / Подушки, одеяла / Подушка;Подушка;не создано;
92632;17028729;Дом и сад / Подушки, одеяла / Электропростыня;Электропростыня;не создано;
92631;17028729;Дом и сад / Подушки, одеяла / Электроодеяло;Электроодеяло;не создано;
970852585;17028729;Дом и сад / Подушки, одеяла / Мультиподушка;Мультиподушка;не создано;
92618;17028729;Дом и сад / Подушки, одеяла / Ортопедическая подушка;Ортопедическая подушка;не создано;
92616;17028729;Дом и сад / Подушки, одеяла / Одеяло;Одеяло;не создано;
92620;17028729;Дом и сад / Подушки, одеяла / Подушка декоративная;Подушка декоративная;не создано;
971362198;92417201;Дом и сад / Одноразовая посуда / Юбка для стола одноразовая;Юбка для стола одноразовая;не создано;
98183;92417201;Дом и сад / Одноразовая посуда / Крышки одноразовые;Крышки одноразовые;не создано;
970835984;92417201;Дом и сад / Одноразовая посуда / Ножи одноразовые;Ножи одноразовые;фото отклонено;DESCRIPTION_DECLINE:4194
97756;92417201;Дом и сад / Одноразовая посуда / Контейнеры одноразовые;Контейнеры одноразовые;не создано;
92532;92417201;Дом и сад / Одноразовая посуда / Тарелки одноразовые;Тарелки одноразовые;не создано;
970835982;92417201;Дом и сад / Одноразовая посуда / Размешиватели одноразовые;Размешиватели одноразовые;не создано;
970835978;92417201;Дом и сад / Одноразовая посуда / Ложки одноразовые;Ложки одноразовые;не создано;
971303710;92417201;Дом и сад / Одноразовая посуда / Креманки одноразовые;Креманки одноразовые;не создано;
971298672;92417201;Дом и сад / Одноразовая посуда / Держатели для стакана одноразовые;Держатели для стакана одноразовые;не создано;
92485;92417201;Дом и сад / Одноразовая посуда / Стаканы одноразовые;Стаканы одноразовые;другая ошибка;DESCRIPTION_DECLINE:22507
970870505;17027934;Дом и сад / Шторы и карнизы / Аксессуар для карниза;Аксессуар для карниза;не создано;
971057975;17027934;Дом и сад / Шторы и карнизы / Пульт для электрокарниза;Пульт для электрокарниза;не создано;
92647;17027934;Дом и сад / Шторы и карнизы / Занавеска на дверь;Занавеска на дверь;не создано;
970863786;17027934;Дом и сад / Шторы и карнизы / Ламбрекен;Ламбрекен;не создано;
92650;17027934;Дом и сад / Шторы и карнизы / Карниз для ванной;Карниз для ванной;не создано;
92661;17027934;Дом и сад / Шторы и карнизы / Тюль;Тюль;не создано;
970952739;17027934;Дом и сад / Шторы и карнизы / Аксессуар для жалюзи;Аксессуар для жалюзи;не создано;
970941998;17027934;Дом и сад / Шторы и карнизы / Электрокарниз;Электрокарниз;не создано;
92646;17027934;Дом и сад / Шторы и карнизы / Жалюзи;Жалюзи;не создано;
92665;17027934;Дом и сад / Шторы и карнизы / Штора;Штора;не создано;
97367;17027934;Дом и сад / Шторы и карнизы / Плиссе;Плиссе;не создано;
92649;17027934;Дом и сад / Шторы и карнизы / Карниз для штор;Карниз для штор;не создано;
92669;17027934;Дом и сад / Шторы и карнизы / Японские панели;Японские панели;не создано;
504866192;17027934;Дом и сад / Шторы и карнизы / Пленка для окон;Пленка для окон;не создано;
92658;17027934;Дом и сад / Шторы и карнизы / Римские шторы;Римские шторы;не создано;
92659;17027934;Дом и сад / Шторы и карнизы / Рулонные шторы;Рулонные шторы;не создано;
92666;17027934;Дом и сад / Шторы и карнизы / Штора для ванной;Штора для ванной;не создано;
971015048;17027934;Дом и сад / Шторы и карнизы / Электропривод для штор;Электропривод для штор;не создано;
91761;72095144;Дом и сад / Часы / Песочные часы;Песочные часы;не создано;
91759;72095144;Дом и сад / Часы / Настенные часы;Настенные часы;не создано;
91757;72095144;Дом и сад / Часы / Напольные часы;Напольные часы;не создано;
92565;17028742;Дом и сад / Столовые приборы / Нож столовый;Нож столовый;не создано;
92561;17028742;Дом и сад / Столовые приборы / Набор столовых приборов;Набор столовых приборов;не создано;
92557;17028742;Дом и сад / Столовые приборы / Ложка чайная;Ложка чайная;не создано;
92556;17028742;Дом и сад / Столовые приборы / Ложка столовая;Ложка столовая;не создано;
92546;17028742;Дом и сад / Столовые приборы / Вилка столовая;Вилка столовая;не создано;
971047443;17028742;Дом и сад / Столовые приборы / Столовый прибор для морепродуктов;Столовый прибор для морепродуктов;не создано;
970737658;17028742;Дом и сад / Столовые приборы / Столовое серебро;Столовое серебро;не создано;
92566;17028742;Дом и сад / Столовые приборы / Палочки для еды;Палочки для еды;не создано;
92791;17027941;Дом и сад / Товары для полива / Обратный клапан;Обратный клапан;фото отклонено;DESCRIPTION_DECLINE:4194
970870932;17027941;Дом и сад / Товары для полива / Садовая колонка для воды;Садовая колонка для воды;не создано;
970942693;17027941;Дом и сад / Товары для полива / Капельница для капельного полива;Капельница для капельного полива;не создано;
412778336;17027941;Дом и сад / Товары для полива / Гри-вкладыш для бочки;Гри-вкладыш для бочки;не создано;
92799;17027941;Дом и сад / Товары для полива / Тележка для шлангов;Тележка для шлангов;не создано;
970795606;17027941;Дом и сад / Товары для полива / Короб для системы полива;Короб для системы полива;не создано;
92788;17027941;Дом и сад / Товары для полива / Кран для бочки, бака;Кран для бочки, бака;не создано;
970942695;17027941;Дом и сад / Товары для полива / Капельная трубка;Капельная трубка;не создано;
92797;17027941;Дом и сад / Товары для полива / Комплект капельного полива;Комплект капельного полива;не создано;
970960332;17027941;Дом и сад / Товары для полива / Подводка дождевателя;Подводка дождевателя;не создано;
92786;17027941;Дом и сад / Товары для полива / Катушка для шланга;Катушка для шланга;не создано;
92787;17027941;Дом и сад / Товары для полива / Коннектор для шланга;Коннектор для шланга;не создано;
970796017;17027941;Дом и сад / Товары для полива / Крепление для системы полива;Крепление для системы полива;не создано;
971760451;17027941;Дом и сад / Товары для полива / Крышка для бочки, бака;Крышка для бочки, бака;не создано;
970795435;17027941;Дом и сад / Товары для полива / Управление системой полива;Управление системой полива;не создано;
971054436;17027941;Дом и сад / Товары для полива / Запчасть для садового опрыскивателя;Запчасть для садового опрыскивателя;не создано;
92792;17027941;Дом и сад / Товары для полива / Пистолет для полива;Пистолет для полива;фото отклонено;DESCRIPTION_DECLINE:4194
970984516;17027941;Дом и сад / Товары для полива / Инжектор Вентури;Инжектор Вентури;не создано;
92803;17027941;Дом и сад / Товары для полива / Шланг поливочный;Шланг поливочный;не создано;
971056668;17027941;Дом и сад / Товары для полива / Система для туманообразования;Система для туманообразования;не создано;
970959847;17027906;Дом и сад / Декор и интерьер / Интерьерное украшение;Интерьерное украшение;не создано;
91993;17027906;Дом и сад / Декор и интерьер / Стоппер для двери;Стоппер для двери;не создано;
91987;17027906;Дом и сад / Декор и интерьер / Постер;Постер;не создано;
15869053;17027906;Дом и сад / Декор и интерьер / Термометр;Термометр;не создано;
91973;17027906;Дом и сад / Декор и интерьер / Панно;Панно;не создано;
971102365;17027906;Дом и сад / Декор и интерьер / Фальш-окно;Фальш-окно;не создано;
99229;17027906;Дом и сад / Декор и интерьер / Держатель для книг;Держатель для книг;не создано;
93652;17027906;Дом и сад / Декор и интерьер / Фонтан для дома;Фонтан для дома;не создано;
91996;17027906;Дом и сад / Декор и интерьер / Фигурка декоративная;Фигурка декоративная;не создано;
95471;17027906;Дом и сад / Декор и интерьер / Газетница;Газетница;не создано;
971738440;17027906;Дом и сад / Декор и интерьер / Постамент;Постамент;не создано;
970752275;17027906;Дом и сад / Декор и интерьер / Подставка декоративная;Подставка декоративная;не создано;
91936;17027906;Дом и сад / Декор и интерьер / Ваза;Ваза;не создано;
91955;17027906;Дом и сад / Декор и интерьер / Картина;Картина;не создано;
91976;17027906;Дом и сад / Декор и интерьер / Плакат;Плакат;не создано;
91947;17027906;Дом и сад / Декор и интерьер / Держатель для бутылок интерьерный;Держатель для бутылок интерьерный;не создано;
257687128;17027906;Дом и сад / Декор и интерьер / Информационная табличка;Информационная табличка;не создано;
257687166;17027906;Дом и сад / Декор и интерьер / Номер на дверь;Номер на дверь;не создано;
970664084;17027906;Дом и сад / Декор и интерьер / Накладка на подлокотник дивана;Накладка на подлокотник дивана;не создано;
971084476;17027906;Дом и сад / Декор и интерьер / Баннер для праздника;Баннер для праздника;не создано;
91971;17027906;Дом и сад / Декор и интерьер / Наклейка интерьерная;Наклейка интерьерная;не создано;
970725250;17027906;Дом и сад / Декор и интерьер / Крепление для картин;Крепление для картин;не создано;
91945;17027906;Дом и сад / Декор и интерьер / Камни для декора;Камни для декора;не создано;
970713862;17027906;Дом и сад / Декор и интерьер / Рама для зеркала;Рама для зеркала;не создано;
91992;17027906;Дом и сад / Декор и интерьер / Статуэтка;Статуэтка;не создано;
257687106;17027906;Дом и сад / Декор и интерьер / Адресная табличка;Адресная табличка;не создано;
780969507;17028718;Дом и сад / Инвентарь для уборки / Пылевыбивалка;Пылевыбивалка;не создано;
96012;17028718;Дом и сад / Инвентарь для уборки / Набор для уборки;Набор для уборки;не создано;
971220928;17028718;Дом и сад / Инвентарь для уборки / Кухонный диспенсер для моющего средства;Кухонный диспенсер для моющего средства;не создано;
96009;17028718;Дом и сад / Инвентарь для уборки / Губка;Губка;не создано;
96016;17028718;Дом и сад / Инвентарь для уборки / Насадка для стеклоочистителя;Насадка для стеклоочистителя;не создано;
96023;17028718;Дом и сад / Инвентарь для уборки / Стеклоочиститель;Стеклоочиститель;не создано;
96021;17028718;Дом и сад / Инвентарь для уборки / Пипидастр;Пипидастр;не создано;
96018;17028718;Дом и сад / Инвентарь для уборки / Салфетки для уборки;Салфетки для уборки;не создано;
96020;17028718;Дом и сад / Инвентарь для уборки / Скребок для уборки;Скребок для уборки;не создано;
970973758;17028718;Дом и сад / Инвентарь для уборки / Пад для орбитальных машин;Пад для орбитальных машин;не создано;
96022;17028718;Дом и сад / Инвентарь для уборки / Совок;Совок;не создано;
970869623;17028718;Дом и сад / Инвентарь для уборки / Щетка для уборки;Щетка для уборки;не создано;
96007;17028718;Дом и сад / Инвентарь для уборки / Веник;Веник;не создано;
115947509;17028718;Дом и сад / Инвентарь для уборки / Перчатки хозяйственные;Перчатки хозяйственные;не создано;
643199398;17028718;Дом и сад / Инвентарь для уборки / Запчасть для швабры;Запчасть для швабры;не создано;
96014;17028718;Дом и сад / Инвентарь для уборки / Метла;Метла;не создано;
96024;17028718;Дом и сад / Инвентарь для уборки / Тряпка;Тряпка;не создано;
970954002;17028718;Дом и сад / Инвентарь для уборки / Водосгон для пола;Водосгон для пола;не создано;
96027;17028718;Дом и сад / Инвентарь для уборки / Щетка для посуды;Щетка для посуды;не создано;
970727488;17028718;Дом и сад / Инвентарь для уборки / Держатель для швабры;Держатель для швабры;не создано;
98607;17028743;Дом и сад / Сувениры и подарки / Атрибутика болельщика;Атрибутика болельщика;не создано;
95410;17028743;Дом и сад / Сувениры и подарки / Букет из игрушек;Букет из игрушек;не создано;
93791;17028743;Дом и сад / Сувениры и подарки / Миниатюра с кристаллами;Миниатюра с кристаллами;не создано;
93819;17028743;Дом и сад / Сувениры и подарки / Шар для принятия решений;Шар для принятия решений;не создано;
93738;17028743;Дом и сад / Сувениры и подарки / Банкетная карточка;Банкетная карточка;не создано;
93776;17028743;Дом и сад / Сувениры и подарки / Ловец снов;Ловец снов;не создано;
970966675;17028743;Дом и сад / Сувениры и подарки / Карта желаний;Карта желаний;не создано;
559455264;17028743;Дом и сад / Сувениры и подарки / Лента праздничная;Лента праздничная;не создано;
93785;17028743;Дом и сад / Сувениры и подарки / Магнит на холодильник;Магнит на холодильник;не создано;
971422434;17028743;Дом и сад / Сувениры и подарки / Маятник-антистресс;Маятник-антистресс;не создано;
971102841;17028743;Дом и сад / Сувениры и подарки / Конверт, шкатулка для денег;Конверт, шкатулка для денег;не создано;
93735;17028743;Дом и сад / Сувениры и подарки / Сувенир;Сувенир;не создано;
93754;17028743;Дом и сад / Сувениры и подарки / Грамота подарочная;Грамота подарочная;не создано;
970955218;17028743;Дом и сад / Сувениры и подарки / Сюрприз-бокс;Сюрприз-бокс;не создано;
971072554;17028743;Дом и сад / Сувениры и подарки / Вечный календарь;Вечный календарь;не создано;
970967096;17028743;Дом и сад / Сувениры и подарки / Колодка для медалей;Колодка для медалей;не создано;
97233;17028743;Дом и сад / Сувениры и подарки / Диплом подарочный;Диплом подарочный;не создано;
93748;17028743;Дом и сад / Сувениры и подарки / Вымпел;Вымпел;не создано;
93729;17028743;Дом и сад / Сувениры и подарки / Украшение на машину;Украшение на машину;не создано;
970872284;17028743;Дом и сад / Сувениры и подарки / Награда;Награда;не создано;
93761;17028743;Дом и сад / Сувениры и подарки / Замок декоративный;Замок декоративный;не создано;
91965;17028743;Дом и сад / Сувениры и подарки / Матрешка;Матрешка;не создано;
95411;17028743;Дом и сад / Сувениры и подарки / Буклет для заполнения;Буклет для заполнения;не создано;
97340;17028743;Дом и сад / Сувениры и подарки / Подарок с приколом;Подарок с приколом;не создано;
971310233;17028743;Дом и сад / Сувениры и подарки / Футляр для медали;Футляр для медали;не создано;
970669850;17028743;Дом и сад / Сувениры и подарки / Колокольчик;Колокольчик;не создано;
971033653;17028743;Дом и сад / Сувениры и подарки / Патронташ сувенирный;Патронташ сувенирный;не создано;
93796;17028743;Дом и сад / Сувениры и подарки / Открытка;Открытка;не создано;
93812;17028743;Дом и сад / Сувениры и подарки / Сувенирное оружие, доспехи;Сувенирное оружие, доспехи;не создано;
971219611;17028743;Дом и сад / Сувениры и подарки / Футляр для сувенирного оружия;Футляр для сувенирного оружия;не создано;
93804;17028743;Дом и сад / Сувениры и подарки / Рушник;Рушник;не создано;
370189574;17028743;Дом и сад / Сувениры и подарки / Именные столовые приборы;Именные столовые приборы;не создано;
93792;17028743;Дом и сад / Сувениры и подарки / Набор для конкурса;Набор для конкурса;не создано;
970667791;17028743;Дом и сад / Сувениры и подарки / Военный сувенир;Военный сувенир;фото отклонено;DESCRIPTION_DECLINE:4194
93756;17028743;Дом и сад / Сувениры и подарки / Банкноты сувенирные;Банкноты сувенирные;не создано;
97901;17028743;Дом и сад / Сувениры и подарки / Флаг;Флаг;не создано;
971097529;17028743;Дом и сад / Сувениры и подарки / Музыкальный сувенир;Музыкальный сувенир;не создано;
970967802;17028743;Дом и сад / Сувениры и подарки / Флагшток;Флагшток;не создано;
96184;17028743;Дом и сад / Сувениры и подарки / Бутоньерка;Бутоньерка;не создано;
971013633;17028743;Дом и сад / Сувениры и подарки / Подвязка для невесты;Подвязка для невесты;не создано;
93772;17028743;Дом и сад / Сувениры и подарки / Кубок;Кубок;не создано;
95445;17028743;Дом и сад / Сувениры и подарки / Приглашение на праздник;Приглашение на праздник;не создано;
93742;17028743;Дом и сад / Сувениры и подарки / Бонбоньерка;Бонбоньерка;не создано;
970746729;17028743;Дом и сад / Сувениры и подарки / Звонок на стол;Звонок на стол;не создано;
148495146;17028743;Дом и сад / Сувениры и подарки / Веер;Веер;не создано;
970896775;17027930;Дом и сад / Товары для пикника / Дрова;Дрова;не создано;
94355;17027930;Дом и сад / Товары для пикника / Жидкость для розжига;Жидкость для розжига;не создано;
971291458;17027930;Дом и сад / Товары для пикника / Лучина для розжига;Лучина для розжига;не создано;
94354;17027930;Дом и сад / Товары для пикника / Решетка-гриль;Решетка-гриль;не создано;
504866280;17027930;Дом и сад / Товары для пикника / Лопатка для барбекю;Лопатка для барбекю;не создано;
971156481;17027930;Дом и сад / Товары для пикника / Защитный зонт для продуктов;Защитный зонт для продуктов;не создано;
970946624;17027930;Дом и сад / Товары для пикника / Аксессуар для гриля, мангала, коптильни;Аксессуар для гриля, мангала, коптильни;не создано;
94339;17027930;Дом и сад / Товары для пикника / Аккумулятор холода;Аккумулятор холода;не создано;
702661764;17027930;Дом и сад / Товары для пикника / Чехол для принадлежностей барбекю;Чехол для принадлежностей барбекю;не создано;
115945855;17027930;Дом и сад / Товары для пикника / Набор инструментов для барбекю;Набор инструментов для барбекю;не создано;
970889580;17027930;Дом и сад / Товары для пикника / Аксессуары для костровой чаши;Аксессуары для костровой чаши;не создано;
94358;17027930;Дом и сад / Товары для пикника / Тренога;Тренога;не создано;
94340;17027930;Дом и сад / Товары для пикника / Барбекю-гриль;Барбекю-гриль;не создано;
970956113;17027930;Дом и сад / Товары для пикника / Веер для раздувания огня;Веер для раздувания огня;не создано;
970877827;17027930;Дом и сад / Товары для пикника / Подставка для шампуров;Подставка для шампуров;не создано;
702556875;17027930;Дом и сад / Товары для пикника / Форма для барбекю, гриля;Форма для барбекю, гриля;не создано;
94356;17027930;Дом и сад / Товары для пикника / Тандыр;Тандыр;не создано;
94346;17027930;Дом и сад / Товары для пикника / Костровая чаша;Костровая чаша;не создано;
431787897;17027930;Дом и сад / Товары для пикника / Спички;Спички;другая ошибка;
971035594;17027930;Дом и сад / Товары для пикника / Финская свеча;Финская свеча;не создано;
713080979;17027930;Дом и сад / Товары для пикника / Стартер для розжига угля;Стартер для розжига угля;не создано;
94347;17027930;Дом и сад / Товары для пикника / Мангал;Мангал;не создано;
94344;17027930;Дом и сад / Товары для пикника / Коптильня;Коптильня;не создано;
970892534;17027930;Дом и сад / Товары для пикника / Садж;Садж;не создано;
94341;17027930;Дом и сад / Товары для пикника / Вилка для барбекю;Вилка для барбекю;не создано;
94345;17027930;Дом и сад / Товары для пикника / Корзина для пикника;Корзина для пикника;не создано;
970973519;17027930;Дом и сад / Товары для пикника / Топливо для саджей, мармитов;Топливо для саджей, мармитов;не создано;
115945849;17027930;Дом и сад / Товары для пикника / Жаровня для пикника;Жаровня для пикника;не создано;
970874897;17027930;Дом и сад / Товары для пикника / Устройство для вращения шампуров;Устройство для вращения шампуров;не создано;
970860983;17027930;Дом и сад / Товары для пикника / Набор для приготовления лепешек;Набор для приготовления лепешек;не создано;
970865473;17027930;Дом и сад / Товары для пикника / Томильня;Томильня;не создано;
94350;17027930;Дом и сад / Товары для пикника / Набор для пикника;Набор для пикника;не создано;
970862355;17027930;Дом и сад / Товары для пикника / Мультитул для гриля;Мультитул для гриля;не создано;
238989882;17027930;Дом и сад / Товары для пикника / Щетка для чистки гриля;Щетка для чистки гриля;не создано;
971049134;17027930;Дом и сад / Товары для пикника / Шампур;Шампур;не создано;
970826009;17027930;Дом и сад / Товары для пикника / Греющий элемент для термосумки;Греющий элемент для термосумки;не создано;
971102381;17027930;Дом и сад / Товары для пикника / Держатели мяса на шампуре;Держатели мяса на шампуре;не создано;
504866281;17027930;Дом и сад / Товары для пикника / Уголь;Уголь;не создано;
93366;17028712;Дом и сад / Зеркала / Зеркало интерьерное;Зеркало интерьерное;не создано;
91468;83625738;Дом и сад / Насосы для дачи / Насосная станция;Насосная станция;не создано;
91462;83625738;Дом и сад / Насосы для дачи / Насос погружной;Насос погружной;не создано;
99332;83625738;Дом и сад / Насосы для дачи / Аксессуары для садового насоса;Аксессуары для садового насоса;не создано;
98340;83625738;Дом и сад / Насосы для дачи / Насос поверхностный;Насос поверхностный;не создано;
971125576;83625738;Дом и сад / Насосы для дачи / Насосная группа;Насосная группа;не создано;
95468;17027932;Дом и сад / Фоторамки и фотоальбомы / Фотоальбом;Фотоальбом;не создано;
115946973;17027932;Дом и сад / Фоторамки и фотоальбомы / Фоторамка;Фоторамка;не создано;
98504;17027932;Дом и сад / Фоторамки и фотоальбомы / Держатель для фото;Держатель для фото;не создано;
971327048;17027932;Дом и сад / Фоторамки и фотоальбомы / Стекло для рамок;Стекло для рамок;не создано;
970891967;17027935;Дом и сад / Елки / Чехол для елки;Чехол для елки;не создано;
970601440;17027935;Дом и сад / Елки / Подставка, юбка под елку;Подставка, юбка под елку;не создано;
92805;17027935;Дом и сад / Елки / Елка искусственная;Елка искусственная;не создано;
92692;17028730;Дом и сад / Полотенца и скатерти / Скатерть;Скатерть;не создано;
970865037;17028730;Дом и сад / Полотенца и скатерти / Полотенце для ванной;Полотенце для ванной;не создано;
97215;17028730;Дом и сад / Полотенца и скатерти / Комплект текстиля для кухни;Комплект текстиля для кухни;не создано;
970878303;17028730;Дом и сад / Полотенца и скатерти / Салфетка сервировочная;Салфетка сервировочная;не создано;
970939384;17028730;Дом и сад / Полотенца и скатерти / Гибкое стекло;Гибкое стекло;не создано;
92688;17028730;Дом и сад / Полотенца и скатерти / Прихватка;Прихватка;не создано;
970945555;17028730;Дом и сад / Полотенца и скатерти / Зажим для скатерти;Зажим для скатерти;не создано;
970985936;17028730;Дом и сад / Полотенца и скатерти / Нагрудник для ресторана;Нагрудник для ресторана;не создано;
970942585;17028730;Дом и сад / Полотенца и скатерти / Крестильное полотенце;Крестильное полотенце;не создано;
93870;17028730;Дом и сад / Полотенца и скатерти / Фартук кухонный;Фартук кухонный;не создано;
970942681;17028730;Дом и сад / Полотенца и скатерти / Подложка под скатерть;Подложка под скатерть;не создано;
92670;17028730;Дом и сад / Полотенца и скатерти / Дорожка для стола;Дорожка для стола;не создано;
97626;17028730;Дом и сад / Полотенца и скатерти / Грелка на чайник;Грелка на чайник;не создано;
970707280;17028730;Дом и сад / Полотенца и скатерти / Клеенка на стол;Клеенка на стол;не создано;
92671;17028730;Дом и сад / Полотенца и скатерти / Килт парео для бани;Килт парео для бани;не создано;
94924;84338046;Дом и сад / Оснастка и запчасти к садовой технике / Леска для триммера;Леска для триммера;не создано;
94880;84338046;Дом и сад / Оснастка и запчасти к садовой технике / Нож для садового инструмента;Нож для садового инструмента;не создано;
971893237;84338046;Дом и сад / Оснастка и запчасти к садовой технике / Оснастка для садовой техники;Оснастка для садовой техники;не создано;
971893223;84338046;Дом и сад / Оснастка и запчасти к садовой технике / Аксессуары для мотоблока;Аксессуары для мотоблока;не создано;
971893191;84338046;Дом и сад / Оснастка и запчасти к садовой технике / Запчасть для снегоуборщика;Запчасть для снегоуборщика;не создано;
970676555;84338046;Дом и сад / Оснастка и запчасти к садовой технике / Двигатель для садовой техники;Двигатель для садовой техники;не создано;
970780866;77011122;Дом и сад / Ритуальные, религиозные товары / Крест на могилу;Крест на могилу;не создано;
971365974;77011122;Дом и сад / Ритуальные, религиозные товары / Аксессуары религиозные;Аксессуары религиозные;не создано;
91953;77011122;Дом и сад / Ритуальные, религиозные товары / Икона;Икона;не создано;
971414565;77011122;Дом и сад / Ритуальные, религиозные товары / Цветник на могилу;Цветник на могилу;не создано;
970780863;77011122;Дом и сад / Ритуальные, религиозные товары / Ваза на кладбище;Ваза на кладбище;не создано;
261138229;77011122;Дом и сад / Ритуальные, религиозные товары / Четки;Четки;не создано;
971812108;77011122;Дом и сад / Ритуальные, религиозные товары / Ритуальный аксессуар;Ритуальный аксессуар;не создано;
971149518;77011122;Дом и сад / Ритуальные, религиозные товары / Образок нательный;Образок нательный;не создано;
971439094;77011122;Дом и сад / Ритуальные, религиозные товары / Облачение для храма;Облачение для храма;не создано;
96195;77011122;Дом и сад / Ритуальные, религиозные товары / Цветы на кладбище;Цветы на кладбище;не создано;
971136501;77011122;Дом и сад / Ритуальные, религиозные товары / Печать для просфоры;Печать для просфоры;не создано;
971312507;77011122;Дом и сад / Ритуальные, религиозные товары / Чаша для омовения;Чаша для омовения;не создано;
971038322;77011122;Дом и сад / Ритуальные, религиозные товары / Ограда на могилу;Ограда на могилу;не создано;
970638695;77011122;Дом и сад / Ритуальные, религиозные товары / Коврик для намаза;Коврик для намаза;не создано;
971151259;77011122;Дом и сад / Ритуальные, религиозные товары / Траурная рамка;Траурная рамка;не создано;
971138804;77011122;Дом и сад / Ритуальные, религиозные товары / Табличка на памятник;Табличка на памятник;не создано;
970952494;77011122;Дом и сад / Ритуальные, религиозные товары / Уголь церковный;Уголь церковный;не создано;
971217350;77011122;Дом и сад / Ритуальные, религиозные товары / Святая вода;Святая вода;не создано;
92634;17027927;Дом и сад / Пледы и покрывала / Плед;Плед;не создано;
971115053;17027927;Дом и сад / Пледы и покрывала / Подзор для кровати;Подзор для кровати;не создано;
971093280;17027927;Дом и сад / Пледы и покрывала / Защита для мягкой мебели от животных;Защита для мягкой мебели от животных;не создано;
92641;17027927;Дом и сад / Пледы и покрывала / Чехол на мебель;Чехол на мебель;не создано;
92638;17027927;Дом и сад / Пледы и покрывала / Покрывало;Покрывало;не создано;
970994444;89280910;Дом и сад / Оборудование для HoReCa / Буфетная станция;Буфетная станция;не создано;
970797421;17027931;Дом и сад / Фильтры для воды / Засыпной фильтр;Засыпной фильтр;не создано;
970718137;17027931;Дом и сад / Фильтры для воды / Тестер воды;Тестер воды;не создано;
97074;17027931;Дом и сад / Фильтры для воды / Система очистки воды;Система очистки воды;не создано;
94596;17027931;Дом и сад / Фильтры для воды / Фильтр встраиваемый для мойки;Фильтр встраиваемый для мойки;не создано;
970683123;17027931;Дом и сад / Фильтры для воды / Умягчитель проточной воды;Умягчитель проточной воды;не создано;
94592;17027931;Дом и сад / Фильтры для воды / Система обратного осмоса;Система обратного осмоса;не создано;
970956451;17027931;Дом и сад / Фильтры для воды / УФ установка обеззараживания;УФ установка обеззараживания;не создано;
94683;17027931;Дом и сад / Фильтры для воды / Питьевой фонтанчик;Питьевой фонтанчик;не создано;
970985979;17027931;Дом и сад / Фильтры для воды / Насос для системы обратного осмоса;Насос для системы обратного осмоса;не создано;
971124821;17027931;Дом и сад / Фильтры для воды / Блок управления фильтром;Блок управления фильтром;не создано;
971306292;17027931;Дом и сад / Фильтры для воды / Засыпка наполнитель фильтра для воды;Засыпка наполнитель фильтра для воды;не создано;
94602;17027931;Дом и сад / Фильтры для воды / Фильтр-насадка на кран;Фильтр-насадка на кран;не создано;
94599;17027931;Дом и сад / Фильтры для воды / Фильтр-бутылка;Фильтр-бутылка;не создано;
970987203;17027931;Дом и сад / Фильтры для воды / Аэрационная колонна;Аэрационная колонна;не создано;
94600;17027931;Дом и сад / Фильтры для воды / Фильтр походный;Фильтр походный;не создано;
970973763;17027931;Дом и сад / Фильтры для воды / Магнитный преобразователь воды;Магнитный преобразователь воды;не создано;
94601;17027931;Дом и сад / Фильтры для воды / Фильтр-кувшин;Фильтр-кувшин;не создано;
94593;17027931;Дом и сад / Фильтры для воды / Сменный картридж для фильтра;Сменный картридж для фильтра;не создано;
94589;17027931;Дом и сад / Фильтры для воды / Аксессуары для фильтров воды;Аксессуары для фильтров воды;не создано;
920153135;17027931;Дом и сад / Фильтры для воды / Ионизатор проточный воды;Ионизатор проточный воды;не создано;
971052661;17027931;Дом и сад / Фильтры для воды / Фильтр для скважины;Фильтр для скважины;не создано;
971065466;17027931;Дом и сад / Фильтры для воды / Накопительный фильтр;Накопительный фильтр;не создано;
98312;17028715;Дом и сад / Аксессуары для цветов / Набор для рассады;Набор для рассады;не создано;
96259;17028715;Дом и сад / Аксессуары для цветов / Подставка для цветов;Подставка для цветов;не создано;
96257;17028715;Дом и сад / Аксессуары для цветов / Пульверизатор;Пульверизатор;не создано;
970715572;17028715;Дом и сад / Аксессуары для цветов / Гроубокс;Гроубокс;не создано;
98467;17028715;Дом и сад / Аксессуары для цветов / Проращиватель семян;Проращиватель семян;не создано;
970787821;17028715;Дом и сад / Аксессуары для цветов / Фильтр для цветочного горшка;Фильтр для цветочного горшка;не создано;
96258;17028715;Дом и сад / Аксессуары для цветов / Поддон для цветов;Поддон для цветов;не создано;
970806521;17028715;Дом и сад / Аксессуары для цветов / Рассеиватель для садовой лейки;Рассеиватель для садовой лейки;не создано;
697462970;17028715;Дом и сад / Аксессуары для цветов / Умный сад;Умный сад;не создано;
96250;17028715;Дом и сад / Аксессуары для цветов / Горшок для цветов;Горшок для цветов;не создано;
122627223;17028715;Дом и сад / Аксессуары для цветов / Гидропонная установка;Гидропонная установка;не создано;
970785941;17028715;Дом и сад / Аксессуары для цветов / Автополив;Автополив;не создано;
970967883;17028715;Дом и сад / Аксессуары для цветов / Кронштейн для кашпо;Кронштейн для кашпо;не создано;
96251;17028715;Дом и сад / Аксессуары для цветов / Кашпо;Кашпо;не создано;
971161064;17028715;Дом и сад / Аксессуары для цветов / Коврик для растений;Коврик для растений;не создано;
92718;86029514;Дом и сад / Ароматы для дома / Ароматический диффузор;Ароматический диффузор;не создано;
971012137;86029514;Дом и сад / Ароматы для дома / Палочки для аромадиффузора;Палочки для аромадиффузора;не создано;
970833114;86029514;Дом и сад / Ароматы для дома / Стойка для эфирных масел;Стойка для эфирных масел;не создано;
970833113;86029514;Дом и сад / Ароматы для дома / Флакон для ароматизатора;Флакон для ароматизатора;не создано;
970629291;86029514;Дом и сад / Ароматы для дома / Подставка для благовоний;Подставка для благовоний;не создано;
93740;86029514;Дом и сад / Ароматы для дома / Благовония;Благовония;не создано;
92721;86029514;Дом и сад / Ароматы для дома / Ароматизатор для дома;Ароматизатор для дома;не создано;
92719;86029514;Дом и сад / Ароматы для дома / Нейтрализатор запаха;Нейтрализатор запаха;не создано;
92573;17027928;Дом и сад / Термосы, термокружки и сифоны для газирования / Сифон для газирования;Сифон для газирования;не создано;
99447;17027928;Дом и сад / Термосы, термокружки и сифоны для газирования / Аксессуары для термоса;Аксессуары для термоса;не создано;
970880053;17027928;Дом и сад / Термосы, термокружки и сифоны для газирования / Термокастрюля;Термокастрюля;не создано;
92576;17027928;Дом и сад / Термосы, термокружки и сифоны для газирования / Термос;Термос;не создано;
92419;17027921;Дом и сад / Ножи кухонные / Кухонный топорик;Кухонный топорик;не создано;
568746176;17027921;Дом и сад / Ножи кухонные / Набор для резки сыра;Набор для резки сыра;не создано;
971309516;17027921;Дом и сад / Ножи кухонные / Пила ручная для мяса, костей;Пила ручная для мяса, костей;не создано;
92433;17027921;Дом и сад / Ножи кухонные / Кухонный нож;Кухонный нож;не создано;
92432;17027921;Дом и сад / Ножи кухонные / Набор кухонных ножей;Набор кухонных ножей;не создано;
971166270;17027908;Дом и сад / Вешалки для одежды / Вешалка потолочная;Вешалка потолочная;не создано;
971001227;17027908;Дом и сад / Вешалки для одежды / Вешалка-органайзер;Вешалка-органайзер;не создано;
93676;17027908;Дом и сад / Вешалки для одежды / Крючок для дома;Крючок для дома;не создано;
93670;17027908;Дом и сад / Вешалки для одежды / Вешалка напольная;Вешалка напольная;не создано;
93669;17027908;Дом и сад / Вешалки для одежды / Вешалка на дверь;Вешалка на дверь;не создано;
971306932;17027908;Дом и сад / Вешалки для одежды / Вешалка для одежды животных;Вешалка для одежды животных;не создано;
971226091;17027908;Дом и сад / Вешалки для одежды / Накладки на вешалки;Накладки на вешалки;не создано;
92519;17028741;Дом и сад / Столовая посуда / Салатник;Салатник;не создано;
92537;17028741;Дом и сад / Столовая посуда / Чайная, кофейная пара;Чайная, кофейная пара;не создано;
92514;17028741;Дом и сад / Столовая посуда / Набор столовой посуды;Набор столовой посуды;не создано;
92498;17028741;Дом и сад / Столовая посуда / Креманка, розетка;Креманка, розетка;не создано;
92492;17028741;Дом и сад / Столовая посуда / Блюдо сервировочное;Блюдо сервировочное;не создано;
970825777;17028741;Дом и сад / Столовая посуда / Набор для чайной церемонии;Набор для чайной церемонии;не создано;
92538;17028741;Дом и сад / Столовая посуда / Чайник заварочный;Чайник заварочный;не создано;
971047669;17028741;Дом и сад / Столовая посуда / Межъярус для торта;Межъярус для торта;не создано;
93715;17028741;Дом и сад / Столовая посуда / Органайзер для чайных пакетиков;Органайзер для чайных пакетиков;не создано;
970856654;17028741;Дом и сад / Столовая посуда / Подложка для торта, пирожного;Подложка для торта, пирожного;не создано;
92526;17028741;Дом и сад / Столовая посуда / Супница, бульонница;Супница, бульонница;не создано;
92515;17028741;Дом и сад / Столовая посуда / Сервиз чайный, кофейный;Сервиз чайный, кофейный;не создано;
92533;17028741;Дом и сад / Столовая посуда / Тортница;Тортница;не создано;
97596;17028741;Дом и сад / Столовая посуда / Подставка для яиц;Подставка для яиц;не создано;
92517;17028741;Дом и сад / Столовая посуда / Подстаканник;Подстаканник;не создано;
970593920;17028741;Дом и сад / Столовая посуда / Паштетница;Паштетница;не создано;
92493;17028741;Дом и сад / Столовая посуда / Блюдце;Блюдце;не создано;
92524;17028741;Дом и сад / Столовая посуда / Соусник;Соусник;не создано;
970667010;17028741;Дом и сад / Столовая посуда / Икорница;Икорница;не создано;
92520;17028741;Дом и сад / Столовая посуда / Сахарница;Сахарница;не создано;
971158724;17028741;Дом и сад / Столовая посуда / Питчер, молочник;Питчер, молочник;не создано;
92516;17028741;Дом и сад / Столовая посуда / Пиала;Пиала;не создано;
92506;17028741;Дом и сад / Столовая посуда / Миска;Миска;не создано;
92505;17028741;Дом и сад / Столовая посуда / Менажница;Менажница;не создано;
970875771;17028741;Дом и сад / Столовая посуда / Подставка сервировочная;Подставка сервировочная;не создано;
92503;17028741;Дом и сад / Столовая посуда / Мармит;Мармит;не создано;
970865623;17028741;Дом и сад / Столовая посуда / Корзина для сервировки;Корзина для сервировки;не создано;
92495;17028741;Дом и сад / Столовая посуда / Конфетница;Конфетница;не создано;
92535;17028741;Дом и сад / Столовая посуда / Фруктовница;Фруктовница;не создано;
970838692;17028739;Дом и сад / Свечи и подсвечники / Аксессуар для свечей;Аксессуар для свечей;не создано;
95741;17028739;Дом и сад / Свечи и подсвечники / Свеча;Свеча;не создано;
95737;17028739;Дом и сад / Свечи и подсвечники / Подсвечник;Подсвечник;не создано;
95733;17028739;Дом и сад / Свечи и подсвечники / Аромалампа;Аромалампа;не создано;
818399464;17028739;Дом и сад / Свечи и подсвечники / Топпер для торта;Топпер для торта;не создано;
98469;17028739;Дом и сад / Свечи и подсвечники / Ароматический воск;Ароматический воск;не создано;
970942387;17028748;Дом и сад / Грунт, удобрения и садовая химия / Биоактиватор;Биоактиватор;не создано;
702455406;17028748;Дом и сад / Грунт, удобрения и садовая химия / Торф;Торф;не создано;
95223;17028748;Дом и сад / Грунт, удобрения и садовая химия / Отпугиватель вредителей;Отпугиватель вредителей;не создано;
971895170;17028748;Дом и сад / Грунт, удобрения и садовая химия / Агрохимикат;Агрохимикат;другая ошибка;error_card_with_deleted_photos:0
971012871;17028748;Дом и сад / Грунт, удобрения и садовая химия / Мульча;Мульча;не создано;
92705;17028748;Дом и сад / Грунт, удобрения и садовая химия / Средство для очистки водоемов;Средство для очистки водоемов;не создано;
970956382;17028748;Дом и сад / Грунт, удобрения и садовая химия / Садовый вар для деревьев;Садовый вар для деревьев;другая ошибка;error_card_with_deleted_photos:0
971438839;17028748;Дом и сад / Грунт, удобрения и садовая химия / Перлит;Перлит;не создано;
970956383;17028748;Дом и сад / Грунт, удобрения и садовая химия / Марганцовка;Марганцовка;не создано;
970955995;17028748;Дом и сад / Грунт, удобрения и садовая химия / Защита от сорняков;Защита от сорняков;другая ошибка;error_card_with_deleted_photos:0
97146;17028748;Дом и сад / Грунт, удобрения и садовая химия / Дренаж;Дренаж;не создано;
99107;17028748;Дом и сад / Грунт, удобрения и садовая химия / Противогололедное средство;Противогололедное средство;фото отклонено;DESCRIPTION_DECLINE:4194
971025171;17028748;Дом и сад / Грунт, удобрения и садовая химия / Мох;Мох;не создано;
970709571;17028748;Дом и сад / Грунт, удобрения и садовая химия / Гидрогель для растений;Гидрогель для растений;не создано;
971124652;17028748;Дом и сад / Грунт, удобрения и садовая химия / Противоприсадные шипы;Противоприсадные шипы;не создано;
970942696;17028748;Дом и сад / Грунт, удобрения и садовая химия / Биостимулятор;Биостимулятор;не создано;
970956381;17028748;Дом и сад / Грунт, удобрения и садовая химия / Побелка для деревьев;Побелка для деревьев;не создано;
308043;17028748;Дом и сад / Грунт, удобрения и садовая химия / Химическое средство от садовых вредителей;Химическое средство от садовых вредителей;не создано;
971286432;17028748;Дом и сад / Грунт, удобрения и садовая химия / Ловушка для садовых вредителей;Ловушка для садовых вредителей;не создано;
95781;17028748;Дом и сад / Грунт, удобрения и садовая химия / Грунт;Грунт;не создано;
99226;17028748;Дом и сад / Грунт, удобрения и садовая химия / Удобрение;Удобрение;не создано;
970895807;17028748;Дом и сад / Грунт, удобрения и садовая химия / Средство от болезней растений;Средство от болезней растений;фото отклонено;DESCRIPTION_DECLINE:4194
96183;17027938;Дом и сад / Цветы и растения / Стабилизированные цветы;Стабилизированные цветы;не создано;
96182;17027938;Дом и сад / Цветы и растения / Букет;Букет;не создано;
504866295;17027938;Дом и сад / Цветы и растения / Сухоцветы;Сухоцветы;не создано;
93653;17027938;Дом и сад / Цветы и растения / Искусственные цветы;Искусственные цветы;не создано;
95994;17027938;Дом и сад / Цветы и растения / Комнатное растение;Комнатное растение;не создано;
971150970;17027938;Дом и сад / Цветы и растения / Стабилизированный мох;Стабилизированный мох;не создано;
971218016;17027938;Дом и сад / Цветы и растения / Флорариум;Флорариум;не создано;
971078305;17027938;Дом и сад / Цветы и растения / Искусственная трава;Искусственная трава;не создано;
970623275;17027938;Дом и сад / Цветы и растения / Ветка, шишка декоративная;Ветка, шишка декоративная;не создано;
92483;17027926;Дом и сад / Питьевая посуда и аксессуары / Рюмка;Рюмка;не создано;
63569936;17027926;Дом и сад / Питьевая посуда и аксессуары / Каплеуловитель для вина;Каплеуловитель для вина;не создано;
92428;17027926;Дом и сад / Питьевая посуда и аксессуары / Штопор;Штопор;не создано;
92481;17027926;Дом и сад / Питьевая посуда и аксессуары / Набор для напитков;Набор для напитков;не создано;
93815;17027926;Дом и сад / Питьевая посуда и аксессуары / Украшение для бокалов, бутылок;Украшение для бокалов, бутылок;не создано;
971067224;17027926;Дом и сад / Питьевая посуда и аксессуары / Подставка для рюмок;Подставка для рюмок;не создано;
98187;17027926;Дом и сад / Питьевая посуда и аксессуары / Джиггер;Джиггер;не создано;
63569938;17027926;Дом и сад / Питьевая посуда и аксессуары / Аэратор для вина;Аэратор для вина;не создано;
115948973;17027926;Дом и сад / Питьевая посуда и аксессуары / Декантер;Декантер;не создано;
92434;17027926;Дом и сад / Питьевая посуда и аксессуары / Открывалка;Открывалка;не создано;
92384;17027926;Дом и сад / Питьевая посуда и аксессуары / Аксессуар для вина;Аксессуар для вина;не создано;
98184;17027926;Дом и сад / Питьевая посуда и аксессуары / Дозатор для напитков;Дозатор для напитков;не создано;
970943104;17027926;Дом и сад / Питьевая посуда и аксессуары / Стрейнер;Стрейнер;не создано;
92477;17027926;Дом и сад / Питьевая посуда и аксессуары / Бутылка;Бутылка;не создано;
97478;17027926;Дом и сад / Питьевая посуда и аксессуары / Диспенсер для напитков;Диспенсер для напитков;не создано;
970872471;17027926;Дом и сад / Питьевая посуда и аксессуары / Подставка для подогрева чайника;Подставка для подогрева чайника;не создано;
98186;17027926;Дом и сад / Питьевая посуда и аксессуары / Мадлер;Мадлер;не создано;
92484;17027926;Дом и сад / Питьевая посуда и аксессуары / Стакан;Стакан;не создано;
92398;17027926;Дом и сад / Питьевая посуда и аксессуары / Подставка под горячее;Подставка под горячее;не создано;
971450448;17027926;Дом и сад / Питьевая посуда и аксессуары / Латте арт инструмент;Латте арт инструмент;не создано;
92478;17027926;Дом и сад / Питьевая посуда и аксессуары / Графин;Графин;не создано;
92490;17027926;Дом и сад / Питьевая посуда и аксессуары / Шейкер;Шейкер;не создано;
970871316;17027926;Дом и сад / Питьевая посуда и аксессуары / Набор бармена;Набор бармена;не создано;
96376;17027926;Дом и сад / Питьевая посуда и аксессуары / Подставка под кружку;Подставка под кружку;не создано;
92482;17027926;Дом и сад / Питьевая посуда и аксессуары / Пробка;Пробка;не создано;
971054435;17027926;Дом и сад / Питьевая посуда и аксессуары / Измельчитель для льда ручной;Измельчитель для льда ручной;не создано;
92486;17027926;Дом и сад / Питьевая посуда и аксессуары / Стопка;Стопка;не создано;
970997907;17027926;Дом и сад / Питьевая посуда и аксессуары / Охладитель для напитков;Охладитель для напитков;не создано;
92479;17027926;Дом и сад / Питьевая посуда и аксессуары / Кувшин;Кувшин;не создано;
970841269;17027926;Дом и сад / Питьевая посуда и аксессуары / Сабля для сабража;Сабля для сабража;не создано;
92476;17027926;Дом и сад / Питьевая посуда и аксессуары / Бокал;Бокал;не создано;
92000;17027905;Дом и сад / Аксессуары для бани и ванной / Набор банных принадлежностей;Набор банных принадлежностей;не создано;
92017;17027905;Дом и сад / Аксессуары для бани и ванной / Ершик для унитаза;Ершик для унитаза;не создано;
92044;17027905;Дом и сад / Аксессуары для бани и ванной / Стакан для зубных щеток;Стакан для зубных щеток;не создано;
92040;17027905;Дом и сад / Аксессуары для бани и ванной / Рукавица для бани;Рукавица для бани;не создано;
92014;17027905;Дом и сад / Аксессуары для бани и ванной / Дозатор для жидкого мыла;Дозатор для жидкого мыла;не создано;
972879685;17027905;Дом и сад / Аксессуары для бани и ванной / Подспинник для бани;Подспинник для бани;не создано;
971104653;17027905;Дом и сад / Аксессуары для бани и ванной / Опахало для бани;Опахало для бани;не создано;
92033;17027905;Дом и сад / Аксессуары для бани и ванной / Подголовник для бани;Подголовник для бани;не создано;
504866276;17027905;Дом и сад / Аксессуары для бани и ванной / Дозатор для зубной пасты;Дозатор для зубной пасты;не создано;
92025;17027905;Дом и сад / Аксессуары для бани и ванной / Бондарное изделие для бани;Бондарное изделие для бани;не создано;
92010;17027905;Дом и сад / Аксессуары для бани и ванной / Держатель для полотенец;Держатель для полотенец;не создано;
92030;17027905;Дом и сад / Аксессуары для бани и ванной / Набор для ванной комнаты;Набор для ванной комнаты;не создано;
92029;17027905;Дом и сад / Аксессуары для бани и ванной / Мыльница;Мыльница;не создано;
93656;17027905;Дом и сад / Аксессуары для бани и ванной / Коврик для бани;Коврик для бани;не создано;
92035;17027905;Дом и сад / Аксессуары для бани и ванной / Подушка для ванны;Подушка для ванны;не создано;
92013;17027905;Дом и сад / Аксессуары для бани и ванной / Диспенсер для бумажных полотенец;Диспенсер для бумажных полотенец;не создано;
970957180;17027905;Дом и сад / Аксессуары для бани и ванной / Испаритель для бани;Испаритель для бани;не создано;
970707076;17027905;Дом и сад / Аксессуары для бани и ванной / Камни для бани;Камни для бани;не создано;
92009;17027905;Дом и сад / Аксессуары для бани и ванной / Диспенсер для покрытий на унитаз;Диспенсер для покрытий на унитаз;не создано;
92008;17027905;Дом и сад / Аксессуары для бани и ванной / Держатель для ванной комнаты;Держатель для ванной комнаты;не создано;
92006;17027905;Дом и сад / Аксессуары для бани и ванной / Диспенсер для гигиенических пакетов;Диспенсер для гигиенических пакетов;не создано;
92011;17027905;Дом и сад / Аксессуары для бани и ванной / Держатель для туалетной бумаги;Держатель для туалетной бумаги;не создано;
92002;17027905;Дом и сад / Аксессуары для бани и ванной / Веник для бани;Веник для бани;не создано;
970675230;17027905;Дом и сад / Аксессуары для бани и ванной / Аксессуар для дозатора;Аксессуар для дозатора;не создано;
92051;17027905;Дом и сад / Аксессуары для бани и ванной / Шапка для бани;Шапка для бани;не создано;
92022;17027905;Дом и сад / Аксессуары для бани и ванной / Кольца для шторки в ванной;Кольца для шторки в ванной;не создано;
92048;17027905;Дом и сад / Аксессуары для бани и ванной / Футляр для зубной щетки;Футляр для зубной щетки;не создано;
92450;17028732;Дом и сад / Посуда для приготовления / Кокотница;Кокотница;не создано;
92444;17028732;Дом и сад / Посуда для приготовления / Жаровня;Жаровня;не создано;
92443;17028732;Дом и сад / Посуда для приготовления / Утятница;Утятница;не создано;
970840809;17028732;Дом и сад / Посуда для приготовления / Крышка для кружки, чашки, стакана;Крышка для кружки, чашки, стакана;не создано;
971152780;17028732;Дом и сад / Посуда для приготовления / Запчасть для самовара;Запчасть для самовара;не создано;
970686150;17028732;Дом и сад / Посуда для приготовления / Воронка для заваривания кофе;Воронка для заваривания кофе;не создано;
970735929;17028732;Дом и сад / Посуда для приготовления / Ручная кофеварка;Ручная кофеварка;не создано;
92454;17028732;Дом и сад / Посуда для приготовления / Крышка;Крышка;не создано;
92458;17028732;Дом и сад / Посуда для приготовления / Пароварка;Пароварка;не создано;
98016;17028732;Дом и сад / Посуда для приготовления / Молоковарка;Молоковарка;не создано;
92460;17028732;Дом и сад / Посуда для приготовления / Противень;Противень;не создано;
92457;17028732;Дом и сад / Посуда для приготовления / Набор для фондю;Набор для фондю;не создано;
970895078;17028732;Дом и сад / Посуда для приготовления / Мантоварка;Мантоварка;не создано;
970845451;17028732;Дом и сад / Посуда для приготовления / Ростер для курицы;Ростер для курицы;не создано;
92466;17028732;Дом и сад / Посуда для приготовления / Сотейник;Сотейник;не создано;
92441;17028732;Дом и сад / Посуда для приготовления / Вок;Вок;не создано;
970884549;17028732;Дом и сад / Посуда для приготовления / Чугунок;Чугунок;не создано;
92452;17028732;Дом и сад / Посуда для приготовления / Набор посуды для приготовления;Набор посуды для приготовления;не создано;
92474;17028732;Дом и сад / Посуда для приготовления / Чайник;Чайник;не создано;
971025242;17028732;Дом и сад / Посуда для приготовления / Комплект для заваривания кофе;Комплект для заваривания кофе;не создано;
92447;17028732;Дом и сад / Посуда для приготовления / Кастрюля;Кастрюля;другая ошибка;"SKU_IS_HIDDEN:0;price_is_negative:0"
92448;17028732;Дом и сад / Посуда для приготовления / Кухонный ковш;Кухонный ковш;не создано;
92464;17028732;Дом и сад / Посуда для приготовления / Скороварка;Скороварка;не создано;
504866266;17028732;Дом и сад / Посуда для приготовления / Сифон для варки чая, кофе;Сифон для варки чая, кофе;не создано;
92461;17028732;Дом и сад / Посуда для приготовления / Самовар;Самовар;не создано;
92470;17028732;Дом и сад / Посуда для приготовления / Форма для запекания, выпечки;Форма для запекания, выпечки;не создано;
92462;17028732;Дом и сад / Посуда для приготовления / Сковорода;Сковорода;не создано;
92497;17028732;Дом и сад / Посуда для приготовления / Кофейник;Кофейник;не создано;
92453;17028732;Дом и сад / Посуда для приготовления / Гейзерная кофеварка;Гейзерная кофеварка;не создано;
970873474;17028732;Дом и сад / Посуда для приготовления / Крышка-пресс для гриля;Крышка-пресс для гриля;не создано;
970877820;17028732;Дом и сад / Посуда для приготовления / Свисток для чайника;Свисток для чайника;не создано;
92465;17028732;Дом и сад / Посуда для приготовления / Соковарка;Соковарка;не создано;
970863809;17028732;Дом и сад / Посуда для приготовления / Пекарский камень;Пекарский камень;не создано;
970941708;17028732;Дом и сад / Посуда для приготовления / Песок для приготовления кофе;Песок для приготовления кофе;не создано;
92468;17028732;Дом и сад / Посуда для приготовления / Тажин;Тажин;не создано;
92469;17028732;Дом и сад / Посуда для приготовления / Турка;Турка;не создано;
92446;17028732;Дом и сад / Посуда для приготовления / Казан;Казан;не создано;
92442;17028732;Дом и сад / Посуда для приготовления / Горшочек для запекания;Горшочек для запекания;не создано;
92467;17028732;Дом и сад / Посуда для приготовления / Ступка с пестиком;Ступка с пестиком;не создано;
970982073;17028732;Дом и сад / Посуда для приготовления / Крышка для подачи блюд;Крышка для подачи блюд;не создано;
971035115;17027909;Дом и сад / Гладильные доски и сушилки / Аксессуары для сушилки белья;Аксессуары для сушилки белья;не создано;
970843250;17027909;Дом и сад / Гладильные доски и сушилки / Аксессуар для гладильной доски;Аксессуар для гладильной доски;не создано;
93687;17027909;Дом и сад / Гладильные доски и сушилки / Чехол для гладильной доски;Чехол для гладильной доски;не создано;
93682;17027909;Дом и сад / Гладильные доски и сушилки / Сушилка для белья;Сушилка для белья;не создано;
93681;17027909;Дом и сад / Гладильные доски и сушилки / Аксессуар для утюга;Аксессуар для утюга;не создано;
96029;17028726;Дом и сад / Ширмы / Ширма;Ширма;не создано;
115947006;17027937;Дом и сад / Хранение вещей / Шкатулка;Шкатулка;не создано;
970716865;17027937;Дом и сад / Хранение вещей / Крышка для ящика;Крышка для ящика;не создано;
94621;17027937;Дом и сад / Хранение вещей / Чехол для обуви;Чехол для обуви;не создано;
91315;17027937;Дом и сад / Хранение вещей / Вакуумный пакет;Вакуумный пакет;не создано;
970896147;17027937;Дом и сад / Хранение вещей / Органайзер для хранения вещей;Органайзер для хранения вещей;не создано;
971027088;17027937;Дом и сад / Хранение вещей / Защитный уголок для перевозки;Защитный уголок для перевозки;не создано;
970825205;17027937;Дом и сад / Хранение вещей / Гофролист;Гофролист;не создано;
970992524;17027937;Дом и сад / Хранение вещей / Биг-бэг;Биг-бэг;не создано;
95483;17027937;Дом и сад / Хранение вещей / Кофр для хранения вещей;Кофр для хранения вещей;не создано;
970860462;17027937;Дом и сад / Хранение вещей / Диспенсер для стрейч пленки;Диспенсер для стрейч пленки;не создано;
971078631;17027937;Дом и сад / Хранение вещей / Мешок для хранения;Мешок для хранения;не создано;
971096037;17027937;Дом и сад / Хранение вещей / Упаковочный пакет;Упаковочный пакет;не создано;
970588173;17027937;Дом и сад / Хранение вещей / Рейлинг для кухни, ванной;Рейлинг для кухни, ванной;не создано;
95474;17027937;Дом и сад / Хранение вещей / Ключница настенная;Ключница настенная;не создано;
970952431;17027937;Дом и сад / Хранение вещей / Упаковочный наполнитель;Упаковочный наполнитель;не создано;
504866185;17027937;Дом и сад / Хранение вещей / Подставка для обуви;Подставка для обуви;не создано;
971015900;17027937;Дом и сад / Хранение вещей / Насос для вакуумных пакетов;Насос для вакуумных пакетов;не создано;
95482;17027937;Дом и сад / Хранение вещей / Коробка для хранения;Коробка для хранения;не создано;
95485;17027937;Дом и сад / Хранение вещей / Мини бар;Мини бар;не создано;
970744607;17027937;Дом и сад / Хранение вещей / Рамка для складывания одежды;Рамка для складывания одежды;не создано;
971013614;17027937;Дом и сад / Хранение вещей / Инкассаторский мешок;Инкассаторский мешок;не создано;
95493;17027937;Дом и сад / Хранение вещей / Подставка для украшений;Подставка для украшений;не создано;
97503;17027937;Дом и сад / Хранение вещей / Упаковочная пленка;Упаковочная пленка;не создано;
971071691;17027937;Дом и сад / Хранение вещей / Защитный уголок для стекла, зеркала;Защитный уголок для стекла, зеркала;не создано;
91372;17027937;Дом и сад / Хранение вещей / Чехол для одежды;Чехол для одежды;не создано;
97369;17027937;Дом и сад / Хранение вещей / Ящик для хранения;Ящик для хранения;не создано;
95481;17027937;Дом и сад / Хранение вещей / Корзина для хранения;Корзина для хранения;не создано;
971279068;17027937;Дом и сад / Хранение вещей / Картонные втулки;Картонные втулки;не создано;
970855518;17028714;Дом и сад / Инвентарь для дома / Урна уличная;Урна уличная;не создано;
92694;17028714;Дом и сад / Инвентарь для дома / Шарик для стирки;Шарик для стирки;не создано;
95478;17028714;Дом и сад / Инвентарь для дома / Корзина для белья;Корзина для белья;не создано;
93693;17028714;Дом и сад / Инвентарь для дома / Коврик для раковины;Коврик для раковины;не создано;
970731396;17028714;Дом и сад / Инвентарь для дома / Коландер для мойки;Коландер для мойки;не создано;
970631771;17028714;Дом и сад / Инвентарь для дома / Контейнер для стирального порошка;Контейнер для стирального порошка;не создано;
93696;17028714;Дом и сад / Инвентарь для дома / Мешок для стирки;Мешок для стирки;не создано;
93701;17028714;Дом и сад / Инвентарь для дома / Сетка для раковины;Сетка для раковины;не создано;
311150108;17028714;Дом и сад / Инвентарь для дома / Стиральная доска;Стиральная доска;не создано;
594158428;17028714;Дом и сад / Инвентарь для дома / Органайзер для столовых приборов;Органайзер для столовых приборов;не создано;
93695;17028714;Дом и сад / Инвентарь для дома / Мешки для мусора;Мешки для мусора;не создано;
93699;17028714;Дом и сад / Инвентарь для дома / Прищепки для белья;Прищепки для белья;не создано;
93697;17028714;Дом и сад / Инвентарь для дома / Мусорное ведро;Мусорное ведро;не создано;
93689;17028714;Дом и сад / Инвентарь для дома / Вантуз;Вантуз;не создано;
93690;17028714;Дом и сад / Инвентарь для дома / Ведро;Ведро;не создано;
970867617;17028714;Дом и сад / Инвентарь для дома / Аксессуары для ведра;Аксессуары для ведра;не создано;
95700;17028714;Дом и сад / Инвентарь для дома / Ковш хозяйственный;Ковш хозяйственный;не создано;
970787019;17028714;Дом и сад / Инвентарь для дома / Вкладыш для хранения посуды;Вкладыш для хранения посуды;не создано;
92046;17028714;Дом и сад / Инвентарь для дома / Трос для прочистки труб;Трос для прочистки труб;не создано;
93691;17028714;Дом и сад / Инвентарь для дома / Веревка бельевая;Веревка бельевая;не создано;
92414;17028714;Дом и сад / Инвентарь для дома / Сушилка для посуды;Сушилка для посуды;не создано;
92045;17028714;Дом и сад / Инвентарь для дома / Таз;Таз;не создано;
640171728;17028745;Дом и сад / Садовый декор и теплицы / Термопривод для теплицы;Термопривод для теплицы;не создано;
971893124;17028745;Дом и сад / Садовый декор и теплицы / Ворота для дачи;Ворота для дачи;не создано;
970701974;17028745;Дом и сад / Садовый декор и теплицы / Декоративная отсыпка для сада;Декоративная отсыпка для сада;не создано;
98283;17028745;Дом и сад / Садовый декор и теплицы / Табличка садовая;Табличка садовая;не создано;
971478691;17028745;Дом и сад / Садовый декор и теплицы / Фундамент для теплицы;Фундамент для теплицы;не создано;
448376286;17028745;Дом и сад / Садовый декор и теплицы / Комплект дуг для парника;Комплект дуг для парника;не создано;
971309711;17028745;Дом и сад / Садовый декор и теплицы / Арка садовая;Арка садовая;не создано;
92732;17028745;Дом и сад / Садовый декор и теплицы / Скворечник;Скворечник;не создано;
971406087;17028745;Дом и сад / Садовый декор и теплицы / Мостик садовый декоративный;Мостик садовый декоративный;не создано;
94469;17028745;Дом и сад / Садовый декор и теплицы / Биотуалет;Биотуалет;не создано;
98279;17028745;Дом и сад / Садовый декор и теплицы / Клумба;Клумба;не создано;
971282571;17028745;Дом и сад / Садовый декор и теплицы / Декроттуар для очистки обуви;Декроттуар для очистки обуви;не создано;
94470;17028745;Дом и сад / Садовый декор и теплицы / Ведро-туалет;Ведро-туалет;не создано;
971309763;17028745;Дом и сад / Садовый декор и теплицы / Пугало садовое;Пугало садовое;не создано;
970953822;17028745;Дом и сад / Садовый декор и теплицы / Форточка для теплицы;Форточка для теплицы;не создано;
92727;17028745;Дом и сад / Садовый декор и теплицы / Компостер;Компостер;не создано;
92730;17028745;Дом и сад / Садовый декор и теплицы / Опора для растений;Опора для растений;не создано;
92736;17028745;Дом и сад / Садовый декор и теплицы / Фигурка садовая;Фигурка садовая;не создано;
98278;17028745;Дом и сад / Садовый декор и теплицы / Крепление для бордюра;Крепление для бордюра;не создано;
145334990;17028745;Дом и сад / Садовый декор и теплицы / Фитомодуль;Фитомодуль;не создано;
92735;17028745;Дом и сад / Садовый декор и теплицы / Укрывной материал;Укрывной материал;не создано;
970693184;17028745;Дом и сад / Садовый декор и теплицы / Форма для выращивания овощей;Форма для выращивания овощей;не создано;
145334991;17028745;Дом и сад / Садовый декор и теплицы / Фитостена;Фитостена;не создано;
971445205;17028745;Дом и сад / Садовый декор и теплицы / Поддон для воды декоративный;Поддон для воды декоративный;не создано;
971079476;17028745;Дом и сад / Садовый декор и теплицы / Каркас для укрытия растений;Каркас для укрытия растений;не создано;
92767;17028745;Дом и сад / Садовый декор и теплицы / Подвязка для растений;Подвязка для растений;не создано;
971893125;17028745;Дом и сад / Садовый декор и теплицы / Аксессуары для забора, ворот;Аксессуары для забора, ворот;не создано;
970695682;17028745;Дом и сад / Садовый декор и теплицы / Газон искусственный;Газон искусственный;не создано;
92731;17028745;Дом и сад / Садовый декор и теплицы / Парник, теплица;Парник, теплица;не создано;
971309519;17028745;Дом и сад / Садовый декор и теплицы / Штекер садовый;Штекер садовый;не создано;
971004434;17028745;Дом и сад / Садовый декор и теплицы / Дом для насекомых;Дом для насекомых;не создано;
98280;17028745;Дом и сад / Садовый декор и теплицы / Грядка;Грядка;не создано;
92724;17028745;Дом и сад / Садовый декор и теплицы / Бордюр садовый;Бордюр садовый;не создано;
971168332;17028745;Дом и сад / Садовый декор и теплицы / Установка для обогрева теплицы;Установка для обогрева теплицы;не создано;
92770;17028745;Дом и сад / Садовый декор и теплицы / Садовый настил;Садовый настил;не создано;
92737;17028745;Дом и сад / Садовый декор и теплицы / Флюгер;Флюгер;не создано;
971075628;17028745;Дом и сад / Садовый декор и теплицы / Запчасти для биотуалета;Запчасти для биотуалета;не создано;
970588196;17028745;Дом и сад / Садовый декор и теплицы / Колышек, скоба садовые;Колышек, скоба садовые;не создано;
971436913;17028745;Дом и сад / Садовый декор и теплицы / Аксессуары для грядок;Аксессуары для грядок;не создано;
970701973;17028745;Дом и сад / Садовый декор и теплицы / Фонтан садовый;Фонтан садовый;не создано;
970989434;17028745;Дом и сад / Садовый декор и теплицы / Газон рулонный натуральный;Газон рулонный натуральный;не создано;
92728;17028745;Дом и сад / Садовый декор и теплицы / Кормушка;Кормушка;не создано;
92774;17028745;Дом и сад / Садовый декор и теплицы / Сетка садовая;Сетка садовая;не создано;
971309435;17028745;Дом и сад / Садовый декор и теплицы / Приствольная решетка для дерева;Приствольная решетка для дерева;не создано;
970850388;17028745;Дом и сад / Садовый декор и теплицы / Колючая проволока;Колючая проволока;не создано;
970731397;78833978;Дом и сад / Товары для пруда / Оборудование для зимнего пруда;Оборудование для зимнего пруда;не создано;
970725661;78833978;Дом и сад / Товары для пруда / Пруд;Пруд;не создано;
970699235;78833978;Дом и сад / Товары для пруда / Насос для пруда;Насос для пруда;не создано;
970694284;78833978;Дом и сад / Товары для пруда / Скиммер для пруда;Скиммер для пруда;не создано;
970684991;78833978;Дом и сад / Товары для пруда / Фильтр для пруда;Фильтр для пруда;не создано;
970684990;78833978;Дом и сад / Товары для пруда / Аэратор для пруда;Аэратор для пруда;не создано;
970969696;78833978;Дом и сад / Товары для пруда / Пленка для пруда;Пленка для пруда;не создано;
970942189;200001378;Дом и сад / Упаковка, вывеска Ozon / Пакет с вырубной ручкой;Пакет с вырубной ручкой;не создано;
970942188;200001378;Дом и сад / Упаковка, вывеска Ozon / Пакет майка;Пакет майка;не создано;
970788192;200001378;Дом и сад / Упаковка, вывеска Ozon / Курьерский пакет;Курьерский пакет;не создано;
970731577;200001378;Дом и сад / Упаковка, вывеска Ozon / Пакет бумажный;Пакет бумажный;не создано;
970942188;17027933;Дом и сад / Хранение продуктов / Пакет майка;Пакет майка;не создано;
971120371;17027933;Дом и сад / Хранение продуктов / Аксессуары для пищевого контейнера;Аксессуары для пищевого контейнера;не создано;
93725;17027933;Дом и сад / Хранение продуктов / Хлебница;Хлебница;не создано;
93710;17027933;Дом и сад / Хранение продуктов / Коврик для кухонных полок;Коврик для кухонных полок;не создано;
970942189;17027933;Дом и сад / Хранение продуктов / Пакет с вырубной ручкой;Пакет с вырубной ручкой;не создано;
97498;17027933;Дом и сад / Хранение продуктов / Бидон;Бидон;не создано;
970783182;17027933;Дом и сад / Хранение продуктов / Пакеты фасовочные;Пакеты фасовочные;не создано;
92504;17027933;Дом и сад / Хранение продуктов / Масленка, сырница;Масленка, сырница;не создано;
971115251;17027933;Дом и сад / Хранение продуктов / Чайница;Чайница;не создано;
92445;17027933;Дом и сад / Хранение продуктов / Кадка для продуктов;Кадка для продуктов;не создано;
971108815;17027933;Дом и сад / Хранение продуктов / Уплотнитель для бидона;Уплотнитель для бидона;не создано;
93712;17027933;Дом и сад / Хранение продуктов / Контейнер пищевой;Контейнер пищевой;не создано;
970731577;17027933;Дом и сад / Хранение продуктов / Пакет бумажный;Пакет бумажный;не создано;
970952659;17027933;Дом и сад / Хранение продуктов / Диспенсер для сыпучих продуктов;Диспенсер для сыпучих продуктов;не создано;
971311575;17027933;Дом и сад / Хранение продуктов / Сворачиватель пакетов;Сворачиватель пакетов;не создано;
970897618;17027933;Дом и сад / Хранение продуктов / Коробка для продуктов;Коробка для продуктов;не создано;
970896625;17027933;Дом и сад / Хранение продуктов / Ведро пищевое;Ведро пищевое;не создано;
195360333;17027933;Дом и сад / Хранение продуктов / Термопакет;Термопакет;не создано;
92379;17027933;Дом и сад / Хранение продуктов / Мельница для специй;Мельница для специй;не создано;
93724;17027933;Дом и сад / Хранение продуктов / Банка для продуктов;Банка для продуктов;не создано;
93722;17027933;Дом и сад / Хранение продуктов / Пакет для продуктов;Пакет для продуктов;не создано;
970742618;17027933;Дом и сад / Хранение продуктов / Органайзер для холодильника;Органайзер для холодильника;не создано;
92371;17027933;Дом и сад / Хранение продуктов / Крышка для банки;Крышка для банки;не создано;
970778863;17027933;Дом и сад / Хранение продуктов / Крышка для корма животных;Крышка для корма животных;не создано;
92362;17027933;Дом и сад / Хранение продуктов / Зажим кухонный;Зажим кухонный;не создано;
971045181;17027933;Дом и сад / Хранение продуктов / Бочка для транспортировки;Бочка для транспортировки;не создано;
93718;17027933;Дом и сад / Хранение продуктов / Лимонница;Лимонница;не создано;
970623351;17028731;Дом и сад / Постельное белье / Держатель простыни, одеяла;Держатель простыни, одеяла;не создано;
92609;17028731;Дом и сад / Постельное белье / Наматрасник;Наматрасник;не создано;
92606;17028731;Дом и сад / Постельное белье / Наволочка;Наволочка;не создано;
92610;17028731;Дом и сад / Постельное белье / Пододеяльник;Пододеяльник;не создано;
92603;17028731;Дом и сад / Постельное белье / Комплект постельного белья;Комплект постельного белья;не создано;
970862445;17028731;Дом и сад / Постельное белье / Держатель для матраса;Держатель для матраса;не создано;
970665432;17028731;Дом и сад / Постельное белье / Наперник;Наперник;не создано;
92612;17028731;Дом и сад / Постельное белье / Простыня;Простыня;не создано;
92607;17028731;Дом и сад / Постельное белье / Наволочка декоративная;Наволочка декоративная;не создано;
970890702;17028940;Дом и сад / Садовый электроинструмент / Газонокосилка;Газонокосилка;не создано;
97956;17028940;Дом и сад / Садовый электроинструмент / Садовый райдер;Садовый райдер;не создано;
91623;17028940;Дом и сад / Садовый электроинструмент / Садовый измельчитель;Садовый измельчитель;другая ошибка;ML_INCORRECT_VOLUME_WEIGHT:0
91616;17028940;Дом и сад / Садовый электроинструмент / Аэратор для газона;Аэратор для газона;не создано;
971297845;17028940;Дом и сад / Садовый электроинструмент / Мотолебедка;Мотолебедка;не создано;
971100773;17028940;Дом и сад / Садовый электроинструмент / Дровокол автоматический;Дровокол автоматический;не создано;
91626;17028940;Дом и сад / Садовый электроинструмент / Снегоуборщик;Снегоуборщик;не создано;
504866296;17028940;Дом и сад / Садовый электроинструмент / Электротяпка;Электротяпка;не создано;
97958;17028940;Дом и сад / Садовый электроинструмент / Подметальная машина;Подметальная машина;не создано;
970889112;17028940;Дом и сад / Садовый электроинструмент / Вертикуттер;Вертикуттер;не создано;
970994142;17028940;Дом и сад / Садовый электроинструмент / Ледокол;Ледокол;не создано;
98335;17028940;Дом и сад / Садовый электроинструмент / Электрический высоторез;Электрический высоторез;не создано;
98397;17028940;Дом и сад / Садовый электроинструмент / Кусторез;Кусторез;не создано;
91629;17028940;Дом и сад / Садовый электроинструмент / Электросекатор;Электросекатор;не создано;
91622;17028940;Дом и сад / Садовый электроинструмент / Культиватор;Культиватор;не создано;
970943855;17028940;Дом и сад / Садовый электроинструмент / Выжигатель сорняков;Выжигатель сорняков;не создано;
970905496;17028940;Дом и сад / Садовый электроинструмент / Триммер садовый;Триммер садовый;не создано;
91627;17028940;Дом и сад / Садовый электроинструмент / Траншеекопатель;Траншеекопатель;не создано;
95512;17027925;Дом и сад / Фейерверки и салюты / Бенгальский огонь;Бенгальский огонь;не создано;
970987107;17027925;Дом и сад / Фейерверки и салюты / Фальшфейер;Фальшфейер;не создано;
95516;17027925;Дом и сад / Фейерверки и салюты / Петарда;Петарда;не создано;
95519;17027925;Дом и сад / Фейерверки и салюты / Фонтан пиротехнический;Фонтан пиротехнический;не создано;
95518;17027925;Дом и сад / Фейерверки и салюты / Фейерверк;Фейерверк;не создано;
970859642;17027925;Дом и сад / Фейерверки и салюты / Пиротехническая мортира;Пиротехническая мортира;не создано;
971005818;17027925;Дом и сад / Фейерверки и салюты / Свеча для торта бенгальская;Свеча для торта бенгальская;не создано;
95514;17027925;Дом и сад / Фейерверки и салюты / Набор пиротехники;Набор пиротехники;не создано;
95511;17027925;Дом и сад / Фейерверки и салюты / Салют;Салют;не создано;
970824549;17027925;Дом и сад / Фейерверки и салюты / Цветной дым;Цветной дым;другая ошибка;"erased_attribute_value:9782;error_card_with_deleted_photos:0"
971405113;17027924;Дом и сад / Печи / Рамка декоративная для печи;Рамка декоративная для печи;не создано;
96040;17027924;Дом и сад / Печи / Электрокаменка;Электрокаменка;другая ошибка;ML_INCORRECT_VOLUME_WEIGHT:0
96038;17027924;Дом и сад / Печи / Биокамин;Биокамин;не создано;
970965243;17027924;Дом и сад / Печи / Бак для банной печи;Бак для банной печи;не создано;
91998;17027924;Дом и сад / Печи / Защитный экран для камина;Защитный экран для камина;не создано;
756711260;17027924;Дом и сад / Печи / Декор для биокамина;Декор для биокамина;не создано;
971013046;17027924;Дом и сад / Печи / Газовая печь;Газовая печь;другая ошибка;ML_INCORRECT_VOLUME_WEIGHT:0
970890460;17027924;Дом и сад / Печи / Аксессуары для печи, камина;Аксессуары для печи, камина;не создано;
756711258;17027924;Дом и сад / Печи / Топливо для биокамина;Топливо для биокамина;не создано;
92016;17027924;Дом и сад / Печи / Дровница;Дровница;не создано;
971306157;17027924;Дом и сад / Печи / Запчасть парогенератора для бани;Запчасть парогенератора для бани;не создано;
91968;17027924;Дом и сад / Печи / Набор каминный;Набор каминный;не создано;
971001226;17027924;Дом и сад / Печи / Печь-камин;Печь-камин;не создано;
971002658;17027924;Дом и сад / Печи / Щипцы для дров, угля;Щипцы для дров, угля;не создано;
971002657;17027924;Дом и сад / Печи / Кочерга;Кочерга;не создано;
970952445;17027924;Дом и сад / Печи / Печь для сжигания мусора;Печь для сжигания мусора;не создано;
971109081;17027924;Дом и сад / Печи / Теплообменник для бани;Теплообменник для бани;не создано;
970721638;17027924;Дом и сад / Печи / Ерш, щетка для чистки дымохода;Ерш, щетка для чистки дымохода;не создано;
96037;17027924;Дом и сад / Печи / Дровяная печь;Дровяная печь;другая ошибка;ML_INCORRECT_VOLUME_WEIGHT:0
971002659;17027924;Дом и сад / Печи / Совок для угля, золы;Совок для угля, золы;не создано;
971116272;17028733;Дом и сад / Товары для праздников / Композиция из живой хвои;Композиция из живой хвои;не создано;
95417;17028733;Дом и сад / Товары для праздников / Гирлянда хвойная;Гирлянда хвойная;не создано;
95450;17028733;Дом и сад / Товары для праздников / Серпантин;Серпантин;не создано;
970623277;17028733;Дом и сад / Товары для праздников / Фигурка светящаяся;Фигурка светящаяся;не создано;
95430;17028733;Дом и сад / Товары для праздников / Мишура;Мишура;не создано;
95425;17028733;Дом и сад / Товары для праздников / Конфетти;Конфетти;не создано;
95440;17028733;Дом и сад / Товары для праздников / Пиньята;Пиньята;не создано;
970671314;17028733;Дом и сад / Товары для праздников / Коробка подарочная;Коробка подарочная;не создано;
971298346;17028733;Дом и сад / Товары для праздников / Пасхальный декор;Пасхальный декор;не создано;
971054434;17028733;Дом и сад / Товары для праздников / Бант подарочный;Бант подарочный;не создано;
970623276;17028733;Дом и сад / Товары для праздников / Каркасная светодиодная фигура;Каркасная светодиодная фигура;не создано;
95420;17028733;Дом и сад / Товары для праздников / Дождик;Дождик;не создано;
95421;17028733;Дом и сад / Товары для праздников / Елочные украшения;Елочные украшения;не создано;
971168370;17028733;Дом и сад / Товары для праздников / Жидкость для пенной машины;Жидкость для пенной машины;не создано;
91958;17028733;Дом и сад / Товары для праздников / Декоративная корзинка;Декоративная корзинка;не создано;
970671325;17028733;Дом и сад / Товары для праздников / Пакет подарочный;Пакет подарочный;не создано;
970891491;17028733;Дом и сад / Товары для праздников / Крючок декоративный для украшений;Крючок декоративный для украшений;не создано;
95439;17028733;Дом и сад / Товары для праздников / Очки карнавальные;Очки карнавальные;не создано;
970671313;17028733;Дом и сад / Товары для праздников / Ленточка для упаковки подарков;Ленточка для упаковки подарков;фото отклонено;DESCRIPTION_DECLINE:4194
95446;17028733;Дом и сад / Товары для праздников / Гирлянда растяжка;Гирлянда растяжка;не создано;
95454;17028733;Дом и сад / Товары для праздников / Хлопушка на праздник;Хлопушка на праздник;другая ошибка;error_card_with_deleted_photos:0
970889583;17028733;Дом и сад / Товары для праздников / Фигура надувная;Фигура надувная;не создано;
95429;17028733;Дом и сад / Товары для праздников / Мешок для подарков;Мешок для подарков;не создано;
971284427;17028733;Дом и сад / Товары для праздников / Аксессуар для воздушного шара;Аксессуар для воздушного шара;не создано;
95451;17028733;Дом и сад / Товары для праздников / Украшение на праздник новогоднее;Украшение на праздник новогоднее;не создано;
95416;17028733;Дом и сад / Товары для праздников / Гелий в баллоне;Гелий в баллоне;не создано;
95437;17028733;Дом и сад / Товары для праздников / Насос для воздушных шаров;Насос для воздушных шаров;не создано;
970671315;17028733;Дом и сад / Товары для праздников / Упаковочная бумага для подарков;Упаковочная бумага для подарков;не создано;
970630185;17028733;Дом и сад / Товары для праздников / Носок для подарков;Носок для подарков;не создано;
970729343;17028733;Дом и сад / Товары для праздников / Бумажный шар;Бумажный шар;не создано;
95453;17028733;Дом и сад / Товары для праздников / Аксессуар для фотосессий;Аксессуар для фотосессий;не создано;
95413;17028733;Дом и сад / Товары для праздников / Венок;Венок;не создано;
971888272;17028733;Дом и сад / Товары для праздников / Аксессуар для аквагрима;Аксессуар для аквагрима;не создано;
110485576;17028733;Дом и сад / Товары для праздников / Снежный шар;Снежный шар;не создано;
970887478;17028733;Дом и сад / Товары для праздников / Аксессуар для электрогирлянд;Аксессуар для электрогирлянд;не создано;
95422;17028733;Дом и сад / Товары для праздников / Реквизит, бутафория карнавальная;Реквизит, бутафория карнавальная;не создано;
95457;17028733;Дом и сад / Товары для праздников / Язычки, горны;Язычки, горны;не создано;
96997;17028733;Дом и сад / Товары для праздников / Парик, борода карнавальные;Парик, борода карнавальные;не создано;
95438;17028733;Дом и сад / Товары для праздников / Украшение на окна;Украшение на окна;не создано;
91672;17028733;Дом и сад / Товары для праздников / Электрогирлянда;Электрогирлянда;не создано;
99394;17027942;Дом и сад / Семена и саженцы / Саженец;Саженец;не создано;
99393;17027942;Дом и сад / Семена и саженцы / Мицелий;Мицелий;не создано;
970679739;17027942;Дом и сад / Семена и саженцы / Набор для выращивания;Набор для выращивания;не создано;
98094;17028746;Дом и сад / Садовый инвентарь / Разбрасыватель, сеялка;Разбрасыватель, сеялка;не создано;
92738;17028746;Дом и сад / Садовый инвентарь / Бур садовый ручной;Бур садовый ручной;не создано;
970693798;17028746;Дом и сад / Садовый инвентарь / Запчасть для секатора, сучкореза;Запчасть для секатора, сучкореза;не создано;
970697099;17028746;Дом и сад / Садовый инвентарь / Косоотбойник;Косоотбойник;не создано;
92755;17028746;Дом и сад / Садовый инвентарь / Коса;Коса;не создано;
971300851;17028746;Дом и сад / Садовый инвентарь / Запчасть для садовой косы;Запчасть для садовой косы;не создано;
971299476;17028746;Дом и сад / Садовый инвентарь / Держатель садового инструмента;Держатель садового инструмента;не создано;
92757;17028746;Дом и сад / Садовый инвентарь / Ручной кусторез;Ручной кусторез;не создано;
92742;17028746;Дом и сад / Садовый инвентарь / Вилы;Вилы;не создано;
92750;17028746;Дом и сад / Садовый инвентарь / Коврик, подколенник для садовых работ;Коврик, подколенник для садовых работ;не создано;
970970693;17028746;Дом и сад / Садовый инвентарь / Инструмент для заточки садового инструмента;Инструмент для заточки садового инструмента;не создано;
970904890;17028746;Дом и сад / Садовый инвентарь / Кустодер;Кустодер;не создано;
92783;17028746;Дом и сад / Садовый инвентарь / Черенок;Черенок;не создано;
970874522;17028746;Дом и сад / Садовый инвентарь / Скрепер для уборки снега;Скрепер для уборки снега;не создано;
92761;17028746;Дом и сад / Садовый инвентарь / Мотыга;Мотыга;не создано;
92748;17028746;Дом и сад / Садовый инвентарь / Канистра универсальная;Канистра универсальная;не создано;
92769;17028746;Дом и сад / Садовый инвентарь / Рыхлитель;Рыхлитель;не создано;
970877664;17028746;Дом и сад / Садовый инвентарь / Пояс для садовых инструментов;Пояс для садовых инструментов;не создано;
92773;17028746;Дом и сад / Садовый инвентарь / Серп;Серп;не создано;
92754;17028746;Дом и сад / Садовый инвентарь / Корнеудалитель;Корнеудалитель;не создано;
971309522;17028746;Дом и сад / Садовый инвентарь / Корыто для садовой тачки;Корыто для садовой тачки;не создано;
92752;17028746;Дом и сад / Садовый инвентарь / Конус посадочный;Конус посадочный;не создано;
970942368;17028746;Дом и сад / Садовый инвентарь / Ручной каток для газона;Ручной каток для газона;не создано;
94760;17028746;Дом и сад / Садовый инвентарь / Умывальник для дачи;Умывальник для дачи;не создано;
971013555;17028746;Дом и сад / Садовый инвентарь / Сито садовое;Сито садовое;не создано;
971299499;17028746;Дом и сад / Садовый инвентарь / Калибратор для овощей, фруктов, ягод;Калибратор для овощей, фруктов, ягод;не создано;
971101618;17028746;Дом и сад / Садовый инвентарь / Щепокол;Щепокол;не создано;
92756;17028746;Дом и сад / Садовый инвентарь / Культиватор ручной;Культиватор ручной;не создано;
92760;17028746;Дом и сад / Садовый инвентарь / Мешки садовые;Мешки садовые;не создано;
971412034;17028746;Дом и сад / Садовый инвентарь / Ремкомплект для тачки, тележки садовой;Ремкомплект для тачки, тележки садовой;не создано;
92766;17028746;Дом и сад / Садовый инвентарь / Плодосборник;Плодосборник;не создано;
92743;17028746;Дом и сад / Садовый инвентарь / Грабли;Грабли;не создано;
970995956;17028746;Дом и сад / Садовый инвентарь / Газонокосилка механическая;Газонокосилка механическая;не создано;
92745;17028746;Дом и сад / Садовый инвентарь / Душ садовый;Душ садовый;не создано;
971292984;17028746;Дом и сад / Садовый инвентарь / Аэратор для газона ручной;Аэратор для газона ручной;не создано;
97170;17028746;Дом и сад / Садовый инвентарь / Скребок-ледоруб;Скребок-ледоруб;не создано;
92775;17028746;Дом и сад / Садовый инвентарь / Совок садовый;Совок садовый;не создано;
970956871;17028746;Дом и сад / Садовый инвентарь / Тапенер;Тапенер;не создано;
971288073;17028746;Дом и сад / Садовый инвентарь / Ручка для черенка;Ручка для черенка;не создано;
971439099;17028746;Дом и сад / Садовый инвентарь / Снегорез для крыши;Снегорез для крыши;не создано;
92762;17028746;Дом и сад / Садовый инвентарь / Набор садовых инструментов;Набор садовых инструментов;не создано;
92765;17028746;Дом и сад / Садовый инвентарь / Садовый нож;Садовый нож;не создано;
970798596;17028746;Дом и сад / Садовый инвентарь / Дождемер;Дождемер;не создано;
970956873;17028746;Дом и сад / Садовый инвентарь / Аксессуары для тапенера;Аксессуары для тапенера;не создано;
92746;17028746;Дом и сад / Садовый инвентарь / Колесо для садовой тачки;Колесо для садовой тачки;не создано;
790944802;17028746;Дом и сад / Садовый инвентарь / Плоскорез;Плоскорез;не создано;
92759;17028746;Дом и сад / Садовый инвентарь / Лопата;Лопата;не создано;
92749;17028746;Дом и сад / Садовый инвентарь / Кирка;Кирка;не создано;
971067131;17028724;Дом и сад / Купель, фитобочка, инфракрасная сауна / Фитобочка;Фитобочка;другая ошибка;error_card_with_deleted_photos:0
970836179;17028724;Дом и сад / Купель, фитобочка, инфракрасная сауна / Купель;Купель;не создано;
96088;17028724;Дом и сад / Купель, фитобочка, инфракрасная сауна / Запчасть для инфракрасной сауны;Запчасть для инфракрасной сауны;не создано;
96087;17028724;Дом и сад / Купель, фитобочка, инфракрасная сауна / Инфракрасная сауна;Инфракрасная сауна;не создано;
971201999;17028727;Дом и сад / Ковры и ковровые дорожки / Лоток для обуви;Лоток для обуви;не создано;
971166108;17028727;Дом и сад / Ковры и ковровые дорожки / Придверная решетка;Придверная решетка;не создано;
970967959;17028727;Дом и сад / Ковры и ковровые дорожки / Крепление для ковров;Крепление для ковров;не создано;
970861612;17028727;Дом и сад / Ковры и ковровые дорожки / Подложка под ковер;Подложка под ковер;не создано;
93659;17028727;Дом и сад / Ковры и ковровые дорожки / Коврик;Коврик;не создано;
93655;17028727;Дом и сад / Ковры и ковровые дорожки / Ковер;Ковер;не создано;
92370;17027907;Дом и сад / Аксессуары для приготовления пищи / Ручная кофемолка;Ручная кофемолка;не создано;
92356;17027907;Дом и сад / Аксессуары для приготовления пищи / Вилка кулинарная;Вилка кулинарная;не создано;
92376;17027907;Дом и сад / Аксессуары для приготовления пищи / Лопатка кулинарная;Лопатка кулинарная;не создано;
970869763;17027907;Дом и сад / Аксессуары для приготовления пищи / Ацетатная пленка для торта;Ацетатная пленка для торта;не создано;
92410;17027907;Дом и сад / Аксессуары для приготовления пищи / Ручная соковыжималка;Ручная соковыжималка;не создано;
92440;17027907;Дом и сад / Аксессуары для приготовления пищи / Крышка от брызг;Крышка от брызг;не создано;
92378;17027907;Дом и сад / Аксессуары для приготовления пищи / Лапшерезка;Лапшерезка;не создано;
970891251;17027907;Дом и сад / Аксессуары для приготовления пищи / Шприц кулинарный;Шприц кулинарный;не создано;
97623;17027907;Дом и сад / Аксессуары для приготовления пищи / Кулинарный термометр;Кулинарный термометр;не создано;
92417;17027907;Дом и сад / Аксессуары для приготовления пищи / Терка;Терка;не создано;
92402;17027907;Дом и сад / Аксессуары для приготовления пищи / Разделочная доска;Разделочная доска;не создано;
92413;17027907;Дом и сад / Аксессуары для приготовления пищи / Сушилка для лапши;Сушилка для лапши;не создано;
95806;17027907;Дом и сад / Аксессуары для приготовления пищи / Фильтр для чая, кофе;Фильтр для чая, кофе;не создано;
92407;17027907;Дом и сад / Аксессуары для приготовления пищи / Сито;Сито;не создано;
970960558;17027907;Дом и сад / Аксессуары для приготовления пищи / Защитная насадка для пальцев;Защитная насадка для пальцев;не создано;
92359;17027907;Дом и сад / Аксессуары для приготовления пищи / Дуршлаг;Дуршлаг;не создано;
971015746;17027907;Дом и сад / Аксессуары для приготовления пищи / Аксессуары для точильного станка;Аксессуары для точильного станка;не создано;
593367367;17027907;Дом и сад / Аксессуары для приготовления пищи / Набор для консервирования;Набор для консервирования;не создано;
92389;17027907;Дом и сад / Аксессуары для приготовления пищи / Орехокол;Орехокол;не создано;
92363;17027907;Дом и сад / Аксессуары для приготовления пищи / Закаточная машинка;Закаточная машинка;не создано;
92353;17027907;Дом и сад / Аксессуары для приготовления пищи / Бумага пищевая;Бумага пищевая;не создано;
970675141;17027907;Дом и сад / Аксессуары для приготовления пищи / Совок для сыпучих продуктов, льда;Совок для сыпучих продуктов, льда;не создано;
971161563;17027907;Дом и сад / Аксессуары для приготовления пищи / Аксессуар для термощупа;Аксессуар для термощупа;не создано;
92373;17027907;Дом и сад / Аксессуары для приготовления пищи / Кулинарный инструмент;Кулинарный инструмент;не создано;
971309520;17027907;Дом и сад / Аксессуары для приготовления пищи / Чекич для лепешек;Чекич для лепешек;не создано;
447957738;17027907;Дом и сад / Аксессуары для приготовления пищи / Сервировочная доска;Сервировочная доска;не создано;
92360;17027907;Дом и сад / Аксессуары для приготовления пищи / Емкость мерная;Емкость мерная;не создано;
970736822;17027907;Дом и сад / Аксессуары для приготовления пищи / Вспениватель молока ручной;Вспениватель молока ручной;не создано;
97560;17027907;Дом и сад / Аксессуары для приготовления пищи / Пленка пищевая;Пленка пищевая;не создано;
92416;17027907;Дом и сад / Аксессуары для приготовления пищи / Сырорезка;Сырорезка;не создано;
92406;17027907;Дом и сад / Аксессуары для приготовления пищи / Ситечко для заваривания чая;Ситечко для заваривания чая;не создано;
970878334;17027907;Дом и сад / Аксессуары для приготовления пищи / Кулинарная форма;Кулинарная форма;не создано;
92436;17027907;Дом и сад / Аксессуары для приготовления пищи / Фрукто-овощечистка;Фрукто-овощечистка;не создано;
97558;17027907;Дом и сад / Аксессуары для приготовления пищи / Кулинарная нить;Кулинарная нить;не создано;
970859940;17027907;Дом и сад / Аксессуары для приготовления пищи / Вакуумная система для консервации продуктов;Вакуумная система для консервации продуктов;не создано;
97559;17027907;Дом и сад / Аксессуары для приготовления пищи / Пакет, мешок для приготовления;Пакет, мешок для приготовления;не создано;
970889086;17027907;Дом и сад / Аксессуары для приготовления пищи / Восковые салфетки;Восковые салфетки;не создано;
92431;17027907;Дом и сад / Аксессуары для приготовления пищи / Яйцерезка;Яйцерезка;не создано;
92420;17027907;Дом и сад / Аксессуары для приготовления пищи / Трафарет кулинарный;Трафарет кулинарный;не создано;
971080182;17027907;Дом и сад / Аксессуары для приготовления пищи / Пистолет для фламбирования;Пистолет для фламбирования;не создано;
92424;17027907;Дом и сад / Аксессуары для приготовления пищи / Форма для льда, конфет;Форма для льда, конфет;не создано;
92435;17027907;Дом и сад / Аксессуары для приготовления пищи / Фрукто-овощерезка;Фрукто-овощерезка;не создано;
352274040;17027907;Дом и сад / Аксессуары для приготовления пищи / Ручка для переноски пакетов;Ручка для переноски пакетов;не создано;
92415;17027907;Дом и сад / Аксессуары для приготовления пищи / Сушилка для салата, зелени;Сушилка для салата, зелени;не создано;
970859925;17027907;Дом и сад / Аксессуары для приготовления пищи / Стерилизатор для банок;Стерилизатор для банок;не создано;
970882089;17027907;Дом и сад / Аксессуары для приготовления пищи / Набор для приготовления роллов;Набор для приготовления роллов;не создано;
92375;17027907;Дом и сад / Аксессуары для приготовления пищи / Ложка кулинарная;Ложка кулинарная;не создано;
92355;17027907;Дом и сад / Аксессуары для приготовления пищи / Венчик;Венчик;не создано;
970791754;17027907;Дом и сад / Аксессуары для приготовления пищи / Коврик для приготовления;Коврик для приготовления;не создано;
971061860;17027907;Дом и сад / Аксессуары для приготовления пищи / Бомбилья для мате;Бомбилья для мате;не создано;
970977225;17027907;Дом и сад / Аксессуары для приготовления пищи / Запчасть для лапшерезки;Запчасть для лапшерезки;не создано;
92374;17027907;Дом и сад / Аксессуары для приготовления пищи / Набор кухонной навески;Набор кухонной навески;не создано;
970799661;17027907;Дом и сад / Аксессуары для приготовления пищи / Рыбочистка;Рыбочистка;не создано;
92393;17027907;Дом и сад / Аксессуары для приготовления пищи / Пинцет кухонный;Пинцет кухонный;не создано;
92403;17027907;Дом и сад / Аксессуары для приготовления пищи / Ручка ухват для посуды;Ручка ухват для посуды;не создано;
94462;17027907;Дом и сад / Аксессуары для приготовления пищи / Точилка для ножей, ножниц;Точилка для ножей, ножниц;не создано;
92427;17027907;Дом и сад / Аксессуары для приготовления пищи / Мешок кондитерский;Мешок кондитерский;не создано;
92401;17027907;Дом и сад / Аксессуары для приготовления пищи / Чеснокодавилка;Чеснокодавилка;не создано;
970942316;17027907;Дом и сад / Аксессуары для приготовления пищи / Сушилка для кондитерских изделий;Сушилка для кондитерских изделий;не создано;
970836173;17027907;Дом и сад / Аксессуары для приготовления пищи / Доска для разморозки продуктов;Доска для разморозки продуктов;не создано;
92388;17027907;Дом и сад / Аксессуары для приготовления пищи / Ножницы кухонные;Ножницы кухонные;не создано;
971418178;17027907;Дом и сад / Аксессуары для приготовления пищи / Чабань-чайная доска;Чабань-чайная доска;не создано;
92408;17027907;Дом и сад / Аксессуары для приготовления пищи / Скалка;Скалка;не создано;
970861038;17027907;Дом и сад / Аксессуары для приготовления пищи / Яйцечистка;Яйцечистка;не создано;
92368;17027907;Дом и сад / Аксессуары для приготовления пищи / Кисть кулинарная;Кисть кулинарная;не создано;
92386;17027907;Дом и сад / Аксессуары для приготовления пищи / Насадка для кондитерского мешка;Насадка для кондитерского мешка;не создано;
971004063;17027907;Дом и сад / Аксессуары для приготовления пищи / Протирка овощей, фруктов, ягод;Протирка овощей, фруктов, ягод;не создано;
92399;17027907;Дом и сад / Аксессуары для приготовления пищи / Толкушка для картофеля;Толкушка для картофеля;не создано;
971158326;17027907;Дом и сад / Аксессуары для приготовления пищи / Запчасть для ручной кофемолки;Запчасть для ручной кофемолки;не создано;
971115198;17027907;Дом и сад / Аксессуары для приготовления пищи / Доска для скручивания чая;Доска для скручивания чая;не создано;
970862416;17027907;Дом и сад / Аксессуары для приготовления пищи / Мусат;Мусат;не создано;
92395;17027907;Дом и сад / Аксессуары для приготовления пищи / Поднос;Поднос;не создано;
92555;17027907;Дом и сад / Аксессуары для приготовления пищи / Половник;Половник;не создано;
971137214;17027907;Дом и сад / Аксессуары для приготовления пищи / Аэрограф кондитерский;Аэрограф кондитерский;не создано;
971309776;17027907;Дом и сад / Аксессуары для приготовления пищи / Тестораскатка;Тестораскатка;не создано;
970954740;17027907;Дом и сад / Аксессуары для приготовления пищи / Шпатель-скребок кондитерский;Шпатель-скребок кондитерский;не создано;
92429;17027907;Дом и сад / Аксессуары для приготовления пищи / Шумовка;Шумовка;не создано;
92361;17027907;Дом и сад / Аксессуары для приготовления пищи / Зажигалка кухонная;Зажигалка кухонная;не создано;
92380;17027907;Дом и сад / Аксессуары для приготовления пищи / Тендерайзер, молоток для мяса;Тендерайзер, молоток для мяса;не создано;
971297805;17027907;Дом и сад / Аксессуары для приготовления пищи / Органайзер барный;Органайзер барный;не создано;
92425;17027907;Дом и сад / Аксессуары для приготовления пищи / Форма для мороженого;Форма для мороженого;не создано;
92404;17027907;Дом и сад / Аксессуары для приготовления пищи / Салфетница;Салфетница;не создано;
92358;17027907;Дом и сад / Аксессуары для приготовления пищи / Держатель кухонный;Держатель кухонный;не создано;
92568;17027907;Дом и сад / Аксессуары для приготовления пищи / Щипцы кулинарные;Щипцы кулинарные;не создано;
92422;17027907;Дом и сад / Аксессуары для приготовления пищи / Фольга пищевая;Фольга пищевая;не создано;
970834482;17027907;Дом и сад / Аксессуары для приготовления пищи / Гастроемкость;Гастроемкость;не создано;
115943864;17027907;Дом и сад / Аксессуары для приготовления пищи / Воронка кухонная;Воронка кухонная;не создано;
970942532;17027907;Дом и сад / Аксессуары для приготовления пищи / Аксессуар для плиты;Аксессуар для плиты;не создано;
970855208;17027907;Дом и сад / Аксессуары для приготовления пищи / Решетка для охлаждения хлеба, выпечки;Решетка для охлаждения хлеба, выпечки;не создано;
92397;17027907;Дом и сад / Аксессуары для приготовления пищи / Подставка для ножей;Подставка для ножей;не создано;
970863820;17027907;Дом и сад / Аксессуары для приготовления пищи / Кольцо для салфеток;Кольцо для салфеток;не создано;
970791945;17027907;Дом и сад / Аксессуары для приготовления пищи / Ролик для теста;Ролик для теста;не создано;
92385;17027907;Дом и сад / Аксессуары для приготовления пищи / Шпажки для канапе;Шпажки для канапе;не создано;
970792658;17027907;Дом и сад / Аксессуары для приготовления пищи / Мясорубка ручная;Мясорубка ручная;не создано;
92456;17027907;Дом и сад / Аксессуары для приготовления пищи / Набор для выпечки;Набор для выпечки;не создано;
971099402;17027907;Дом и сад / Аксессуары для приготовления пищи / Аксессуар для фрукто-овощерезки;Аксессуар для фрукто-овощерезки;не создано;
970805013;17027907;Дом и сад / Аксессуары для приготовления пищи / Крышка для СВЧ;Крышка для СВЧ;не создано;
971043241;17027907;Дом и сад / Аксессуары для приготовления пищи / Чехол для кухонных принадлежностей;Чехол для кухонных принадлежностей;не создано;
92372;17027907;Дом и сад / Аксессуары для приготовления пищи / Набор для моделирования кондитерских украшений;Набор для моделирования кондитерских украшений;не создано;
92354;17027907;Дом и сад / Аксессуары для приготовления пищи / Ведерко для льда;Ведерко для льда;не создано;
92366;17027907;Дом и сад / Аксессуары для приготовления пищи / Ручной измельчитель;Ручной измельчитель;не создано;
971136879;200000625;Хобби и творчество / Криминалистика / Инструмент криминалистический;Инструмент криминалистический;фото отклонено;DESCRIPTION_DECLINE:4194
971433298;200001234;Хобби и творчество / Химия для творчества / Химия для ювелирных работ;Химия для ювелирных работ;не создано;
94508;17028962;Хобби и творчество / Инструмент для рукоделия / Крючок для вязания;Крючок для вязания;не создано;
970623773;17028962;Хобби и творчество / Инструмент для рукоделия / Аксессуар для вязальных спиц;Аксессуар для вязальных спиц;не создано;
98202;17028962;Хобби и творчество / Инструмент для рукоделия / Шаблон для рукоделия;Шаблон для рукоделия;не создано;
98533;17028962;Хобби и творчество / Инструмент для рукоделия / Машинка для вырубки;Машинка для вырубки;не создано;
970838697;17028962;Хобби и творчество / Инструмент для рукоделия / Выкройка;Выкройка;не создано;
94510;17028962;Хобби и творчество / Инструмент для рукоделия / Машинка для вязания;Машинка для вязания;не создано;
98548;17028962;Хобби и творчество / Инструмент для рукоделия / Набор инструментов для вязания;Набор инструментов для вязания;не создано;
94859;17028666;Хобби и творчество / Манекены / Аксессуар для манекена;Аксессуар для манекена;не создано;
94857;17028666;Хобби и творчество / Манекены / Манекен;Манекен;не создано;
970842657;88577267;Хобби и творчество / Сумки, органайзеры для творчества / Сумка для художественных принадлежностей;Сумка для художественных принадлежностей;не создано;
99415;200000858;Хобби и творчество / Гончарное дело / Доска для лепки;Доска для лепки;не создано;
971293833;200000858;Хобби и творчество / Гончарное дело / Ангоб для керамики;Ангоб для керамики;не создано;
971293832;200000858;Хобби и творчество / Гончарное дело / Глазурь для керамики;Глазурь для керамики;не создано;
971197785;200000858;Хобби и творчество / Гончарное дело / Муфельная печь для обжига керамики;Муфельная печь для обжига керамики;не создано;
971155939;200000858;Хобби и творчество / Гончарное дело / Инструмент для гончарного дела;Инструмент для гончарного дела;не создано;
971112037;200000858;Хобби и творчество / Гончарное дело / Гончарный круг;Гончарный круг;не создано;
970960411;200000858;Хобби и творчество / Гончарное дело / Формовочный станок для глины;Формовочный станок для глины;не создано;
92898;200000858;Хобби и творчество / Гончарное дело / Инструмент для лепки;Инструмент для лепки;не создано;
970849024;88621580;Хобби и творчество / Оборудование для творчества / Краска для аэрографа;Краска для аэрографа;не создано;
970843532;88621580;Хобби и творчество / Оборудование для творчества / Аэрограф для творчества;Аэрограф для творчества;не создано;
971880987;88621580;Хобби и творчество / Оборудование для творчества / Расходные материалы для аэрографа;Расходные материалы для аэрографа;не создано;
970849026;88621580;Хобби и творчество / Оборудование для творчества / Аксессуары для аэрографа;Аксессуары для аэрографа;не создано;
971074617;200000003;Хобби и творчество / Оборудование для ювелирных работ / Ручной инструмент ювелирный;Ручной инструмент ювелирный;не создано;
971364722;200000003;Хобби и творчество / Оборудование для ювелирных работ / Металл ювелирный;Металл ювелирный;не создано;
971116681;200000003;Хобби и творчество / Оборудование для ювелирных работ / Расходные материалы ювелирные;Расходные материалы ювелирные;не создано;
971080264;200000003;Хобби и творчество / Оборудование для ювелирных работ / Ювелирное оборудование;Ювелирное оборудование;не создано;
93752;87515080;Хобби и творчество / Гадания и эзотерика / Гадальные карты;Гадальные карты;не создано;
93730;87515080;Хобби и творчество / Гадания и эзотерика / Магическая атрибутика;Магическая атрибутика;не создано;
93728;87515080;Хобби и творчество / Гадания и эзотерика / Аксессуар для гаданий;Аксессуар для гаданий;не создано;
93767;87515080;Хобби и творчество / Гадания и эзотерика / Карты Таро;Карты Таро;не создано;
970855492;200001425;Хобби и творчество / Инструменты для творчества / Инструмент для эбру;Инструмент для эбру;не создано;
970855498;200001425;Хобби и творчество / Инструменты для творчества / Загуститель для эбру;Загуститель для эбру;не создано;
971080272;200001425;Хобби и творчество / Инструменты для творчества / Инструмент для витражных работ;Инструмент для витражных работ;не создано;
971041756;200001425;Хобби и творчество / Инструменты для творчества / Инструмент для лэмпворка, фьюзинга;Инструмент для лэмпворка, фьюзинга;не создано;
94909;200001425;Хобби и творчество / Инструменты для творчества / Клеевой стержень;Клеевой стержень;не создано;
95575;200001425;Хобби и творчество / Инструменты для творчества / Клеевой пистолет для рукоделия;Клеевой пистолет для рукоделия;не создано;
971103293;200001425;Хобби и творчество / Инструменты для творчества / Оборудование для шелкографии;Оборудование для шелкографии;не создано;
970872563;200001425;Хобби и творчество / Инструменты для творчества / Инструмент для создания гравюры;Инструмент для создания гравюры;не создано;
970855494;200001425;Хобби и творчество / Инструменты для творчества / Краска для эбру;Краска для эбру;не создано;
970893285;200001425;Хобби и творчество / Инструменты для творчества / Фен для сушки картин;Фен для сушки картин;не создано;
92303;200001272;Хобби и творчество / Заготовка, фурнитура для рукоделия / Заготовка для рукоделия;Заготовка для рукоделия;не создано;
98605;200001272;Хобби и творчество / Заготовка, фурнитура для рукоделия / Заготовка для украшений;Заготовка для украшений;не создано;
92350;200001272;Хобби и творчество / Заготовка, фурнитура для рукоделия / Бельевая фурнитура;Бельевая фурнитура;не создано;
92340;200001272;Хобби и творчество / Заготовка, фурнитура для рукоделия / Фурнитура для сумок;Фурнитура для сумок;не создано;
92334;200001272;Хобби и творчество / Заготовка, фурнитура для рукоделия / Фурнитура для обуви;Фурнитура для обуви;не создано;
97416;19034774;Хобби и творчество / Мольберты и этюдники / Этюдник;Этюдник;не создано;
97414;19034774;Хобби и творчество / Мольберты и этюдники / Мольберт художественный;Мольберт художественный;не создано;
970629873;19034774;Хобби и творчество / Мольберты и этюдники / Аксессуар для мольберта;Аксессуар для мольберта;не создано;
970617545;19034774;Хобби и творчество / Мольберты и этюдники / Натюрмортный стол;Натюрмортный стол;не создано;
98557;17028961;Хобби и творчество / Аксессуары для творчества / Клипсы для рукоделия;Клипсы для рукоделия;не создано;
92287;17028961;Хобби и творчество / Аксессуары для творчества / Коврик для резки;Коврик для резки;не создано;
92336;17028961;Хобби и творчество / Аксессуары для творчества / Прищепка декоративная;Прищепка декоративная;не создано;
97407;17028961;Хобби и творчество / Аксессуары для творчества / Колодка портновская;Колодка портновская;не создано;
93869;17028961;Хобби и творчество / Аксессуары для творчества / Фартук для творчества;Фартук для творчества;не создано;
92285;17028961;Хобби и творчество / Аксессуары для творчества / Наперсток;Наперсток;не создано;
971058376;17028961;Хобби и творчество / Аксессуары для творчества / Инструмент для эмбоссинга;Инструмент для эмбоссинга;не создано;
971081732;17028961;Хобби и творчество / Аксессуары для творчества / Расходный материал для эмбоссинга;Расходный материал для эмбоссинга;не создано;
971148445;17028961;Хобби и творчество / Аксессуары для творчества / Паяльник для рукоделия;Паяльник для рукоделия;не создано;
971892212;17028961;Хобби и творчество / Аксессуары для творчества / Бирка;Бирка;не создано;
98303;17028961;Хобби и творчество / Аксессуары для творчества / Аксессуар для скрапбукинга;Аксессуар для скрапбукинга;не создано;
97196;17028961;Хобби и творчество / Аксессуары для творчества / Лента измерительная для шитья;Лента измерительная для шитья;не создано;
970981967;17028961;Хобби и творчество / Аксессуары для творчества / Пластик самоклеящийся для рукоделия;Пластик самоклеящийся для рукоделия;не создано;
970713491;17028961;Хобби и творчество / Аксессуары для творчества / Катушка для ниток;Катушка для ниток;не создано;
971074121;17028961;Хобби и творчество / Аксессуары для творчества / Защита для уроков труда;Защита для уроков труда;не создано;
97192;17028961;Хобби и творчество / Аксессуары для творчества / Бобина для мулине;Бобина для мулине;не создано;
95488;17028961;Хобби и творчество / Аксессуары для творчества / Органайзер для рукоделия;Органайзер для рукоделия;не создано;
94507;17028961;Хобби и творчество / Аксессуары для творчества / Специальный инструмент для шитья;Специальный инструмент для шитья;не создано;
786521401;17028961;Хобби и творчество / Аксессуары для творчества / Аксессуар для вязания;Аксессуар для вязания;не создано;
97189;17028961;Хобби и творчество / Аксессуары для творчества / Распарыватель;Распарыватель;не создано;
971093692;17028961;Хобби и творчество / Аксессуары для творчества / Гидролатор;Гидролатор;не создано;
92314;17028961;Хобби и творчество / Аксессуары для творчества / Кольцо для рукоделия;Кольцо для рукоделия;не создано;
98201;17028961;Хобби и творчество / Аксессуары для творчества / Нитевдеватель;Нитевдеватель;не создано;
971877582;17028965;Хобби и творчество / Нитки, пряжа / Стропа текстильная;Стропа текстильная;не создано;
970886710;17028965;Хобби и творчество / Нитки, пряжа / Кружево;Кружево;не создано;
96605;17028965;Хобби и творчество / Нитки, пряжа / Шнур для рукоделия;Шнур для рукоделия;не создано;
96601;17028965;Хобби и творчество / Нитки, пряжа / Резинка для шитья;Резинка для шитья;не создано;
96604;17028965;Хобби и творчество / Нитки, пряжа / Шерсть;Шерсть;не создано;
96603;17028965;Хобби и творчество / Нитки, пряжа / Тесьма;Тесьма;не создано;
96600;17028965;Хобби и творчество / Нитки, пряжа / Пряжа;Пряжа;не создано;
96596;17028965;Хобби и творчество / Нитки, пряжа / Лента;Лента;не создано;
98206;17028964;Хобби и творчество / Набор для рукоделия, творчества / Резиночки для плетения;Резиночки для плетения;не создано;
94901;17028964;Хобби и творчество / Набор для рукоделия, творчества / Набор для скрапбукинга, аппликаций;Набор для скрапбукинга, аппликаций;не создано;
971070706;17028964;Хобби и творчество / Набор для рукоделия, творчества / Бумажная лоза для плетения;Бумажная лоза для плетения;не создано;
92914;17028964;Хобби и творчество / Набор для рукоделия, творчества / Набор для мыловарения;Набор для мыловарения;не создано;
94904;17028964;Хобби и творчество / Набор для рукоделия, творчества / Набор для шитья, ткачества;Набор для шитья, ткачества;не создано;
97176;17028964;Хобби и творчество / Набор для рукоделия, творчества / Набор для рисования, росписи;Набор для рисования, росписи;не создано;
92919;17028964;Хобби и творчество / Набор для рукоделия, творчества / Набор для плетения;Набор для плетения;не создано;
92917;17028964;Хобби и творчество / Набор для рукоделия, творчества / Набор для опытов;Набор для опытов;не создано;
92918;17028964;Хобби и творчество / Набор для рукоделия, творчества / Набор для папье-маше;Набор для папье-маше;не создано;
94897;17028964;Хобби и творчество / Набор для рукоделия, творчества / Картина по номерам;Картина по номерам;не создано;
970871699;17028964;Хобби и творчество / Набор для рукоделия, творчества / Картина по контурам;Картина по контурам;не создано;
94896;17028964;Хобби и творчество / Набор для рукоделия, творчества / Набор для вышивания;Набор для вышивания;не создано;
92924;17028964;Хобби и творчество / Набор для рукоделия, творчества / Набор для создания украшений;Набор для создания украшений;не создано;
970865114;17028964;Хобби и творчество / Набор для рукоделия, творчества / Набор для создания часов;Набор для создания часов;не создано;
92916;17028964;Хобби и творчество / Набор для рукоделия, творчества / Набор для лепки, скульптуры;Набор для лепки, скульптуры;не создано;
92915;17028964;Хобби и творчество / Набор для рукоделия, творчества / Набор для изготовления свечей;Набор для изготовления свечей;не создано;
970957181;17028964;Хобби и творчество / Набор для рукоделия, творчества / Основа для плетения;Основа для плетения;не создано;
971084314;17028964;Хобби и творчество / Набор для рукоделия, творчества / Ротанг для плетения;Ротанг для плетения;не создано;
92911;17028964;Хобби и творчество / Набор для рукоделия, творчества / Набор для вязания;Набор для вязания;не создано;
92901;17028964;Хобби и творчество / Набор для рукоделия, творчества / Набор для выжигания;Набор для выжигания;не создано;
98428;17028964;Хобби и творчество / Набор для рукоделия, творчества / Картина из пайеток;Картина из пайеток;не создано;
94899;17028964;Хобби и творчество / Набор для рукоделия, творчества / Алмазная мозаика;Алмазная мозаика;не создано;
970826284;17028964;Хобби и творчество / Набор для рукоделия, творчества / Набор для создания флорариума;Набор для создания флорариума;не создано;
92910;17028964;Хобби и творчество / Набор для рукоделия, творчества / Набор для валяния;Набор для валяния;не создано;
971078269;17028964;Хобби и творчество / Набор для рукоделия, творчества / Лопатка для плетения;Лопатка для плетения;не создано;
97180;17028964;Хобби и творчество / Набор для рукоделия, творчества / Набор для изготовления косметики, парфюма;Набор для изготовления косметики, парфюма;не создано;
92913;17028964;Хобби и творчество / Набор для рукоделия, творчества / Набор для изготовления игрушки;Набор для изготовления игрушки;не создано;
92912;17028964;Хобби и творчество / Набор для рукоделия, творчества / Набор для декорирования;Набор для декорирования;не создано;
92903;17028964;Хобби и творчество / Набор для рукоделия, творчества / Набор для создания гравюры;Набор для создания гравюры;не создано;
970804409;17028964;Хобби и творчество / Набор для рукоделия, творчества / Нить для плетения;Нить для плетения;не создано;
94895;17028964;Хобби и творчество / Набор для рукоделия, творчества / Набор для бисероплетения;Набор для бисероплетения;не создано;
970951151;17028665;Хобби и творчество / Пазлы, модели для сборки / Материал для моделизма;Материал для моделизма;не создано;
970849150;17028665;Хобби и творчество / Пазлы, модели для сборки / Декоративные эффекты для моделизма;Декоративные эффекты для моделизма;не создано;
971045888;17028665;Хобби и творчество / Пазлы, модели для сборки / Чертеж сборной модели;Чертеж сборной модели;не создано;
92950;17028665;Хобби и творчество / Пазлы, модели для сборки / Пазл;Пазл;не создано;
92937;17028665;Хобби и творчество / Пазлы, модели для сборки / Сборная модель;Сборная модель;не создано;
970863160;17028665;Хобби и творчество / Пазлы, модели для сборки / Аксессуар для сборной модели;Аксессуар для сборной модели;не создано;
970667790;17028665;Хобби и творчество / Пазлы, модели для сборки / Дополнения для сборных моделей;Дополнения для сборных моделей;не создано;
970870906;17028665;Хобби и творчество / Пазлы, модели для сборки / Химия для моделизма;Химия для моделизма;не создано;
92941;17028665;Хобби и творчество / Пазлы, модели для сборки / Аксессуар для пазла;Аксессуар для пазла;не создано;
92940;17028665;Хобби и творчество / Пазлы, модели для сборки / Инструменты для моделирования;Инструменты для моделирования;не создано;
970862365;17028963;Хобби и творчество / Материал для рукоделия / Флористическая колба;Флористическая колба;не создано;
92335;17028963;Хобби и творчество / Материал для рукоделия / Природные материалы;Природные материалы;не создано;
92337;17028963;Хобби и творчество / Материал для рукоделия / Пуговицы;Пуговицы;не создано;
971390356;17028963;Хобби и творчество / Материал для рукоделия / Доска для иконописи;Доска для иконописи;не создано;
96602;17028963;Хобби и творчество / Материал для рукоделия / Клейкая лента декоративная;Клейкая лента декоративная;не создано;
971074024;17028963;Хобби и творчество / Материал для рукоделия / Инструмент для работы со стразами;Инструмент для работы со стразами;не создано;
971119840;17028963;Хобби и творчество / Материал для рукоделия / Материал для витражных работ;Материал для витражных работ;не создано;
971287250;17028963;Хобби и творчество / Материал для рукоделия / Ароматизатор для полимерной глины;Ароматизатор для полимерной глины;не создано;
92327;17028963;Хобби и творчество / Материал для рукоделия / Отдушка;Отдушка;не создано;
98581;17028963;Хобби и творчество / Материал для рукоделия / Инструмент для люверсов;Инструмент для люверсов;не создано;
971032588;17028963;Хобби и творчество / Материал для рукоделия / Папка для гербария;Папка для гербария;не создано;
971195918;17028963;Хобби и творчество / Материал для рукоделия / Пропиленгликоль косметический;Пропиленгликоль косметический;не создано;
970680554;17028963;Хобби и творчество / Материал для рукоделия / Канитель;Канитель;не создано;
92323;17028963;Хобби и творчество / Материал для рукоделия / Наполнитель для рукоделия;Наполнитель для рукоделия;не создано;
971005740;17028963;Хобби и творчество / Материал для рукоделия / Флористическая лента;Флористическая лента;не создано;
970680089;17028963;Хобби и творчество / Материал для рукоделия / Сургучная печать;Сургучная печать;не создано;
970880745;17028963;Хобби и творчество / Материал для рукоделия / Фитиль для свечей;Фитиль для свечей;не создано;
970674008;17028963;Хобби и творчество / Материал для рукоделия / Материал для литья;Материал для литья;не создано;
92349;17028963;Хобби и творчество / Материал для рукоделия / Флористическая губка;Флористическая губка;не создано;
971815165;17028963;Хобби и творчество / Материал для рукоделия / Фурнитура для шкатулки;Фурнитура для шкатулки;не создано;
971078281;17028963;Хобби и творчество / Материал для рукоделия / Акриловая смола для творчества;Акриловая смола для творчества;не создано;
98421;17028963;Хобби и творчество / Материал для рукоделия / Сургуч;Сургуч;не создано;
92297;17028963;Хобби и творчество / Материал для рукоделия / Бусина;Бусина;не создано;
970871225;17028963;Хобби и творчество / Материал для рукоделия / Флористический каркас;Флористический каркас;не создано;
92345;17028963;Хобби и творчество / Материал для рукоделия / Трансфер;Трансфер;не создано;
970671315;17028963;Хобби и творчество / Материал для рукоделия / Упаковочная бумага для подарков;Упаковочная бумага для подарков;не создано;
971156049;17028963;Хобби и творчество / Материал для рукоделия / Заготовка для часов;Заготовка для часов;не создано;
98209;17028963;Хобби и творчество / Материал для рукоделия / Штифт для рукоделия;Штифт для рукоделия;не создано;
971162646;17028963;Хобби и творчество / Материал для рукоделия / Поддон для флористической губки;Поддон для флористической губки;не создано;
92313;17028963;Хобби и творчество / Материал для рукоделия / Фурнитура для одежды;Фурнитура для одежды;не создано;
92338;17028963;Хобби и творчество / Материал для рукоделия / Багетная рама;Багетная рама;не создано;
971311639;17028963;Хобби и творчество / Материал для рукоделия / Шпатель для рукоделия;Шпатель для рукоделия;не создано;
970954617;17028963;Хобби и творчество / Материал для рукоделия / Материал для изготовления свечей;Материал для изготовления свечей;не создано;
971307034;17028963;Хобби и творчество / Материал для рукоделия / Держатель для фитиля свечи;Держатель для фитиля свечи;не создано;
971099208;17028963;Хобби и творчество / Материал для рукоделия / Водорастворимая картинка;Водорастворимая картинка;не создано;
971163994;17028963;Хобби и творчество / Материал для рукоделия / Средство для стабилизации растений;Средство для стабилизации растений;не создано;
971919690;17028963;Хобби и творчество / Материал для рукоделия / Воск для творчества;Воск для творчества;не создано;
98465;17028963;Хобби и творчество / Материал для рукоделия / Инструмент для валяния;Инструмент для валяния;не создано;
96599;17028963;Хобби и творчество / Материал для рукоделия / Проволока для рукоделия;Проволока для рукоделия;не создано;
180528481;17028963;Хобби и творчество / Материал для рукоделия / Кожа;Кожа;не создано;
92295;17028963;Хобби и творчество / Материал для рукоделия / Бисер;Бисер;не создано;
970871224;17028963;Хобби и творчество / Материал для рукоделия / Гербарий;Гербарий;не создано;
971158288;17028963;Хобби и творчество / Материал для рукоделия / Стеклярус;Стеклярус;не создано;
971364337;17028963;Хобби и творчество / Материал для рукоделия / Металл сублимационный;Металл сублимационный;не создано;
970688646;17028963;Хобби и творчество / Материал для рукоделия / Изолон для рукоделия;Изолон для рукоделия;не создано;
92324;17028963;Хобби и творчество / Материал для рукоделия / Термонаклейка;Термонаклейка;не создано;
92304;17028963;Хобби и творчество / Материал для рукоделия / Заклепки;Заклепки;не создано;
970892412;17028963;Хобби и творчество / Материал для рукоделия / Декор для флористики;Декор для флористики;не создано;
92305;17028963;Хобби и творчество / Материал для рукоделия / Заплатка;Заплатка;не создано;
98100;17028963;Хобби и творчество / Материал для рукоделия / Часовой механизм;Часовой механизм;не создано;
92319;17028963;Хобби и творчество / Материал для рукоделия / Люверсы;Люверсы;не создано;
92343;17028963;Хобби и творчество / Материал для рукоделия / Схема для вышивки;Схема для вышивки;не создано;
971364338;17028963;Хобби и творчество / Материал для рукоделия / Чернила сублимационные;Чернила сублимационные;не создано;
971423238;17028963;Хобби и творчество / Материал для рукоделия / Флористический рукав;Флористический рукав;не создано;
970680747;17028963;Хобби и творчество / Материал для рукоделия / Подкладочный материал;Подкладочный материал;не создано;
971042335;17028963;Хобби и творчество / Материал для рукоделия / Размягчитель для полимерной глины;Размягчитель для полимерной глины;не создано;
971065942;17028963;Хобби и творчество / Материал для рукоделия / Химия кожевенная;Химия кожевенная;не создано;
971407846;17028963;Хобби и творчество / Материал для рукоделия / Литьевой камень для творчества;Литьевой камень для творчества;не создано;
970876448;17028963;Хобби и творчество / Материал для рукоделия / Мебельный наполнитель;Мебельный наполнитель;не создано;
92326;17028963;Хобби и творчество / Материал для рукоделия / Основа для мыловарения;Основа для мыловарения;не создано;
99056;17028963;Хобби и творчество / Материал для рукоделия / Глицерин;Глицерин;не создано;
970886657;17028963;Хобби и творчество / Материал для рукоделия / Шеврон;Шеврон;не создано;
92902;17028963;Хобби и творчество / Материал для рукоделия / Глина полимерная;Глина полимерная;не создано;
98543;17028963;Хобби и творчество / Материал для рукоделия / Пряжка;Пряжка;не создано;
98345;17028963;Хобби и творчество / Материал для рукоделия / Фетр;Фетр;не создано;
971103566;17028963;Хобби и творчество / Материал для рукоделия / Станок для бисероплетения;Станок для бисероплетения;не создано;
822555160;17028963;Хобби и творчество / Материал для рукоделия / Эпоксидная смола для творчества;Эпоксидная смола для творчества;не создано;
971169755;17028963;Хобби и творчество / Материал для рукоделия / Леска для рукоделия;Леска для рукоделия;не создано;
92344;17028963;Хобби и творчество / Материал для рукоделия / Ткань;Ткань;не создано;
971424239;17028963;Хобби и творчество / Материал для рукоделия / Компонент для изготовления косметики;Компонент для изготовления косметики;не создано;
971313499;17028963;Хобби и творчество / Материал для рукоделия / Краситель для творчества;Краситель для творчества;не создано;
92342;17028963;Хобби и творчество / Материал для рукоделия / Стразы;Стразы;не создано;
971682674;17028963;Хобби и творчество / Материал для рукоделия / Липучка для рукоделия;Липучка для рукоделия;не создано;
92301;17028963;Хобби и творчество / Материал для рукоделия / Кабошоны;Кабошоны;не создано;
970841515;17028963;Хобби и творчество / Материал для рукоделия / Элемент для изготовления игрушек;Элемент для изготовления игрушек;не создано;
971301761;17028963;Хобби и творчество / Материал для рукоделия / Воскоплав свечной;Воскоплав свечной;не создано;
971418741;17028963;Хобби и творчество / Материал для рукоделия / Аксессуар для плавки сургуча;Аксессуар для плавки сургуча;не создано;
970962316;17028963;Хобби и творчество / Материал для рукоделия / Бетон для творчества;Бетон для творчества;не создано;
92341;17028963;Хобби и творчество / Материал для рукоделия / Добавки для мыловарения;Добавки для мыловарения;не создано;
92339;17028963;Хобби и творчество / Материал для рукоделия / Рафия;Рафия;не создано;
92289;17028963;Хобби и творчество / Материал для рукоделия / Стабилизатор ткани;Стабилизатор ткани;не создано;
98401;17028963;Хобби и творчество / Материал для рукоделия / Глина;Глина;не создано;
92328;17028963;Хобби и творчество / Материал для рукоделия / Пайетки;Пайетки;не создано;
92309;17028963;Хобби и творчество / Материал для рукоделия / Канва для вышивки;Канва для вышивки;не создано;
97297;17028963;Хобби и творчество / Материал для рукоделия / Фоамиран;Фоамиран;не создано;
92347;17028963;Хобби и творчество / Материал для рукоделия / Декоративный элемент для рукоделия;Декоративный элемент для рукоделия;не создано;
970804631;17028963;Хобби и творчество / Материал для рукоделия / Утеплитель для одежды;Утеплитель для одежды;не создано;
970958445;17028963;Хобби и творчество / Материал для рукоделия / Аксессуар для вышивания;Аксессуар для вышивания;не создано;
970941663;17028963;Хобби и творчество / Материал для рукоделия / Стабилизированные растения для флористики;Стабилизированные растения для флористики;не создано;
97661;17028963;Хобби и творчество / Материал для рукоделия / Гипс;Гипс;не создано;
92329;17028667;Хобби и творчество / Холсты и подрамники / Паспарту;Паспарту;не создано;
98330;17028667;Хобби и творчество / Холсты и подрамники / Подрамник;Подрамник;не создано;
97302;17028667;Хобби и творчество / Холсты и подрамники / Холст;Холст;не создано;
971159541;17028667;Хобби и творчество / Холсты и подрамники / Артборд;Артборд;не создано;
970719121;17028667;Хобби и творчество / Холсты и подрамники / Аксессуар для холста;Аксессуар для холста;не создано;
971102243;17028664;Хобби и творчество / Детское творчество и развитие / Аксессуар для 3D-ручки;Аксессуар для 3D-ручки;не создано;
971416102;17028664;Хобби и творчество / Детское творчество и развитие / Аксессуар для фокусов;Аксессуар для фокусов;не создано;
92906;17028664;Хобби и творчество / Детское творчество и развитие / Кинетический песок;Кинетический песок;не создано;
970880499;17028664;Хобби и творчество / Детское творчество и развитие / Проектор для рисования;Проектор для рисования;не создано;
92934;17028664;Хобби и творчество / Детское творчество и развитие / Экран для рисования;Экран для рисования;не создано;
92291;17028664;Хобби и творчество / Детское творчество и развитие / Трафарет для рукоделия;Трафарет для рукоделия;не создано;
970985367;17028664;Хобби и творчество / Детское творчество и развитие / Микроскоп детский;Микроскоп детский;не создано;
92928;17028664;Хобби и творчество / Детское творчество и развитие / Пластилин;Пластилин;не создано;
92895;17028664;Хобби и творчество / Детское творчество и развитие / Обучающий плакат;Обучающий плакат;не создано;
970693913;17028664;Хобби и творчество / Детское творчество и развитие / Анатомическая модель;Анатомическая модель;не создано;
92908;17028664;Хобби и творчество / Детское творчество и развитие / Набор для поделок из бумаги;Набор для поделок из бумаги;не создано;
92930;17028664;Хобби и творчество / Детское творчество и развитие / Папертоль;Папертоль;не создано;
96800;17028664;Хобби и творчество / Детское творчество и развитие / 3D-ручка;3D-ручка;не создано;
98501;17028664;Хобби и творчество / Детское творчество и развитие / Прибор для выжигания;Прибор для выжигания;не создано;
92909;17028664;Хобби и творчество / Детское творчество и развитие / Мозаика;Мозаика;не создано;
970841923;17028664;Хобби и творчество / Детское творчество и развитие / Ингредиент для изготовления слайма;Ингредиент для изготовления слайма;не создано;
970985368;17028664;Хобби и творчество / Детское творчество и развитие / Телескоп детский;Телескоп детский;не создано;
970841396;17028664;Хобби и творчество / Детское творчество и развитие / Губка для творчества;Губка для творчества;не создано;
92907;17028664;Хобби и творчество / Детское творчество и развитие / Масса для лепки;Масса для лепки;не создано;
970965210;17028664;Хобби и творчество / Детское творчество и развитие / Стилус для магнитного планшета;Стилус для магнитного планшета;не создано;
92929;17028664;Хобби и творчество / Детское творчество и развитие / Раскраска;Раскраска;не создано;
92932;17028664;Хобби и творчество / Детское творчество и развитие / Набор для фокусов;Набор для фокусов;не создано;
971110554;17028664;Хобби и творчество / Детское творчество и развитие / Учебное оборудование;Учебное оборудование;не создано;
97962;200001710;Хобби и творчество / Фигурки персонажей / Фигурки по видеоиграм, фильмам;Фигурки по видеоиграм, фильмам;не создано;
970797528;88076545;Хобби и творчество / Настольные и карточные игры / Дополнение для настольных игр;Дополнение для настольных игр;не создано;
115944396;88076545;Хобби и творчество / Настольные и карточные игры / Игральные карты;Игральные карты;не создано;
970777213;88076545;Хобби и творчество / Настольные и карточные игры / Лотерейный билет;Лотерейный билет;не создано;
98488;88076545;Хобби и творчество / Настольные и карточные игры / Шахматы;Шахматы;не создано;
98479;88076545;Хобби и творчество / Настольные и карточные игры / Нарды;Нарды;не создано;
970791574;88076545;Хобби и творчество / Настольные и карточные игры / Маджонг;Маджонг;не создано;
98476;88076545;Хобби и творчество / Настольные и карточные игры / Игральные кости;Игральные кости;не создано;
98489;88076545;Хобби и творчество / Настольные и карточные игры / Набор для покера;Набор для покера;не создано;
970675125;88076545;Хобби и творчество / Настольные и карточные игры / Игра-рулетка;Игра-рулетка;не создано;
92885;88076545;Хобби и творчество / Настольные и карточные игры / Аксессуар для настольных игр;Аксессуар для настольных игр;не создано;
98502;88076545;Хобби и творчество / Настольные и карточные игры / Аксессуар для игральных карт;Аксессуар для игральных карт;не создано;
971287560;88076545;Хобби и творчество / Настольные и карточные игры / Сукно для покера;Сукно для покера;не создано;
92888;88076545;Хобби и творчество / Настольные и карточные игры / Домино;Домино;не создано;
970982050;88076545;Хобби и творчество / Настольные и карточные игры / Психологическая игра;Психологическая игра;не создано;
98492;88076545;Хобби и творчество / Настольные и карточные игры / Шашки;Шашки;не создано;
970855962;88076545;Хобби и творчество / Настольные и карточные игры / Метафорические карты;Метафорические карты;не создано;
91231;88076545;Хобби и творчество / Настольные и карточные игры / Мини-гольф;Мини-гольф;не создано;
971058377;88076545;Хобби и творчество / Настольные и карточные игры / Электронный лотерейный билет;Электронный лотерейный билет;не создано;
971218398;88076545;Хобби и творчество / Настольные и карточные игры / Стол покерный;Стол покерный;не создано;
92892;88076545;Хобби и творчество / Настольные и карточные игры / Лото;Лото;не создано;
91303;200001403;Электроника / Карты памяти / Карта памяти;Карта памяти;другая ошибка;DESCRIPTION_DECLINE:4180
971478994;17028910;Электроника / Батарейки и аккумуляторы / Адаптер для батареек;Адаптер для батареек;не создано;
91885;17028910;Электроника / Батарейки и аккумуляторы / Чехол-аккумулятор;Чехол-аккумулятор;не создано;
91880;17028910;Электроника / Батарейки и аккумуляторы / Аккумулятор для телефона;Аккумулятор для телефона;не создано;
971007032;17028910;Электроника / Батарейки и аккумуляторы / Бокс для батареек;Бокс для батареек;не создано;
91886;17028910;Электроника / Батарейки и аккумуляторы / Внешний аккумулятор;Внешний аккумулятор;не создано;
91875;17028910;Электроника / Батарейки и аккумуляторы / Аккумуляторная батарейка;Аккумуляторная батарейка;не создано;
91883;17028910;Электроника / Батарейки и аккумуляторы / Батарея-аккумулятор;Батарея-аккумулятор;не создано;
970892650;17028910;Электроника / Батарейки и аккумуляторы / Сменная батарея для внешнего аккумулятора;Сменная батарея для внешнего аккумулятора;не создано;
91747;17028910;Электроника / Батарейки и аккумуляторы / Батарейная рукоятка;Батарейная рукоятка;не создано;
91876;17028910;Электроника / Батарейки и аккумуляторы / Батарейка;Батарейка;другая ошибка;"error_attribute_values_empty:9048;error_attribute_values_empty:9782;error_attribute_values_empty:22232;error_attribute_values_empty:23536;error_attribute_values_out_of_range:85"
97649;24692739;Электроника / Умный дом / Комплект умного дома;Комплект умного дома;не создано;
97486;24692739;Электроника / Умный дом / Контроллер умного дома;Контроллер умного дома;не создано;
96681;17028630;Электроника / Звуковые карты / Звуковая карта;Звуковая карта;не создано;
91551;17028939;Электроника / Рюкзаки, чехлы, сумки / Замок для ноутбука;Замок для ноутбука;не создано;
91516;17028932;Электроника / Принтеры, сканеры и МФУ / Принтер;Принтер;другая ошибка;"BR_attribute_advertising:22508;FB_ORIGINAL:4180"
91515;17028932;Электроника / Принтеры, сканеры и МФУ / МФУ;МФУ;другая ошибка;DESCRIPTION_DECLINE:4180
970875934;17028932;Электроника / Принтеры, сканеры и МФУ / Принтер для пластиковых карт;Принтер для пластиковых карт;не создано;
971310401;17028932;Электроника / Принтеры, сканеры и МФУ / Заправочная платформа для картриджей;Заправочная платформа для картриджей;не создано;
91514;17028932;Электроника / Принтеры, сканеры и МФУ / Копировальный аппарат;Копировальный аппарат;не создано;
832771981;17028932;Электроника / Принтеры, сканеры и МФУ / Масло для шредера;Масло для шредера;фото отклонено;DESCRIPTION_DECLINE:4194
970984216;17028932;Электроника / Принтеры, сканеры и МФУ / Аккумулятор для принтера;Аккумулятор для принтера;не создано;
84870051;17028637;Электроника / Сетевое оборудование / Сетевой шлюз;Сетевой шлюз;не создано;
95581;17028637;Электроника / Сетевое оборудование / Wi-Fi-мост;Wi-Fi-мост;не создано;
95587;17028637;Электроника / Сетевое оборудование / Усилитель сигнала;Усилитель сигнала;не создано;
95582;17028637;Электроника / Сетевое оборудование / Коммутатор;Коммутатор;не создано;
95586;17028637;Электроника / Сетевое оборудование / Точка доступа;Точка доступа;не создано;
970859763;17028637;Электроника / Сетевое оборудование / Внутренний факс-модем;Внутренний факс-модем;не создано;
854111385;17028637;Электроника / Сетевое оборудование / Сетевой контроллер;Сетевой контроллер;не создано;
718886856;17028637;Электроника / Сетевое оборудование / Тарелка для спутникового интернета;Тарелка для спутникового интернета;не создано;
718886854;17028637;Электроника / Сетевое оборудование / Спутниковый модем;Спутниковый модем;не создано;
95578;17028637;Электроника / Сетевое оборудование / DSL-модем;DSL-модем;не создано;
970938907;17028637;Электроника / Сетевое оборудование / Модемный пул;Модемный пул;не создано;
718886855;17028637;Электроника / Сетевое оборудование / Комплект спутникового интернета;Комплект спутникового интернета;не создано;
84870049;17028637;Электроника / Сетевое оборудование / Трансивер;Трансивер;не создано;
972128769;17028637;Электроника / Сетевое оборудование / Абонентский терминал;Абонентский терминал;не создано;
84870048;17028637;Электроника / Сетевое оборудование / Медиаконвертер;Медиаконвертер;не создано;
95599;17028637;Электроника / Сетевое оборудование / Сетевая карта;Сетевая карта;не создано;
97235;17028619;Электроника / Компьютеры / Мини-ПК;Мини-ПК;не создано;
91476;17028619;Электроника / Компьютеры / Системный блок;Системный блок;другая ошибка;"all_image_failed:0;pics_forbidden:0;primary_image_load_failed:0"
91503;17028610;Электроника / Объективы / Телеконвертер;Телеконвертер;не создано;
91501;17028610;Электроника / Объективы / Объектив;Объектив;не создано;
95905;17028922;Электроника / Кронштейны, держатели, подставки / Кронштейн для ТВ;Кронштейн для ТВ;не создано;
98411;17028922;Электроника / Кронштейны, держатели, подставки / Страховочные ремни для телевизора;Страховочные ремни для телевизора;фото отклонено;DESCRIPTION_DECLINE:4194
99380;17028922;Электроника / Кронштейны, держатели, подставки / Подставка для наушников;Подставка для наушников;не создано;
970804067;17028922;Электроника / Кронштейны, держатели, подставки / Подвесное крепление для ПК;Подвесное крепление для ПК;не создано;
99022;17028922;Электроника / Кронштейны, держатели, подставки / Стойка для DJ-оборудования;Стойка для DJ-оборудования;не создано;
95898;17028922;Электроника / Кронштейны, держатели, подставки / Аксессуары для монтажа сетевого оборудования;Аксессуары для монтажа сетевого оборудования;не создано;
970715585;17028922;Электроника / Кронштейны, держатели, подставки / Интерьерная рамка для телевизора;Интерьерная рамка для телевизора;не создано;
99379;17028922;Электроника / Кронштейны, держатели, подставки / Подставка под монитор;Подставка под монитор;не создано;
970856631;17028922;Электроника / Кронштейны, держатели, подставки / Защитный экран для телевизора;Защитный экран для телевизора;не создано;
95902;17028922;Электроника / Кронштейны, держатели, подставки / Кронштейн для монитора;Кронштейн для монитора;не создано;
97710;17028909;Электроника / Антенны и аксессуары к ним / Крепление для антенны;Крепление для антенны;фото отклонено;DESCRIPTION_DECLINE:4194
91391;17028909;Электроника / Антенны и аксессуары к ним / Антенна;Антенна;не создано;
718886858;17028909;Электроника / Антенны и аксессуары к ним / Спутниковое ТВ;Спутниковое ТВ;не создано;
98633;17028909;Электроника / Антенны и аксессуары к ним / CAM-модуль;CAM-модуль;не создано;
98632;17028909;Электроника / Антенны и аксессуары к ним / Антенный усилитель;Антенный усилитель;не создано;
98631;17028909;Электроника / Антенны и аксессуары к ним / Прибор для настройки антенн;Прибор для настройки антенн;не создано;
91718;17028642;Электроника / Проводные и DECT-телефоны / Радиотелефон;Радиотелефон;не создано;
97184;17028642;Электроника / Проводные и DECT-телефоны / SIP-телефон;SIP-телефон;не создано;
970988037;17028642;Электроника / Проводные и DECT-телефоны / Автоматическая телефонная станция;Автоматическая телефонная станция;не создано;
970880437;17028642;Электроника / Проводные и DECT-телефоны / Аксессуары для телефона, АТС;Аксессуары для телефона, АТС;не создано;
91723;17028642;Электроника / Проводные и DECT-телефоны / Проводной телефон;Проводной телефон;не создано;
971042601;42872319;Электроника / Электронные компоненты и модули / Приборный корпус;Приборный корпус;не создано;
970699982;42872319;Электроника / Электронные компоненты и модули / Комплект для конструирования, робототехники;Комплект для конструирования, робототехники;не создано;
99304;42872319;Электроника / Электронные компоненты и модули / Корпусные изделия для конструирования, робототехники;Корпусные изделия для конструирования, робототехники;не создано;
99309;42872319;Электроника / Электронные компоненты и модули / Электронный модуль;Электронный модуль;не создано;
971812058;42872319;Электроника / Электронные компоненты и модули / Устройства защиты для конструирования, робототехники;Устройства защиты для конструирования, робототехники;не создано;
99308;42872319;Электроника / Электронные компоненты и модули / Радиоконструкторы, модули;Радиоконструкторы, модули;не создано;
99314;42872319;Электроника / Электронные компоненты и модули / Активные электронные компоненты;Активные электронные компоненты;не создано;
970679431;42872319;Электроника / Электронные компоненты и модули / Плата разработчика;Плата разработчика;не создано;
99313;42872319;Электроника / Электронные компоненты и модули / Пассивные электронные компоненты;Пассивные электронные компоненты;не создано;
971812055;42872319;Электроника / Электронные компоненты и модули / Микросхемы;Микросхемы;не создано;
971093210;42872319;Электроника / Электронные компоненты и модули / Световые индикаторы для конструирования, робототехники;Световые индикаторы для конструирования, робототехники;не создано;
971107317;42872319;Электроника / Электронные компоненты и модули / Промышленная панель управления;Промышленная панель управления;не создано;
97402;17028641;Электроника / Телескопы и микроскопы / Аксессуар для микроскопа;Аксессуар для микроскопа;не создано;
94822;17028641;Электроника / Телескопы и микроскопы / Микроскоп;Микроскоп;не создано;
97892;17028623;Электроника / Графические планшеты / Графический экран;Графический экран;не создано;
91871;17028623;Электроника / Графические планшеты / Графический планшет;Графический планшет;не создано;
97444;17028935;Электроника / Расходные материалы для печати / Пленка для ламинирования;Пленка для ламинирования;не создано;
970581253;15621050;Электроника / Смартфоны, планшеты, мобильные телефоны / Детский планшет;Детский планшет;не создано;
95139;15621050;Электроника / Смартфоны, планшеты, мобильные телефоны / Смартфон;Смартфон;не создано;
95137;15621050;Электроника / Смартфоны, планшеты, мобильные телефоны / Планшет;Планшет;не создано;
95135;15621050;Электроника / Смартфоны, планшеты, мобильные телефоны / Мобильный телефон;Мобильный телефон;не создано;
970626359;17028918;Электроника / Виниловые проигрыватели и аксессуары / Кейс для хранения пластинок;Кейс для хранения пластинок;не создано;
115947054;17028918;Электроника / Виниловые проигрыватели и аксессуары / Виниловый проигрыватель;Виниловый проигрыватель;не создано;
97378;17028918;Электроника / Виниловые проигрыватели и аксессуары / Конверт для пластинок;Конверт для пластинок;не создано;
971150003;17028918;Электроника / Виниловые проигрыватели и аксессуары / Аксессуары, запчасти для винилового проигрывателя;Аксессуары, запчасти для винилового проигрывателя;не создано;
970958994;17028918;Электроника / Виниловые проигрыватели и аксессуары / Оцифровщик виниловых пластинок;Оцифровщик виниловых пластинок;не создано;
970864534;17028918;Электроника / Виниловые проигрыватели и аксессуары / Подставка для пластинок;Подставка для пластинок;не создано;
970680397;17028918;Электроника / Виниловые проигрыватели и аксессуары / Набор для ухода за пластинками;Набор для ухода за пластинками;не создано;
97021;17028650;Электроника / Чехлы / Чехол для наушников;Чехол для наушников;не создано;
97015;17028650;Электроника / Чехлы / Чехол для игровой приставки;Чехол для игровой приставки;не создано;
971363141;17028650;Электроника / Чехлы / Зарядный кейс для наушников;Зарядный кейс для наушников;фото отклонено;DESCRIPTION_DECLINE:4194
97024;17028650;Электроника / Чехлы / Чехол для акустики, плеера;Чехол для акустики, плеера;не создано;
97020;17028650;Электроника / Чехлы / Чехол для электронной книги;Чехол для электронной книги;не создано;
97162;17028650;Электроника / Чехлы / Защитное стекло, чехол для смарт-часов;Защитное стекло, чехол для смарт-часов;не создано;
97019;17028650;Электроника / Чехлы / Чехол для компьютерных комплектующих, периферии;Чехол для компьютерных комплектующих, периферии;не создано;
122770107;17028650;Электроника / Чехлы / Шнурок для телефона;Шнурок для телефона;не создано;
97011;17028650;Электроника / Чехлы / Чехол для смартфона;Чехол для смартфона;не создано;
115948509;17028650;Электроника / Чехлы / Чехол для планшета;Чехол для планшета;не создано;
97022;17028650;Электроника / Чехлы / Чехол для фото- видеотехники;Чехол для фото- видеотехники;не создано;
91910;17028612;Электроника / Блоки питания ПК / Блок питания компьютера;Блок питания компьютера;не создано;
970945547;17028612;Электроника / Блоки питания ПК / Серверный блок питания;Серверный блок питания;не создано;
970878807;17028612;Электроника / Блоки питания ПК / Тестер блоков питания;Тестер блоков питания;не создано;
96851;17028921;Электроника / Системы охлаждения для компьютеров / Система водяного охлаждения для ПК;Система водяного охлаждения для ПК;другая ошибка;"BR_incorrect_cooler_brand:85;error_attribute_values_empty:9048;error_attribute_values_empty:22232;error_attribute_values_out_of_range:85"
970690854;17028921;Электроника / Системы охлаждения для компьютеров / Водоблок;Водоблок;не создано;
971100090;17028921;Электроника / Системы охлаждения для компьютеров / Вентилятор микрокомпьютера;Вентилятор микрокомпьютера;не создано;
96684;17028921;Электроника / Системы охлаждения для компьютеров / Кулер для процессора;Кулер для процессора;не создано;
970690853;17028921;Электроника / Системы охлаждения для компьютеров / Смазка для компьютерных вентиляторов;Смазка для компьютерных вентиляторов;не создано;
96683;17028921;Электроника / Системы охлаждения для компьютеров / Корпусный вентилятор;Корпусный вентилятор;не создано;
99372;17028921;Электроника / Системы охлаждения для компьютеров / Термопаста;Термопаста;не создано;
970688232;17028921;Электроника / Системы охлаждения для компьютеров / Жидкость для СВО;Жидкость для СВО;не создано;
970690855;17028921;Электроника / Системы охлаждения для компьютеров / Насос водяного охлаждения для ПК;Насос водяного охлаждения для ПК;не создано;
970983153;17028921;Электроника / Системы охлаждения для компьютеров / Термоклей;Термоклей;не создано;
971289990;17028921;Электроника / Системы охлаждения для компьютеров / Система охлаждения для асика, майнера;Система охлаждения для асика, майнера;не создано;
970671240;17028921;Электроника / Системы охлаждения для компьютеров / Шпатель для термопасты;Шпатель для термопасты;не создано;
971004045;17028913;Электроника / Видеокарты и графические ускорители / Видеомикшер;Видеомикшер;другая ошибка;INCORRECT_DIMENSION:0
970952425;17028913;Электроника / Видеокарты и графические ускорители / Устройство для оцифровки видеокассет;Устройство для оцифровки видеокассет;не создано;
91422;17028913;Электроника / Видеокарты и графические ускорители / Видеокарта;Видеокарта;не создано;
95670;17028645;Электроника / Усилители звука и ЦАПы / Цифро-аналоговый преобразователь;Цифро-аналоговый преобразователь;не создано;
95668;17028645;Электроника / Усилители звука и ЦАПы / Усилитель мощности звука;Усилитель мощности звука;не создано;
971448284;53567477;Электроника / Запчасти и инструменты для ремонта смартфонов / Бокс для хранения запчастей;Бокс для хранения запчастей;фото отклонено;DESCRIPTION_DECLINE:4194
970997380;53567477;Электроника / Запчасти и инструменты для ремонта смартфонов / Запчасть для планшета;Запчасть для планшета;не создано;
970966963;53567477;Электроника / Запчасти и инструменты для ремонта смартфонов / Инструмент для ремонта смартфонов;Инструмент для ремонта смартфонов;не создано;
970961794;53567477;Электроника / Запчасти и инструменты для ремонта смартфонов / Средство для ремонта тачскрина;Средство для ремонта тачскрина;не создано;
504866229;53567477;Электроника / Запчасти и инструменты для ремонта смартфонов / Запчасть для смартфона;Запчасть для смартфона;не создано;
971280240;95617422;Электроника / Запчасти и аксессуары для аудио и видеотехники / Запчасть для фото- видеотехники;Запчасть для фото- видеотехники;не создано;
971066312;95617422;Электроника / Запчасти и аксессуары для аудио и видеотехники / Запчасть для телевизора;Запчасть для телевизора;не создано;
970985280;95617422;Электроника / Запчасти и аксессуары для аудио и видеотехники / Аксессуары, запчасти для аудиотехники;Аксессуары, запчасти для аудиотехники;не создано;
970959004;95617422;Электроника / Запчасти и аксессуары для аудио и видеотехники / Крепление для умной колонки;Крепление для умной колонки;не создано;
970878808;95617422;Электроника / Запчасти и аксессуары для аудио и видеотехники / Тестер подсветки телевизора;Тестер подсветки телевизора;не создано;
970690114;95617422;Электроника / Запчасти и аксессуары для аудио и видеотехники / Bluetooth-аудиоадаптер;Bluetooth-аудиоадаптер;не создано;
95910;95617422;Электроника / Запчасти и аксессуары для аудио и видеотехники / Стойка, крепление для акустики;Стойка, крепление для акустики;не создано;
95304;17028908;Электроника / Акустика и колонки / Домашний кинотеатр;Домашний кинотеатр;другая ошибка;INCORRECT_DIMENSION:0
95315;17028908;Электроника / Акустика и колонки / Акустическая система;Акустическая система;не создано;
970682682;17028908;Электроника / Акустика и колонки / Кассетный плеер;Кассетный плеер;не создано;
95305;17028908;Электроника / Акустика и колонки / Саундбар;Саундбар;не создано;
970863449;17028908;Электроника / Акустика и колонки / Караоке-система;Караоке-система;фото отклонено;DESCRIPTION_DECLINE:4194
96491;17028908;Электроника / Акустика и колонки / Радиоприемник;Радиоприемник;не создано;
95719;17028908;Электроника / Акустика и колонки / Панель управления акустикой;Панель управления акустикой;не создано;
971450163;17028908;Электроника / Акустика и колонки / Запчасть для умной колонки;Запчасть для умной колонки;не создано;
96489;17028908;Электроника / Акустика и колонки / Музыкальный центр;Музыкальный центр;не создано;
970957186;17028908;Электроника / Акустика и колонки / Аудиогид;Аудиогид;не создано;
95321;17028908;Электроника / Акустика и колонки / Сабвуфер;Сабвуфер;не создано;
447870437;17028908;Электроника / Акустика и колонки / Умная колонка;Умная колонка;другая ошибка;DESCRIPTION_DECLINE:4180
97343;17028914;Электроника / Видеонаблюдение / Муляж камеры наблюдения;Муляж камеры наблюдения;не создано;
971687736;17028914;Электроника / Видеонаблюдение / Запчасть для камеры видеонаблюдения;Запчасть для камеры видеонаблюдения;не создано;
971284053;17028914;Электроника / Видеонаблюдение / Аксессуар для нагрудного видеорегистратора;Аксессуар для нагрудного видеорегистратора;не создано;
34649577;17028914;Электроника / Видеонаблюдение / Аксессуары для монтажа видеонаблюдения;Аксессуары для монтажа видеонаблюдения;не создано;
970996652;17028914;Электроника / Видеонаблюдение / Нагрудный видеорегистратор;Нагрудный видеорегистратор;не создано;
971284917;17028914;Электроника / Видеонаблюдение / Система распознавания лиц;Система распознавания лиц;не создано;
971039967;17028914;Электроника / Видеонаблюдение / Тестер для систем видеонаблюдения;Тестер для систем видеонаблюдения;не создано;
95696;17028914;Электроника / Видеонаблюдение / Система видеонаблюдения;Система видеонаблюдения;не создано;
95695;17028914;Электроника / Видеонаблюдение / Регистратор для видеонаблюдения;Регистратор для видеонаблюдения;не создано;
97693;17028644;Электроника / Смарт-часы / Смарт-часы детские;Смарт-часы детские;не создано;
97156;17028644;Электроника / Смарт-часы / Украшение для смарт-часов;Украшение для смарт-часов;не создано;
970961835;17028644;Электроника / Смарт-часы / Запчасть для смарт-часов;Запчасть для смарт-часов;не создано;
970865571;17028644;Электроника / Смарт-часы / Аккумулятор для смарт-часов;Аккумулятор для смарт-часов;не создано;
94698;17028644;Электроника / Смарт-часы / Смарт-часы;Смарт-часы;не создано;
971043143;17028930;Электроника / Флешки и карты памяти / ЭЦП;ЭЦП;другая ошибка;DESCRIPTION_DECLINE:4180
970679737;17028930;Электроника / Флешки и карты памяти / Дубликатор USB-накопителей;Дубликатор USB-накопителей;не создано;
91306;17028930;Электроника / Флешки и карты памяти / Картридер;Картридер;не создано;
91303;17028930;Электроника / Флешки и карты памяти / Карта памяти;Карта памяти;не создано;
91302;17028930;Электроника / Флешки и карты памяти / USB-флеш-накопитель;USB-флеш-накопитель;не создано;
91295;17028930;Электроника / Флешки и карты памяти / Диск для записи;Диск для записи;не создано;
91673;17028618;Электроника / Электронные книги, переводчики и словари / Электронный переводчик;Электронный переводчик;не создано;
970986869;57185538;Электроника / Сценическое оборудование и свет / Кейс для сценического оборудования;Кейс для сценического оборудования;не создано;
970693019;57185538;Электроника / Сценическое оборудование и свет / Лазер для спецэффектов;Лазер для спецэффектов;не создано;
99023;57185538;Электроника / Сценическое оборудование и свет / Световая стойка;Световая стойка;не создано;
99025;57185538;Электроника / Сценическое оборудование и свет / Генератор спецэффектов;Генератор спецэффектов;не создано;
971914440;57185538;Электроника / Сценическое оборудование и свет / Запчасти для сценического оборудования;Запчасти для сценического оборудования;не создано;
971871191;57185538;Электроника / Сценическое оборудование и свет / Прибор для обработки звука;Прибор для обработки звука;не создано;
970987978;57185538;Электроника / Сценическое оборудование и свет / Световой сценический прибор;Световой сценический прибор;не создано;
718886862;57185538;Электроника / Сценическое оборудование и свет / Жидкость для генератора спецэффектов;Жидкость для генератора спецэффектов;не создано;
970882223;57185538;Электроника / Сценическое оборудование и свет / Диско-шар;Диско-шар;не создано;
970987980;57185538;Электроника / Сценическое оборудование и свет / Контроллер управления сценическим светом;Контроллер управления сценическим светом;не создано;
96864;200001717;Электроника / Полиграфическое оборудование / Плоттер;Плоттер;не создано;
970690301;200001717;Электроника / Полиграфическое оборудование / Бумагосверлильная машина;Бумагосверлильная машина;не создано;
91558;200001717;Электроника / Полиграфическое оборудование / Ламинатор бумаги;Ламинатор бумаги;не создано;
91544;200001717;Электроника / Полиграфическое оборудование / Брошюровщик, переплетчик;Брошюровщик, переплетчик;не создано;
970988679;200001717;Электроника / Полиграфическое оборудование / Полиграфический аппарат;Полиграфический аппарат;не создано;
970861873;200001717;Электроника / Полиграфическое оборудование / Смотчик этикеток;Смотчик этикеток;не создано;
971941645;200001717;Электроника / Полиграфическое оборудование / Запчасть для полиграфического аппарата;Запчасть для полиграфического аппарата;не создано;
970971656;200001717;Электроника / Полиграфическое оборудование / Термопресс;Термопресс;не создано;
91911;17028617;Электроника / Материнские платы / Материнская плата;Материнская плата;другая ошибка;"BR_incorrect_motherboard_brand:85;error_attribute_values_empty:9048;error_attribute_values_empty:22232;error_attribute_values_out_of_range:85"
445246055;17028617;Электроника / Материнские платы / Карта, плата расширения;Карта, плата расширения;не создано;
96146;17028615;Электроника / Процессоры / Процессор;Процессор;другая ошибка;"BR_incorrect_processor_brand:85;error_attribute_values_empty:9048;error_attribute_values_empty:22232;error_attribute_values_out_of_range:85"
970592311;17028924;Электроника / ТВ-приставки / Сетевой проигрыватель;Сетевой проигрыватель;не создано;
115947064;17028924;Электроника / ТВ-приставки / Медиаплеер;Медиаплеер;не создано;
95267;17028648;Электроника / Видеокамеры / Подводная камера для рыбалки;Подводная камера для рыбалки;не создано;
95266;17028648;Электроника / Видеокамеры / Видеокамера;Видеокамера;не создано;
99384;17028648;Электроника / Видеокамеры / Шторка для веб-камеры;Шторка для веб-камеры;не создано;
99050;17028648;Электроника / Видеокамеры / Очки с камерой;Очки с камерой;не создано;
970879595;17028648;Электроника / Видеокамеры / Медиамодуль для экшн-камеры;Медиамодуль для экшн-камеры;не создано;
95268;17028648;Электроника / Видеокамеры / Экшн-камера;Экшн-камера;не создано;
970956801;17028931;Электроника / Охранные системы и контроль доступа / Подавитель связи;Подавитель связи;другая ошибка;error_card_with_deleted_photos:0
970619975;17028931;Электроника / Охранные системы и контроль доступа / Аксессуары, запчасти для автоматических ворот;Аксессуары, запчасти для автоматических ворот;не создано;
970958653;17028931;Электроника / Охранные системы и контроль доступа / Муляж телефона;Муляж телефона;не создано;
970952402;17028931;Электроника / Охранные системы и контроль доступа / Автоматика для ворот и дверей;Автоматика для ворот и дверей;не создано;
970981484;17028931;Электроника / Охранные системы и контроль доступа / Аксессуары для монтажа домофона;Аксессуары для монтажа домофона;не создано;
970874877;17028931;Электроника / Охранные системы и контроль доступа / Кодовая панель;Кодовая панель;не создано;
95540;17028931;Электроника / Охранные системы и контроль доступа / Видеодомофон;Видеодомофон;не создано;
95829;17028931;Электроника / Охранные системы и контроль доступа / Оповещатель;Оповещатель;не создано;
970616596;17028931;Электроника / Охранные системы и контроль доступа / Детектор следящих устройств;Детектор следящих устройств;не создано;
970866605;17028931;Электроника / Охранные системы и контроль доступа / Тестер для проверки извещателей;Тестер для проверки извещателей;не создано;
95541;17028931;Электроника / Охранные системы и контроль доступа / Вызывная панель;Вызывная панель;не создано;
971069478;17028931;Электроника / Охранные системы и контроль доступа / Трансляционный громкоговоритель;Трансляционный громкоговоритель;не создано;
59468087;17028931;Электроника / Охранные системы и контроль доступа / Считыватель;Считыватель;не создано;
970970139;17028931;Электроника / Охранные системы и контроль доступа / Блок сигнально-пусковой;Блок сигнально-пусковой;не создано;
59468083;17028931;Электроника / Охранные системы и контроль доступа / СКУД;СКУД;другая ошибка;DESCRIPTION_DECLINE:4180
94536;17028931;Электроника / Охранные системы и контроль доступа / Электронный замок;Электронный замок;не создано;
970880441;17028931;Электроника / Охранные системы и контроль доступа / Антикражная система;Антикражная система;не создано;
97411;17028931;Электроника / Охранные системы и контроль доступа / Мегафон;Мегафон;не создано;
95539;17028931;Электроника / Охранные системы и контроль доступа / Видеоглазок;Видеоглазок;не создано;
95537;17028931;Электроника / Охранные системы и контроль доступа / Аудиодомофон;Аудиодомофон;не создано;
91530;17028931;Электроника / Охранные системы и контроль доступа / GSM-сигнализация;GSM-сигнализация;не создано;
115947332;17028931;Электроника / Охранные системы и контроль доступа / Датчик сигнализации;Датчик сигнализации;не создано;
971106337;17028931;Электроника / Охранные системы и контроль доступа / Турникет;Турникет;не создано;
794711964;17028931;Электроника / Охранные системы и контроль доступа / Персональная сигнализация;Персональная сигнализация;не создано;
94988;17028640;Электроника / Телевизоры / Телевизор;Телевизор;другая ошибка;SPU_ALREADY_EXISTS_IN_ANOTHER_ACCOUNT:0
96136;17028633;Электроника / Аксессуары для игровых приставок / Охлаждение для консоли;Охлаждение для консоли;не создано;
91539;17028633;Электроника / Аксессуары для игровых приставок / Аксессуар для игровой приставки;Аксессуар для игровой приставки;не создано;
99055;17028633;Электроника / Аксессуары для игровых приставок / Игровой картридж;Игровой картридж;не создано;
97249;17028633;Электроника / Аксессуары для игровых приставок / Накладка на контроллер;Накладка на контроллер;не создано;
972065584;17028633;Электроника / Аксессуары для игровых приставок / Игровой рукав;Игровой рукав;не создано;
95404;17028639;Электроника / SIM-карты / Тариф с модемом, роутером;Тариф с модемом, роутером;не создано;
91532;17028639;Электроника / SIM-карты / SIM-карта;SIM-карта;не создано;
91436;17028626;Электроника / Жесткие диски, SSD и сетевые накопители / Контроллер дисков;Контроллер дисков;не создано;
91431;17028626;Электроника / Жесткие диски, SSD и сетевые накопители / Внутренний SSD-диск;Внутренний SSD-диск;не создано;
96861;17028626;Электроника / Жесткие диски, SSD и сетевые накопители / Внешний жесткий диск;Внешний жесткий диск;не создано;
445246043;17028626;Электроника / Жесткие диски, SSD и сетевые накопители / Корзина для HDD-накопителя;Корзина для HDD-накопителя;не создано;
91438;17028626;Электроника / Жесткие диски, SSD и сетевые накопители / Сетевое хранилище;Сетевое хранилище;не создано;
91434;17028626;Электроника / Жесткие диски, SSD и сетевые накопители / Внутренний жесткий диск;Внутренний жесткий диск;не создано;
445246045;17028626;Электроника / Жесткие диски, SSD и сетевые накопители / Ленточный накопитель;Ленточный накопитель;не создано;
970673966;17028626;Электроника / Жесткие диски, SSD и сетевые накопители / Корпус для накопителя данных;Корпус для накопителя данных;не создано;
91432;17028626;Электроника / Жесткие диски, SSD и сетевые накопители / Адаптер для SSD, HDD;Адаптер для SSD, HDD;не создано;
97241;17028626;Электроника / Жесткие диски, SSD и сетевые накопители / SSHD-диск;SSHD-диск;не создано;
970878805;17028634;Электроника / Кабели и переходники / Кабельный тестер;Кабельный тестер;не создано;
95675;17028634;Электроника / Кабели и переходники / Разветвитель кабеля;Разветвитель кабеля;не создано;
95673;17028634;Электроника / Кабели и переходники / Коннектор;Коннектор;не создано;
97946;17028634;Электроника / Кабели и переходники / Органайзер для хранения проводов;Органайзер для хранения проводов;не создано;
98456;17028634;Электроника / Кабели и переходники / Органайзер для сетевого фильтра;Органайзер для сетевого фильтра;не создано;
970627153;17028634;Электроника / Кабели и переходники / Защита для кабеля от износа;Защита для кабеля от износа;не создано;
91548;17028634;Электроника / Кабели и переходники / Держатель для кабеля;Держатель для кабеля;не создано;
970856632;17028919;Электроника / Гаджеты и аксессуары / Увеличитель экрана смартфона;Увеличитель экрана смартфона;не создано;
970868727;17028919;Электроника / Гаджеты и аксессуары / Умная визитка;Умная визитка;не создано;
970579909;17028919;Электроника / Гаджеты и аксессуары / Браслет для бесконтактной оплаты;Браслет для бесконтактной оплаты;не создано;
91496;17028919;Электроника / Гаджеты и аксессуары / Цифровая фоторамка;Цифровая фоторамка;не создано;
95136;17028919;Электроника / Гаджеты и аксессуары / Кулер для смартфона;Кулер для смартфона;не создано;
970877188;17028919;Электроника / Гаджеты и аксессуары / Умная ручка;Умная ручка;не создано;
91562;17028919;Электроника / Гаджеты и аксессуары / Аксессуар для стилуса;Аксессуар для стилуса;не создано;
970788293;17028919;Электроника / Гаджеты и аксессуары / Умное кольцо;Умное кольцо;не создано;
290836201;17028919;Электроника / Гаджеты и аксессуары / Видеоэндоскоп для мобильных устройств;Видеоэндоскоп для мобильных устройств;не создано;
99042;200001712;Электроника / Майнеры и криптокошельки / Холодный кошелек;Холодный кошелек;фото отклонено;DESCRIPTION_DECLINE:4194
98349;200001712;Электроника / Майнеры и криптокошельки / Майнер;Майнер;не создано;
971149236;200001712;Электроника / Майнеры и криптокошельки / Устройство для хранения фраз восстановления;Устройство для хранения фраз восстановления;не создано;
970970185;17028627;Электроника / Зарядные устройства и док-станции / Блок питания;Блок питания;не создано;
369952587;17028627;Электроника / Зарядные устройства и док-станции / Приемник-адаптер беспроводной зарядки;Приемник-адаптер беспроводной зарядки;не создано;
971751172;17028627;Электроника / Зарядные устройства и док-станции / Солнечное зарядное устройство;Солнечное зарядное устройство;не создано;
91777;17028651;Электроника / Штативы и стабилизаторы / Площадка для штатива;Площадка для штатива;не создано;
99500;17028651;Электроника / Штативы и стабилизаторы / Стабилизатор для смартфона;Стабилизатор для смартфона;не создано;
91776;17028651;Электроника / Штативы и стабилизаторы / Селфи-палка;Селфи-палка;не создано;
91775;17028651;Электроника / Штативы и стабилизаторы / Мобильная платформа для штатива;Мобильная платформа для штатива;не создано;
863341198;17028651;Электроника / Штативы и стабилизаторы / Аксессуар для стабилизатора;Аксессуар для стабилизатора;не создано;
971052165;17028651;Электроника / Штативы и стабилизаторы / Слайдер для фото-видеотехники;Слайдер для фото-видеотехники;не создано;
97357;17028651;Электроника / Штативы и стабилизаторы / Стабилизатор для камеры;Стабилизатор для камеры;не создано;
91782;17028651;Электроника / Штативы и стабилизаторы / Штативная головка;Штативная головка;не создано;
91537;17028651;Электроника / Штативы и стабилизаторы / Крепление для экшн-камеры;Крепление для экшн-камеры;не создано;
91752;17028651;Электроника / Штативы и стабилизаторы / Уровень для камеры;Уровень для камеры;не создано;
91497;17028614;Электроника / Оперативная память / Модуль оперативной памяти;Модуль оперативной памяти;другая ошибка;"BR_incorrect_RAM_brand:85;error_attribute_values_empty:9048;error_attribute_values_empty:22232;error_attribute_values_out_of_range:85"
970897617;17028632;Электроника / Игровые приставки / Танцевальный коврик;Танцевальный коврик;не создано;
99088;17028632;Электроника / Игровые приставки / Игровая приставка;Игровая приставка;не создано;
971739017;17028632;Электроника / Игровые приставки / Карта оплаты для магазина приложений;Карта оплаты для магазина приложений;другая ошибка;FB_DIGITAL2:9300
97144;17028632;Электроника / Игровые приставки / Карта оплаты для игровой приставки;Карта оплаты для игровой приставки;другая ошибка;FB_DIGITAL2:9300
98554;200001713;Электроника / Оборудование для фотостудии / Фотозонт;Фотозонт;не создано;
99020;200001713;Электроника / Оборудование для фотостудии / Держатель для фотооборудования;Держатель для фотооборудования;не создано;
971229598;200001713;Электроника / Оборудование для фотостудии / Принадлежности для фотолаборатории;Принадлежности для фотолаборатории;не создано;
98549;200001713;Электроника / Оборудование для фотостудии / Фотобокс;Фотобокс;не создано;
971100222;200001713;Электроника / Оборудование для фотостудии / Держатель фотофона;Держатель фотофона;не создано;
408451301;200001713;Электроника / Оборудование для фотостудии / Хромакей;Хромакей;не создано;
971871099;200001713;Электроника / Оборудование для фотостудии / Маска гобо;Маска гобо;не создано;
91750;200001713;Электроника / Оборудование для фотостудии / Студийное оборудование;Студийное оборудование;не создано;
98991;200001713;Электроника / Оборудование для фотостудии / Фон для фото;Фон для фото;не создано;
91741;200001713;Электроника / Оборудование для фотостудии / Крепление для камеры;Крепление для камеры;не создано;
99011;200001713;Электроника / Оборудование для фотостудии / Софтбокс;Софтбокс;не создано;
970987376;200001713;Электроника / Оборудование для фотостудии / Телесуфлер;Телесуфлер;не создано;
504866269;17028933;Электроника / Проекторы / Гобо-проектор;Гобо-проектор;не создано;
970994386;17028933;Электроника / Проекторы / Натяжитель проекционного экрана;Натяжитель проекционного экрана;не создано;
970971430;17028933;Электроника / Проекторы / Пиксельный экран;Пиксельный экран;не создано;
970863485;17028933;Электроника / Проекторы / Запчасть для проектора;Запчасть для проектора;не создано;
970664076;17028933;Электроника / Проекторы / Голографический вентилятор;Голографический вентилятор;не создано;
91525;17028933;Электроника / Проекторы / Проектор;Проектор;не создано;
970941509;17028628;Электроника / Защитные пленки и стекла / Аксессуар для наклейки защитных стекол;Аксессуар для наклейки защитных стекол;не создано;
91808;88780434;Электроника / Офисная техника / Презентер;Презентер;не создано;
405801078;88780434;Электроника / Офисная техника / Детектор банкнот;Детектор банкнот;не создано;
970939159;88780434;Электроника / Офисная техника / Переговорное устройство для конференций;Переговорное устройство для конференций;не создано;
970831237;88780434;Электроника / Офисная техника / Система конференц-связи;Система конференц-связи;не создано;
970699947;88780434;Электроника / Офисная техника / Детектор драгоценных металлов;Детектор драгоценных металлов;не создано;
970689914;88780434;Электроника / Офисная техника / Счетчик-сортировщик банкнот;Счетчик-сортировщик банкнот;не создано;
970601774;88780434;Электроника / Офисная техника / Счетчик-сортировщик монет;Счетчик-сортировщик монет;не создано;
96595;88780434;Электроника / Офисная техника / Шредер;Шредер;не создано;
91788;17028643;Электроника / Сетевые фильтры, разветвители и удлинители / Разветвитель электрический;Разветвитель электрический;не создано;
971168639;17028643;Электроника / Сетевые фильтры, разветвители и удлинители / Сетевой адаптер;Сетевой адаптер;не создано;
238989876;48233792;Электроника / Квадрокоптеры, дроны, роботы / Программируемый робот;Программируемый робот;не создано;
970962459;48233792;Электроника / Квадрокоптеры, дроны, роботы / Пульт для дрона, квадрокоптера;Пульт для дрона, квадрокоптера;не создано;
970952840;48233792;Электроника / Квадрокоптеры, дроны, роботы / Аксессуары для дронов, квадрокоптеров;Аксессуары для дронов, квадрокоптеров;не создано;
98497;48233792;Электроника / Квадрокоптеры, дроны, роботы / Аккумулятор для дрона, квадрокоптера;Аккумулятор для дрона, квадрокоптера;не создано;
98494;48233792;Электроника / Квадрокоптеры, дроны, роботы / Оптический фильтр для квадрокоптера;Оптический фильтр для квадрокоптера;не создано;
238989877;48233792;Электроника / Квадрокоптеры, дроны, роботы / Модуль для робототехники;Модуль для робототехники;не создано;
972943129;48233792;Электроника / Квадрокоптеры, дроны, роботы / Система сброса грузов;Система сброса грузов;не создано;
971168551;17028925;Электроника / Микрофоны и аксессуары / Студийный комплект для звукозаписи;Студийный комплект для звукозаписи;не создано;
971083532;17028925;Электроника / Микрофоны и аксессуары / Вокальная радиосистема;Вокальная радиосистема;не создано;
97589;17028925;Электроника / Микрофоны и аксессуары / Аксессуар для микрофона;Аксессуар для микрофона;не создано;
97569;17028925;Электроника / Микрофоны и аксессуары / Микрофонная стойка;Микрофонная стойка;не создано;
504866264;17028929;Электроника / Наушники и гарнитуры / Наушники;Наушники;другая ошибка;DESCRIPTION_DECLINE:4180
95271;17028649;Электроника / Фотоаппараты / Цифровой фотоаппарат;Цифровой фотоаппарат;не создано;
95269;17028649;Электроника / Фотоаппараты / Зеркальный фотоаппарат;Зеркальный фотоаппарат;не создано;
367072963;17028649;Электроника / Фотоаппараты / Детский фотоаппарат;Детский фотоаппарат;не создано;
970941344;17028649;Электроника / Фотоаппараты / Пленочный фотоаппарат;Пленочный фотоаппарат;не создано;
95273;17028649;Электроника / Фотоаппараты / Беззеркальный фотоаппарат;Беззеркальный фотоаппарат;не создано;
970964750;17028620;Электроника / Проигрыватели и плееры / Пульт для диктофона, рекордера;Пульт для диктофона, рекордера;фото отклонено;DESCRIPTION_DECLINE:4194
95572;17028620;Электроника / Проигрыватели и плееры / DVD-плеер;DVD-плеер;не создано;
95571;17028620;Электроника / Проигрыватели и плееры / Blu-ray-плеер;Blu-ray-плеер;не создано;
95555;17028620;Электроника / Проигрыватели и плееры / CD-проигрыватель;CD-проигрыватель;не создано;
91386;17028620;Электроника / Проигрыватели и плееры / Диктофон;Диктофон;не создано;
91385;17028620;Электроника / Проигрыватели и плееры / MP3-плеер;MP3-плеер;не создано;
97931;17028620;Электроника / Проигрыватели и плееры / Аксессуар для диктофона;Аксессуар для диктофона;не создано;
91881;60358593;Электроника / Запчасти для ноутбуков / Аккумулятор для ноутбука;Аккумулятор для ноутбука;не создано;
970938796;60358593;Электроника / Запчасти для ноутбуков / Запчасть для ноутбука;Запчасть для ноутбука;не создано;
91611;17028647;Электроника / Аксессуары для фото- и видеотехники / Картридж для фото;Картридж для фото;фото отклонено;DESCRIPTION_DECLINE:4194
970960410;17028647;Электроника / Аксессуары для фото- и видеотехники / Видоискатель;Видоискатель;не создано;
91738;17028647;Электроника / Аксессуары для фото- и видеотехники / Защита ЖК-экрана камеры;Защита ЖК-экрана камеры;не создано;
970892543;17028647;Электроника / Аксессуары для фото- и видеотехники / Видеокассета;Видеокассета;не создано;
97420;17028647;Электроника / Аксессуары для фото- и видеотехники / Свет для мобильной съемки;Свет для мобильной съемки;не создано;
971307628;17028647;Электроника / Аксессуары для фото- и видеотехники / Видеосендер;Видеосендер;не создано;
91735;17028647;Электроника / Аксессуары для фото- и видеотехники / Бленда для фото;Бленда для фото;не создано;
91749;17028647;Электроника / Аксессуары для фото- и видеотехники / Синхронизатор для вспышки;Синхронизатор для вспышки;не создано;
971066314;17028647;Электроника / Аксессуары для фото- и видеотехники / Фотопленка;Фотопленка;не создано;
91736;17028647;Электроника / Аксессуары для фото- и видеотехники / Вспышка;Вспышка;не создано;
91740;17028647;Электроника / Аксессуары для фото- и видеотехники / Аксессуар для камеры;Аксессуар для камеры;фото отклонено;DESCRIPTION_DECLINE:4194
91742;17028647;Электроника / Аксессуары для фото- и видеотехники / Крышка объектива;Крышка объектива;не создано;
91793;17028647;Электроника / Аксессуары для фото- и видеотехники / Bluetooth-кнопка для фото;Bluetooth-кнопка для фото;не создано;
91734;17028647;Электроника / Аксессуары для фото- и видеотехники / Аквабокс;Аквабокс;не создано;
970892542;17028647;Электроника / Аксессуары для фото- и видеотехники / Аудиокассета;Аудиокассета;не создано;
91746;17028647;Электроника / Аксессуары для фото- и видеотехники / Ремень для камеры;Ремень для камеры;не создано;
971159374;17028647;Электроника / Аксессуары для фото- и видеотехники / Кейс для фотопленки;Кейс для фотопленки;не создано;
971159818;17028647;Электроника / Аксессуары для фото- и видеотехники / Магнитофонная лента;Магнитофонная лента;не создано;
971104255;17028915;Электроника / VR-устройства и аксессуары / VR-аксессуар;VR-аксессуар;не создано;
91899;17028915;Электроника / VR-устройства и аксессуары / 3D-очки;3D-очки;не создано;
970803519;17028926;Электроника / Мониторы и запчасти / Экран на камеру;Экран на камеру;другая ошибка;SPU_ALREADY_EXISTS_IN_ANOTHER_ACCOUNT:0
95991;17028936;Электроника / Чистящие средства и расходные материалы для электроники / Чистящее средство для принтеров;Чистящее средство для принтеров;не создано;
99401;17028936;Электроника / Чистящие средства и расходные материалы для электроники / Чистящий карандаш;Чистящий карандаш;не создано;
99399;17028936;Электроника / Чистящие средства и расходные материалы для электроники / Салфетки для электроники;Салфетки для электроники;не создано;
99402;17028936;Электроника / Чистящие средства и расходные материалы для электроники / Чистящий набор для электроники;Чистящий набор для электроники;не создано;
971002589;17028936;Электроника / Чистящие средства и расходные материалы для электроники / Пылезащитная заглушка;Пылезащитная заглушка;не создано;
970897014;17028936;Электроника / Чистящие средства и расходные материалы для электроники / Перчатки для графического планшета;Перчатки для графического планшета;не создано;
99400;17028936;Электроника / Чистящие средства и расходные материалы для электроники / Баллон со сжатым воздухом;Баллон со сжатым воздухом;не создано;
970843176;17028936;Электроника / Чистящие средства и расходные материалы для электроники / Перчатки чистящие антистатические;Перчатки чистящие антистатические;не создано;
971133788;17028936;Электроника / Чистящие средства и расходные материалы для электроники / Щетка для чистки электроники;Щетка для чистки электроники;не создано;
92710;17028936;Электроника / Чистящие средства и расходные материалы для электроники / Спрей для электроники;Спрей для электроники;фото отклонено;"DESCRIPTION_DECLINE:4194;warning_all_image_failed:4194"
91571;17028936;Электроника / Чистящие средства и расходные материалы для электроники / Инструмент для чистки электроники;Инструмент для чистки электроники;не создано;
970829664;17028631;Электроника / ИБП / Инвертор ИБП;Инвертор ИБП;не создано;
95779;17028631;Электроника / ИБП / Преобразователь напряжения;Преобразователь напряжения;не создано;
91894;17028631;Электроника / ИБП / ИБП;ИБП;другая ошибка;DESCRIPTION_DECLINE:4180
91893;17028631;Электроника / ИБП / Аксессуар для ИБП;Аксессуар для ИБП;не создано;
970989429;44082285;Электроника / Электронное оборудование для торговли / POS-компьютер;POS-компьютер;не создано;
98454;44082285;Электроника / Электронное оборудование для торговли / Сканер штрих-кодов;Сканер штрих-кодов;не создано;
970848956;44082285;Электроника / Электронное оборудование для торговли / Денежный ящик для кассы;Денежный ящик для кассы;не создано;
970879600;44082285;Электроника / Электронное оборудование для торговли / Терминал сбора данных;Терминал сбора данных;не создано;
970879601;44082285;Электроника / Электронное оборудование для торговли / Подставка для терминала сбора данных;Подставка для терминала сбора данных;не создано;
661551652;44082285;Электроника / Электронное оборудование для торговли / Счетчик посетителей;Счетчик посетителей;не создано;
98412;44082285;Электроника / Электронное оборудование для торговли / Фискальный накопитель;Фискальный накопитель;не создано;
970802217;44082285;Электроника / Электронное оборудование для торговли / Информационный киоск;Информационный киоск;не создано;
971058305;44082285;Электроника / Электронное оборудование для торговли / Запчасть для кассового оборудования;Запчасть для кассового оборудования;не создано;
970743825;44082285;Электроника / Электронное оборудование для торговли / POS-терминал;POS-терминал;не создано;
972086317;44082285;Электроника / Электронное оборудование для торговли / POS-монитор;POS-монитор;не создано;
970867376;44082285;Электроника / Электронное оборудование для торговли / Дисплей покупателя;Дисплей покупателя;не создано;
98236;44082285;Электроника / Электронное оборудование для торговли / Электронная касса;Электронная касса;другая ошибка;INCORRECT_DIMENSION:0
970863796;44082285;Электроника / Электронное оборудование для торговли / Код ОФД;Код ОФД;другая ошибка;INCORRECT_DIMENSION:0
99443;44082285;Электроника / Электронное оборудование для торговли / Фискальный регистратор;Фискальный регистратор;не создано;
970803731;44082285;Электроника / Электронное оборудование для торговли / Защитное стекло для онлайн-касс;Защитное стекло для онлайн-касс;не создано;
98308;44082285;Электроника / Электронное оборудование для торговли / Онлайн-касса;Онлайн-касса;не создано;
971158945;17028613;Электроника / Корпуса для компьютеров / Пылевой фильтр для системного блока;Пылевой фильтр для системного блока;фото отклонено;DESCRIPTION_DECLINE:4194
970736479;17028613;Электроника / Корпуса для компьютеров / Винты для компьютера;Винты для компьютера;не создано;
96090;17028613;Электроника / Корпуса для компьютеров / Компьютерный корпус;Компьютерный корпус;не создано;
445246051;17028613;Электроника / Корпуса для компьютеров / Аксессуары для монтажа сервера;Аксессуары для монтажа сервера;не создано;
971534404;17028613;Электроника / Корпуса для компьютеров / Бокс для видеокарты;Бокс для видеокарты;не создано;
971480030;17028613;Электроника / Корпуса для компьютеров / Элемент компьютерного корпуса;Элемент компьютерного корпуса;не создано;
971302237;17028613;Электроника / Корпуса для компьютеров / Держатель для видеокарты;Держатель для видеокарты;не создано;
971294479;17028646;Электроника / Устройства ручного ввода / Смазка для клавиатуры;Смазка для клавиатуры;фото отклонено;DESCRIPTION_DECLINE:4194
98229;17028646;Электроника / Устройства ручного ввода / Чехол для пульта;Чехол для пульта;не создано;
95557;17028646;Электроника / Устройства ручного ввода / Оптический привод;Оптический привод;не создано;
91809;17028646;Электроника / Устройства ручного ввода / Пульт для телевизора;Пульт для телевизора;не создано;
970955161;17028646;Электроника / Устройства ручного ввода / Подставка под клавиатуру;Подставка под клавиатуру;не создано;
91804;17028646;Электроника / Устройства ручного ввода / Комплект клавиатура, мышь;Комплект клавиатура, мышь;не создано;
95598;17028646;Электроника / Устройства ручного ввода / Bluetooth-адаптер;Bluetooth-адаптер;не создано;
970870448;17028646;Электроника / Устройства ручного ввода / Накладка для клавиатуры;Накладка для клавиатуры;не создано;
970782665;17028646;Электроника / Устройства ручного ввода / Подставка под запястье;Подставка под запястье;не создано;
409069095;17028646;Электроника / Устройства ручного ввода / Стриминговый контроллер;Стриминговый контроллер;не создано;
91794;17028646;Электроника / Устройства ручного ввода / Геймпад;Геймпад;не создано;
91800;17028646;Электроника / Устройства ручного ввода / ИК-приемник;ИК-приемник;не создано;
970855397;17028646;Электроника / Устройства ручного ввода / Держатель для пульта;Держатель для пульта;не создано;
115335619;17028646;Электроника / Устройства ручного ввода / USB-приемник;USB-приемник;не создано;
91803;17028646;Электроника / Устройства ручного ввода / Комплект игровая клавиатура, мышь;Комплект игровая клавиатура, мышь;не создано;
970862375;200001721;Электроника / 3D-печать и сканирование / Полимеризационная камера;Полимеризационная камера;не создано;
91512;200001721;Электроника / 3D-печать и сканирование / 3D-принтер;3D-принтер;не создано;
970832318;200001721;Электроника / 3D-печать и сканирование / Полимерная пленка для 3D-печати;Полимерная пленка для 3D-печати;не создано;
91513;200001721;Электроника / 3D-печать и сканирование / 3D-сканер;3D-сканер;не создано;
970871919;200001721;Электроника / 3D-печать и сканирование / Аксессуары для 3D-печати, сканирования;Аксессуары для 3D-печати, сканирования;не создано;
970619401;200001721;Электроника / 3D-печать и сканирование / Сушилка для пластика;Сушилка для пластика;не создано;
971047900;200001721;Электроника / 3D-печать и сканирование / Запчасть для 3D-принтера;Запчасть для 3D-принтера;не создано;
971322241;17027951;Автомототехника / Мототехника / Гидроцикл;Гидроцикл;не создано;
971049470;17027951;Автомототехника / Мототехника / Мотобуксировщик;Мотобуксировщик;не создано;
971309510;17027951;Автомототехника / Мототехника / Мопед;Мопед;не создано;
96591;17027951;Автомототехника / Мототехника / Квадроцикл;Квадроцикл;не создано;
972068815;17027951;Автомототехника / Мототехника / Модуль для мотобуксировщика;Модуль для мотобуксировщика;не создано;
971322654;17027951;Автомототехника / Мототехника / Багги;Багги;не создано;
971038323;17027951;Автомототехника / Мототехника / Мотосноуборд;Мотосноуборд;не создано;
96594;17027951;Автомототехника / Мототехника / Снегоход;Снегоход;не создано;
96593;17027951;Автомототехника / Мототехника / Скутер;Скутер;не создано;
115948095;17027951;Автомототехника / Мототехника / Мотоцикл;Мотоцикл;не создано;
970636239;74179490;Автомототехника / Автомобили / Автомобиль;Автомобиль;не создано;
972210887;74179490;Автомототехника / Автомобили / Электромобиль с пробегом;Электромобиль с пробегом;не создано;
972210886;74179490;Автомототехника / Автомобили / Автомобиль с пробегом;Автомобиль с пробегом;не создано;
972085867;74179490;Автомототехника / Автомобили / Электромобиль;Электромобиль;не создано;
971289722;43443516;Автомототехника / Взрослый электротранспорт / Гольф-кар;Гольф-кар;не создано;
970965363;43443516;Автомототехника / Взрослый электротранспорт / Электромотоцикл;Электромотоцикл;не создано;
970957816;43443516;Автомототехника / Взрослый электротранспорт / Электроквадроцикл;Электроквадроцикл;не создано;
971297664;43443516;Автомототехника / Взрослый электротранспорт / Карт;Карт;не создано;
971297466;43443516;Автомототехника / Взрослый электротранспорт / Электротрицикл;Электротрицикл;не создано;
971219300;200000758;Автомототехника / Автодома и кемперы / Прицеп-автодом;Прицеп-автодом;не создано;
972270171;200000672;Автомототехника / Спецтехника и грузовики / Грузовая техника;Грузовая техника;не создано;
971322229;200000672;Автомототехника / Спецтехника и грузовики / Спецтехника;Спецтехника;не создано;
93297;200001634;Канцелярские товары / Канцелярские мелочи / Лезвия канцелярские;Лезвия канцелярские;фото отклонено;DESCRIPTION_DECLINE:4194
97950;17029023;Канцелярские товары / Папки и файлы / Лента для бейджа;Лента для бейджа;фото отклонено;DESCRIPTION_DECLINE:4194
94478;17029023;Канцелярские товары / Папки и файлы / Сменные блоки для визитниц;Сменные блоки для визитниц;не создано;
970997659;80298595;Канцелярские товары / Электронная карта/браслет / Идентификационный браслет, карта;Идентификационный браслет, карта;не создано;
94034;61372948;Канцелярские товары / Детские рюкзаки, ранцы, сумки / Сумка для сменной обуви;Сумка для сменной обуви;фото отклонено;DESCRIPTION_DECLINE:4194
971065060;17029022;Канцелярские товары / Краска, клей / Краска флористическая;Краска флористическая;не создано;
94090;17029022;Канцелярские товары / Краска, клей / Краска темперная;Краска темперная;не создано;
94088;17029022;Канцелярские товары / Краска, клей / Лак для творчества;Лак для творчества;не создано;
94085;17029022;Канцелярские товары / Краска, клей / Краска масляная;Краска масляная;не создано;
94089;17029022;Канцелярские товары / Краска, клей / Пастель;Пастель;не создано;
98406;17029022;Канцелярские товары / Краска, клей / Краска для граффити;Краска для граффити;не создано;
97677;17029022;Канцелярские товары / Краска, клей / Тушь для рисования;Тушь для рисования;не создано;
97251;17029022;Канцелярские товары / Краска, клей / Грунт художественный;Грунт художественный;не создано;
97885;17029022;Канцелярские товары / Краска, клей / Пигмент;Пигмент;не создано;
98430;17029022;Канцелярские товары / Краска, клей / Глиттер;Глиттер;не создано;
971201540;17029022;Канцелярские товары / Краска, клей / Средство для очищения кистей;Средство для очищения кистей;не создано;
94073;17029022;Канцелярские товары / Краска, клей / Клей канцелярский;Клей канцелярский;не создано;
971370655;17029022;Канцелярские товары / Краска, клей / Краска для шелкографии;Краска для шелкографии;не создано;
94084;17029022;Канцелярские товары / Краска, клей / Краска текстильная;Краска текстильная;не создано;
98331;17029022;Канцелярские товары / Краска, клей / Клеевые подушечки;Клеевые подушечки;не создано;
94079;17029022;Канцелярские товары / Краска, клей / Краска акриловая;Краска акриловая;не создано;
971102801;17029022;Канцелярские товары / Краска, клей / Жидкое стекло для декора;Жидкое стекло для декора;не создано;
971323443;17029022;Канцелярские товары / Краска, клей / Цветовой круг;Цветовой круг;не создано;
94070;17029022;Канцелярские товары / Краска, клей / Краски акварельные;Краски акварельные;не создано;
97689;17029022;Канцелярские товары / Краска, клей / Контур;Контур;не создано;
971363090;17029022;Канцелярские товары / Краска, клей / Краска типографская;Краска типографская;не создано;
971444195;17029022;Канцелярские товары / Краска, клей / Шарики для размешивания краски;Шарики для размешивания краски;не создано;
99417;17029022;Канцелярские товары / Краска, клей / Загуститель для красок;Загуститель для красок;не создано;
94082;17029022;Канцелярские товары / Краска, клей / Краска для керамики;Краска для керамики;не создано;
97691;17029022;Канцелярские товары / Краска, клей / Замедлитель;Замедлитель;не создано;
94080;17029022;Канцелярские товары / Краска, клей / Краска витражная;Краска витражная;не создано;
970849004;17029022;Канцелярские товары / Краска, клей / Фиксатор пигмента;Фиксатор пигмента;не создано;
94086;17029022;Канцелярские товары / Краска, клей / Краска пальчиковая;Краска пальчиковая;не создано;
970862444;17029022;Канцелярские товары / Краска, клей / Маскирующая жидкость для рисования;Маскирующая жидкость для рисования;не создано;
971044877;17029022;Канцелярские товары / Краска, клей / Кэп, распылитель для баллонов;Кэп, распылитель для баллонов;не создано;
971425863;17029022;Канцелярские товары / Краска, клей / Средство матирующее;Средство матирующее;не создано;
970615776;71328593;Канцелярские товары / Оборудование для торговли / Стойка информационная;Стойка информационная;не создано;
970616289;71328593;Канцелярские товары / Оборудование для торговли / Корзина покупательская;Корзина покупательская;не создано;
970616815;71328593;Канцелярские товары / Оборудование для торговли / Клик-рама;Клик-рама;не создано;
971065057;71328593;Канцелярские товары / Оборудование для торговли / Торговый автомат механический;Торговый автомат механический;не создано;
971096364;71328593;Канцелярские товары / Оборудование для торговли / Стойка для механического торгового автомата;Стойка для механического торгового автомата;не создано;
971001293;71328593;Канцелярские товары / Оборудование для торговли / Антикражный замок для витрины;Антикражный замок для витрины;не создано;
971043038;71328593;Канцелярские товары / Оборудование для торговли / Пресс-волл;Пресс-волл;не создано;
971440461;71328593;Канцелярские товары / Оборудование для торговли / Подставка под товар;Подставка под товар;не создано;
970986820;71328593;Канцелярские товары / Оборудование для торговли / Гардеробный номерок;Гардеробный номерок;не создано;
971437077;71328593;Канцелярские товары / Оборудование для торговли / Размерники на вешалки;Размерники на вешалки;не создано;
971296315;71328593;Канцелярские товары / Оборудование для торговли / Корзина, накопитель для распродаж;Корзина, накопитель для распродаж;не создано;
970616770;71328593;Канцелярские товары / Оборудование для торговли / Дисплей торговый;Дисплей торговый;не создано;
970615775;71328593;Канцелярские товары / Оборудование для торговли / Тейбл-тент;Тейбл-тент;не создано;
970676645;71328593;Канцелярские товары / Оборудование для торговли / Информационный материал;Информационный материал;не создано;
970615927;71328593;Канцелярские товары / Оборудование для торговли / Ценник;Ценник;не создано;
970615402;71328593;Канцелярские товары / Оборудование для торговли / Ценникодержатель;Ценникодержатель;не создано;
971287223;71328593;Канцелярские товары / Оборудование для торговли / Кассета для купюроприемника;Кассета для купюроприемника;не создано;
970842796;71328593;Канцелярские товары / Оборудование для торговли / Бокс для пожертвований, голосований;Бокс для пожертвований, голосований;не создано;
971367179;71328593;Канцелярские товары / Оборудование для торговли / Ключ для покупательской тележки;Ключ для покупательской тележки;не создано;
972101856;71328593;Канцелярские товары / Оборудование для торговли / Аксессуары для торгового оборудования;Аксессуары для торгового оборудования;не создано;
970615403;71328593;Канцелярские товары / Оборудование для торговли / Карман информационный;Карман информационный;не создано;
970855215;71328593;Канцелярские товары / Оборудование для торговли / Тележка покупательская;Тележка покупательская;не создано;
94485;71328593;Канцелярские товары / Оборудование для торговли / Демонстрационная система;Демонстрационная система;не создано;
970616683;71328593;Канцелярские товары / Оборудование для торговли / Полочный разделитель;Полочный разделитель;не создано;
970616821;71328593;Канцелярские товары / Оборудование для торговли / Аксессуар для информационной рамки;Аксессуар для информационной рамки;не создано;
971432456;71328593;Канцелярские товары / Оборудование для торговли / Поручень рекламный;Поручень рекламный;не создано;
971323480;71328593;Канцелярские товары / Оборудование для торговли / Биркодержатель для игольчатого пистолета;Биркодержатель для игольчатого пистолета;не создано;
971407898;71328593;Канцелярские товары / Оборудование для торговли / Выделитель ценника;Выделитель ценника;не создано;
790183771;71328593;Канцелярские товары / Оборудование для торговли / Информационный стенд;Информационный стенд;не создано;
971448894;71328593;Канцелярские товары / Оборудование для торговли / Коробка для товара;Коробка для товара;не создано;
970616288;71328593;Канцелярские товары / Оборудование для торговли / Монетница;Монетница;не создано;
971405336;71328593;Канцелярские товары / Оборудование для торговли / Съемник для одежды;Съемник для одежды;не создано;
971132995;71328593;Канцелярские товары / Оборудование для торговли / Разменный аппарат;Разменный аппарат;не создано;
970615353;71328593;Канцелярские товары / Оборудование для торговли / Рамка информационная;Рамка информационная;не создано;
971084704;71328593;Канцелярские товары / Оборудование для торговли / Игла для чеков, билетов;Игла для чеков, билетов;не создано;
91410;17029017;Канцелярские товары / Бумага / Картон;Картон;не создано;
257342290;17029017;Канцелярские товары / Бумага / Пленка самоклеящаяся;Пленка самоклеящаяся;не создано;
970778039;17029017;Канцелярские товары / Бумага / Фольга цветная;Фольга цветная;не создано;
99091;17029017;Канцелярские товары / Бумага / Бумага магнитная;Бумага магнитная;не создано;
91404;17029017;Канцелярские товары / Бумага / Бумага чертежная;Бумага чертежная;не создано;
970736881;17029017;Канцелярские товары / Бумага / Бумага для творчества;Бумага для творчества;не создано;
91405;17029017;Канцелярские товары / Бумага / Бумага широкоформатная;Бумага широкоформатная;не создано;
91411;17029017;Канцелярские товары / Бумага / Бумага офисная;Бумага офисная;не создано;
970957182;17029017;Канцелярские товары / Бумага / Пенокартон;Пенокартон;не создано;
125931030;17029019;Канцелярские товары / Глобус / Теллурий;Теллурий;не создано;
94481;17029019;Канцелярские товары / Глобус / Глобус;Глобус;не создано;
971391750;17029026;Канцелярские товары / Письменные принадлежности / Сангина художественная;Сангина художественная;не создано;
97879;17029026;Канцелярские товары / Письменные принадлежности / Рапидограф;Рапидограф;не создано;
970731280;17029026;Канцелярские товары / Письменные принадлежности / Изограф;Изограф;не создано;
970993161;17029026;Канцелярские товары / Письменные принадлежности / Камень для растирки туши;Камень для растирки туши;не создано;
971072354;17029026;Канцелярские товары / Письменные принадлежности / Брайлевский прибор;Брайлевский прибор;не создано;
94065;17029026;Канцелярские товары / Письменные принадлежности / Набор фломастеров;Набор фломастеров;не создано;
94062;17029026;Канцелярские товары / Письменные принадлежности / Набор кистей для рисования;Набор кистей для рисования;не создано;
94057;17029026;Канцелярские товары / Письменные принадлежности / Кисть для рисования;Кисть для рисования;не создано;
94059;17029026;Канцелярские товары / Письменные принадлежности / Мелки;Мелки;не создано;
97878;17029026;Канцелярские товары / Письменные принадлежности / Держатель для пера;Держатель для пера;не создано;
971391752;17029026;Канцелярские товары / Письменные принадлежности / Соус художественный;Соус художественный;не создано;
971169792;17029026;Канцелярские товары / Письменные принадлежности / Заправка для маркеров;Заправка для маркеров;не создано;
94063;17029026;Канцелярские товары / Письменные принадлежности / Набор маркеров;Набор маркеров;не создано;
971001289;17029026;Канцелярские товары / Письменные принадлежности / Перо для маркера;Перо для маркера;не создано;
94056;17029026;Канцелярские товары / Письменные принадлежности / Картридж для ручки, маркера;Картридж для ручки, маркера;не создано;
94064;17029026;Канцелярские товары / Письменные принадлежности / Набор ручек;Набор ручек;не создано;
94054;17029026;Канцелярские товары / Письменные принадлежности / Карандаш;Карандаш;не создано;
94067;17029026;Канцелярские товары / Письменные принадлежности / Стержень для ручки;Стержень для ручки;не создано;
94052;17029026;Канцелярские товары / Письменные принадлежности / Грифель;Грифель;не создано;
971391751;17029026;Канцелярские товары / Письменные принадлежности / Сепия художественная;Сепия художественная;не создано;
97877;17029026;Канцелярские товары / Письменные принадлежности / Перо;Перо;не создано;
971197343;17029026;Канцелярские товары / Письменные принадлежности / Тренажер для постановки письма;Тренажер для постановки письма;не создано;
971747710;17029026;Канцелярские товары / Письменные принадлежности / Набор для каллиграфии;Набор для каллиграфии;не создано;
97237;17029026;Канцелярские товары / Письменные принадлежности / Конвертер для перьевой ручки;Конвертер для перьевой ручки;не создано;
92282;17029026;Канцелярские товары / Письменные принадлежности / Мел портновский;Мел портновский;фото отклонено;DESCRIPTION_DECLINE:4194
971049096;17029026;Канцелярские товары / Письменные принадлежности / Держатель для мела;Держатель для мела;не создано;
94069;17029026;Канцелярские товары / Письменные принадлежности / Уголь художественный;Уголь художественный;не создано;
94061;17029026;Канцелярские товары / Письменные принадлежности / Набор карандашей;Набор карандашей;не создано;
94101;17029018;Канцелярские товары / Бумажная продукция / Сменный блок для тетради;Сменный блок для тетради;не создано;
94093;17029018;Канцелярские товары / Бумажная продукция / Дневник школьный;Дневник школьный;не создано;
971100779;17029018;Канцелярские товары / Бумажная продукция / Каталог подбора автозапчастей;Каталог подбора автозапчастей;не создано;
97445;17029018;Канцелярские товары / Бумажная продукция / Фурнитура для переплета;Фурнитура для переплета;не создано;
970869249;17029018;Канцелярские товары / Бумажная продукция / Бандерольные кольца, ленты;Бандерольные кольца, ленты;не создано;
98473;17029018;Канцелярские товары / Бумажная продукция / Расписание уроков;Расписание уроков;не создано;
96168;17029018;Канцелярские товары / Бумажная продукция / Скетчбук;Скетчбук;не создано;
971057908;17029018;Канцелярские товары / Бумажная продукция / Контрольный браслет;Контрольный браслет;не создано;
971075374;17029018;Канцелярские товары / Бумажная продукция / Гостевая книга;Гостевая книга;не создано;
971123837;17029018;Канцелярские товары / Бумажная продукция / Наклейки;Наклейки;не создано;
971074115;17029018;Канцелярские товары / Бумажная продукция / Анкета для друзей;Анкета для друзей;не создано;
971100778;17029018;Канцелярские товары / Бумажная продукция / Книжка сервисная автомобильная;Книжка сервисная автомобильная;не создано;
257342242;17029018;Канцелярские товары / Бумажная продукция / Бумага для заметок;Бумага для заметок;не создано;
94097;17029018;Канцелярские товары / Бумажная продукция / Классный журнал;Классный журнал;не создано;
971071471;17029018;Канцелярские товары / Бумажная продукция / Дневник читательский;Дневник читательский;не создано;
257361866;17029018;Канцелярские товары / Бумажная продукция / Декупажная карта;Декупажная карта;не создано;
93769;17029018;Канцелярские товары / Бумажная продукция / Книга, дерево пожеланий;Книга, дерево пожеланий;не создано;
91396;17029018;Канцелярские товары / Бумажная продукция / Альбом;Альбом;не создано;
94102;17029018;Канцелярские товары / Бумажная продукция / Телефонная книга;Телефонная книга;не создано;
970628464;17029018;Канцелярские товары / Бумажная продукция / Панель для стикеров на монитор;Панель для стикеров на монитор;не создано;
94095;17029018;Канцелярские товары / Бумажная продукция / Еженедельник;Еженедельник;не создано;
94100;17029018;Канцелярские товары / Бумажная продукция / Планинг;Планинг;не создано;
971197249;17029018;Канцелярские товары / Бумажная продукция / Разделитель для тетради;Разделитель для тетради;не создано;
94094;17029018;Канцелярские товары / Бумажная продукция / Ежедневник;Ежедневник;не создано;
971823449;17029018;Канцелярские товары / Бумажная продукция / Визитная карточка;Визитная карточка;не создано;
94096;17029018;Канцелярские товары / Бумажная продукция / Записная книжка;Записная книжка;не создано;
257342239;17029018;Канцелярские товары / Бумажная продукция / Бланк документа;Бланк документа;не создано;
971888236;17029018;Канцелярские товары / Бумажная продукция / Брошюра;Брошюра;не создано;
93802;17029018;Канцелярские товары / Бумажная продукция / Родословная книга;Родословная книга;не создано;
94493;17029020;Канцелярские товары / Демонстрационные доски и аксессуары / Доска для заметок;Доска для заметок;не создано;
94491;17029020;Канцелярские товары / Демонстрационные доски и аксессуары / Доска для письма, рисования;Доска для письма, рисования;не создано;
93300;17029020;Канцелярские товары / Демонстрационные доски и аксессуары / Магнит канцелярский;Магнит канцелярский;не создано;
779247221;17029020;Канцелярские товары / Демонстрационные доски и аксессуары / Аксессуары для доски, флипчарта;Аксессуары для доски, флипчарта;не создано;
94497;17029020;Канцелярские товары / Демонстрационные доски и аксессуары / Флипчарт;Флипчарт;не создано;
970869578;93167672;Канцелярские товары / Сейфы и архивные шкафы / Шкаф архивный;Шкаф архивный;не создано;
93327;200001635;Канцелярские товары / Чертежные принадлежности / Циркуль;Циркуль;не создано;
93314;200001635;Канцелярские товары / Чертежные принадлежности / Рейсфедер;Рейсфедер;не создано;
970729015;200001635;Канцелярские товары / Чертежные принадлежности / Чертежная доска;Чертежная доска;не создано;
93286;200001635;Канцелярские товары / Чертежные принадлежности / Геометрический набор;Геометрический набор;не создано;
970960653;200001635;Канцелярские товары / Чертежные принадлежности / Спирограф;Спирограф;не создано;
970788192;17154182;Канцелярские товары / Конверты и коробки почтовые / Курьерский пакет;Курьерский пакет;не создано;
863256798;17154182;Канцелярские товары / Конверты и коробки почтовые / Коробка для посылок;Коробка для посылок;не создано;
713080978;17154182;Канцелярские товары / Конверты и коробки почтовые / Почтовый пакет;Почтовый пакет;не создано;
97379;17154182;Канцелярские товары / Конверты и коробки почтовые / Конверт;Конверт;не создано;
93326;17029021;Канцелярские товары / Канцелярия / Подставка канцелярская;Подставка канцелярская;не создано;
971747556;17029021;Канцелярские товары / Канцелярия / Картотека;Картотека;не создано;
93328;17029021;Канцелярские товары / Канцелярия / Этикетка;Этикетка;не создано;
970859600;17029021;Канцелярские товары / Канцелярия / Скальпель канцелярский;Скальпель канцелярский;не создано;
93304;17029021;Канцелярские товары / Канцелярия / Ножницы;Ножницы;не создано;
96733;17029021;Канцелярские товары / Канцелярия / Касса букв, цифр;Касса букв, цифр;не создано;
97585;17029021;Канцелярские товары / Канцелярия / Антистеплер;Антистеплер;не создано;
93289;17029021;Канцелярские товары / Канцелярия / Дырокол;Дырокол;не создано;
93299;17029021;Канцелярские товары / Канцелярия / Лупа;Лупа;не создано;
970701654;17029021;Канцелярские товары / Канцелярия / Система хранения ключей;Система хранения ключей;не создано;
970834768;17029021;Канцелярские товары / Канцелярия / Аксессуар для лупы;Аксессуар для лупы;не создано;
971116883;17029021;Канцелярские товары / Канцелярия / Марзан для резака;Марзан для резака;не создано;
91442;17029021;Канцелярские товары / Канцелярия / Калькулятор;Калькулятор;не создано;
93322;17029021;Канцелярские товары / Канцелярия / Увлажнитель для пальцев;Увлажнитель для пальцев;не создано;
970987619;17029021;Канцелярские товары / Канцелярия / Обрезчик углов;Обрезчик углов;не создано;
970744259;17029021;Канцелярские товары / Канцелярия / Напальчник для бумаги;Напальчник для бумаги;не создано;
98649;17029021;Канцелярские товары / Канцелярия / Масленка художественная;Масленка художественная;не создано;
98506;17029021;Канцелярские товары / Канцелярия / Держатель канцелярский;Держатель канцелярский;не создано;
93311;17029021;Канцелярские товары / Канцелярия / Пружина для биндера;Пружина для биндера;не создано;
93293;17029021;Канцелярские товары / Канцелярия / Клейкая лента канцелярская;Клейкая лента канцелярская;не создано;
93303;17029021;Канцелярские товары / Канцелярия / Нож канцелярский;Нож канцелярский;не создано;
93324;17029021;Канцелярские товары / Канцелярия / Указка;Указка;не создано;
93320;17029021;Канцелярские товары / Канцелярия / Точилка для карандашей;Точилка для карандашей;не создано;
93312;17029021;Канцелярские товары / Канцелярия / Резак сабельный;Резак сабельный;не создано;
93288;17029021;Канцелярские товары / Канцелярия / Диспенсер для клейкой ленты;Диспенсер для клейкой ленты;не создано;
970629379;17029021;Канцелярские товары / Канцелярия / Аксессуар для ножниц;Аксессуар для ножниц;не создано;
98652;17029021;Канцелярские товары / Канцелярия / Кистемойка;Кистемойка;не создано;
97417;17029021;Канцелярские товары / Канцелярия / Мастихин художественный;Мастихин художественный;не создано;
93302;17029021;Канцелярские товары / Канцелярия / Коврик для стола;Коврик для стола;не создано;
970841267;17029021;Канцелярские товары / Канцелярия / Растушевка;Растушевка;не создано;
971416161;17029021;Канцелярские товары / Канцелярия / Аксессуар для блокнота, ежедневника;Аксессуар для блокнота, ежедневника;не создано;
93285;17029021;Канцелярские товары / Канцелярия / Стакан для рисования;Стакан для рисования;не создано;
93296;17029021;Канцелярские товары / Канцелярия / Ластик;Ластик;не создано;
970939350;17029021;Канцелярские товары / Канцелярия / Пылесос канцелярский;Пылесос канцелярский;не создано;
970680872;17029021;Канцелярские товары / Канцелярия / Набор для прошивки документов;Набор для прошивки документов;не создано;
93308;17029021;Канцелярские товары / Канцелярия / Лоток для бумаг;Лоток для бумаг;не создано;
97506;17029021;Канцелярские товары / Канцелярия / Модель гипсовая;Модель гипсовая;не создано;
91356;17029021;Канцелярские товары / Канцелярия / Тубус;Тубус;не создано;
93305;17029021;Канцелярские товары / Канцелярия / Обложка;Обложка;не создано;
93319;17029021;Канцелярские товары / Канцелярия / Счетный материал;Счетный материал;не создано;
970869397;17029021;Канцелярские товары / Канцелярия / Органайзер канцелярский;Органайзер канцелярский;не создано;
93292;17029021;Канцелярские товары / Канцелярия / Канцелярский набор;Канцелярский набор;не создано;
970625130;17029021;Канцелярские товары / Канцелярия / Чернильница;Чернильница;не создано;
970941958;17029021;Канцелярские товары / Канцелярия / Наклейка на банковскую карту;Наклейка на банковскую карту;фото отклонено;DESCRIPTION_DECLINE:4194
93291;17029021;Канцелярские товары / Канцелярия / Закладка;Закладка;не создано;
971411247;17029021;Канцелярские товары / Канцелярия / Шило канцелярское;Шило канцелярское;не создано;
93317;17029021;Канцелярские товары / Канцелярия / Степлер;Степлер;не создано;
94105;17029024;Канцелярские товары / Пенал / Пенал;Пенал;не создано;
115948239;17029016;Канцелярские товары / Печати и штампы / Печать;Печать;не создано;
98207;17029016;Канцелярские товары / Печати и штампы / Этикет-пистолет;Этикет-пистолет;не создано;
971078138;17029016;Канцелярские товары / Печати и штампы / Аксессуары для создания штампа, печати;Аксессуары для создания штампа, печати;не создано;
970778135;17029016;Канцелярские товары / Печати и штампы / Пистолет-маркиратор;Пистолет-маркиратор;не создано;
96732;17029016;Канцелярские товары / Печати и штампы / Аксессуары для печати, штампа;Аксессуары для печати, штампа;не создано;
91260;15621049;Обувь / Спортивная и рабочая обувь / Сапоги резиновые;Сапоги резиновые;другая ошибка;error_card_with_deleted_photos:0
115951165;15621049;Обувь / Спортивная и рабочая обувь / Ботинки для сноуборда;Ботинки для сноуборда;не создано;
115951167;15621049;Обувь / Спортивная и рабочая обувь / Ботинки горнолыжные;Ботинки горнолыжные;не создано;
970670091;15621049;Обувь / Спортивная и рабочая обувь / Пуанты;Пуанты;другая ошибка;DESCRIPTION_DECLINE:22507
970696416;15621049;Обувь / Спортивная и рабочая обувь / Обувь для танцев;Обувь для танцев;другая ошибка;"error_attribute_values_empty:4298;error_attribute_values_empty:8292;error_attribute_values_empty:10096;error_attribute_values_empty:22232"
115951164;15621049;Обувь / Спортивная и рабочая обувь / Ботинки лыжные;Ботинки лыжные;другая ошибка;"error_attribute_values_empty:4298;error_attribute_values_empty:8292;error_attribute_values_empty:10096;error_attribute_values_empty:22232"
99051;15621049;Обувь / Спортивная и рабочая обувь / Ласты;Ласты;не создано;
96702;15621049;Обувь / Спортивная и рабочая обувь / Боксерки;Боксерки;не создано;
971124926;15621049;Обувь / Спортивная и рабочая обувь / Обувь для ушу, кунг-фу;Обувь для ушу, кунг-фу;не создано;
98382;15621049;Обувь / Спортивная и рабочая обувь / Скальники;Скальники;не создано;
970686287;15621049;Обувь / Спортивная и рабочая обувь / Полупальцы;Полупальцы;другая ошибка;DESCRIPTION_DECLINE:22507
91276;15621049;Обувь / Спортивная и рабочая обувь / Чешки;Чешки;другая ошибка;DESCRIPTION_DECLINE:22507
115951162;15621049;Обувь / Спортивная и рабочая обувь / Бутсы;Бутсы;не создано;
115951147;15621049;Обувь / Спортивная и рабочая обувь / Штангетки;Штангетки;не создано;
970707312;15621049;Обувь / Спортивная и рабочая обувь / Ботинки для лыжероллеров;Ботинки для лыжероллеров;не создано;
970687308;15621049;Обувь / Спортивная и рабочая обувь / Мотообувь;Мотообувь;не создано;
971869072;15621049;Обувь / Спортивная и рабочая обувь / Обувь эротическая;Обувь эротическая;не создано;
970800622;15621049;Обувь / Спортивная и рабочая обувь / Обувь для боулинга;Обувь для боулинга;не создано;
115951155;15621049;Обувь / Спортивная и рабочая обувь / Ролики;Ролики;не создано;
91244;15621048;Обувь / Повседневная обувь / Галоши;Галоши;другая ошибка;BR_size_gender:9163
91266;15621048;Обувь / Повседневная обувь / Сапоги;Сапоги;другая ошибка;BR_size_gender:9163
91238;15621048;Обувь / Повседневная обувь / Ботильоны;Ботильоны;другая ошибка;BR_size_gender:9163
91260;15621048;Обувь / Повседневная обувь / Сапоги резиновые;Сапоги резиновые;не создано;
91274;15621048;Обувь / Повседневная обувь / Угги;Угги;другая ошибка;BR_size_gender:9163
91235;15621048;Обувь / Повседневная обувь / Балетки;Балетки;другая ошибка;BR_size_gender:9163
91264;15621048;Обувь / Повседневная обувь / Сандалии;Сандалии;другая ошибка;BR_size_gender:9163
91242;15621048;Обувь / Повседневная обувь / Валенки;Валенки;другая ошибка;BR_size_gender:9163
91247;15621048;Обувь / Повседневная обувь / Кеды;Кеды;другая ошибка;BR_size_gender:9163
91262;15621048;Обувь / Повседневная обувь / Сабо;Сабо;другая ошибка;BR_size_gender:9163
91273;15621048;Обувь / Повседневная обувь / Туфли;Туфли;другая ошибка;BR_size_gender:9163
91251;15621048;Обувь / Повседневная обувь / Мокасины;Мокасины;другая ошибка;BR_size_gender:9163
91278;15621048;Обувь / Повседневная обувь / Эспадрильи;Эспадрильи;другая ошибка;BR_size_gender:9163
91270;15621048;Обувь / Повседневная обувь / Слипоны;Слипоны;другая ошибка;BR_size_gender:9163
91246;15621048;Обувь / Повседневная обувь / Дутики;Дутики;другая ошибка;BR_size_gender:9163
91249;15621048;Обувь / Повседневная обувь / Лоферы;Лоферы;другая ошибка;BR_size_gender:9163
96766;15621048;Обувь / Повседневная обувь / Тапочки;Тапочки;другая ошибка;BR_size_gender:9163
91236;15621048;Обувь / Повседневная обувь / Босоножки;Босоножки;другая ошибка;BR_size_gender:9163
970807580;15621048;Обувь / Повседневная обувь / Тапочки одноразовые;Тапочки одноразовые;другая ошибка;BR_size_gender:9163
91248;15621048;Обувь / Повседневная обувь / Кроссовки;Кроссовки;другая ошибка;BR_size_gender:9163
91239;15621048;Обувь / Повседневная обувь / Ботинки;Ботинки;другая ошибка;BR_size_gender:9163
91277;15621048;Обувь / Повседневная обувь / Шлепанцы;Шлепанцы;другая ошибка;BR_size_gender:9163
971412763;17028608;Товары для курения и аксессуары / Электронные сигареты и системы нагревания / Аксессуар для электронных сигарет;Аксессуар для электронных сигарет;другая ошибка;
90669078;17028608;Товары для курения и аксессуары / Электронные сигареты и системы нагревания / Зарядное устройство для электронных сигарет;Зарядное устройство для электронных сигарет;другая ошибка;
91645;17028941;Строительство и ремонт / Бытовое освещение / Напольный светильник;Напольный светильник;не создано;
971434442;17028941;Строительство и ремонт / Бытовое освещение / Люстра;Люстра;не создано;
971870952;17028656;Строительство и ремонт / Сварочное оборудование / Термитный патрон, шашка;Термитный патрон, шашка;другая ошибка;error_card_with_deleted_photos:0
971282479;17028656;Строительство и ремонт / Сварочное оборудование / Баллон газовый;Баллон газовый;другая ошибка;
971010890;17028656;Строительство и ремонт / Сварочное оборудование / Сварочная смесь в баллоне;Сварочная смесь в баллоне;другая ошибка;
971326612;87726268;Строительство и ремонт / Водоснабжение и инженерная сантехника / Шток телескопический для задвижек;Шток телескопический для задвижек;фото отклонено;DESCRIPTION_DECLINE:4194
970827709;87726268;Строительство и ремонт / Водоснабжение и инженерная сантехника / Группа безопасности;Группа безопасности;фото отклонено;DESCRIPTION_DECLINE:4194
970889087;17028629;Строительство и ремонт / Измерительный инструмент / Частотомер;Частотомер;фото отклонено;DESCRIPTION_DECLINE:4194
970954831;17028629;Строительство и ремонт / Измерительный инструмент / Плита поверочная;Плита поверочная;не создано;
91697;17028629;Строительство и ремонт / Измерительный инструмент / Линейка, угольник строительный;Линейка, угольник строительный;не создано;
91699;17028629;Строительство и ремонт / Измерительный инструмент / Малка;Малка;не создано;
91717;17028629;Строительство и ремонт / Измерительный инструмент / Щуп токоизмерительный;Щуп токоизмерительный;не создано;
971400905;17028629;Строительство и ремонт / Измерительный инструмент / Вискозиметр;Вискозиметр;фото отклонено;DESCRIPTION_DECLINE:4194
970879088;17028629;Строительство и ремонт / Измерительный инструмент / Оптический нивелир;Оптический нивелир;не создано;
91702;17028629;Строительство и ремонт / Измерительный инструмент / Пирометр;Пирометр;не создано;
971118577;17028629;Строительство и ремонт / Измерительный инструмент / Аксессуары для прибора учета;Аксессуары для прибора учета;не создано;
91708;17028629;Строительство и ремонт / Измерительный инструмент / Теодолит;Теодолит;другая ошибка;DESCRIPTION_DECLINE:22507
91707;17028629;Строительство и ремонт / Измерительный инструмент / Склерометр;Склерометр;не создано;
970878904;17028629;Строительство и ремонт / Измерительный инструмент / Мегаомметр;Мегаомметр;не создано;
970872285;17028629;Строительство и ремонт / Измерительный инструмент / Твердомер;Твердомер;фото отклонено;DESCRIPTION_DECLINE:4194
970672388;17028629;Строительство и ремонт / Измерительный инструмент / ОВП-метр;ОВП-метр;не создано;
971427330;17028629;Строительство и ремонт / Измерительный инструмент / Испытательный стенд;Испытательный стенд;не создано;
971043278;17028629;Строительство и ремонт / Измерительный инструмент / Миллиомметр;Миллиомметр;не создано;
970693408;17028629;Строительство и ремонт / Измерительный инструмент / Копировальный шаблон;Копировальный шаблон;не создано;
92747;17028629;Строительство и ремонт / Измерительный инструмент / Измеритель почвы;Измеритель почвы;не создано;
91711;17028629;Строительство и ремонт / Измерительный инструмент / Угломер;Угломер;не создано;
970941984;17028629;Строительство и ремонт / Измерительный инструмент / Колориметр;Колориметр;не создано;
971045335;17028629;Строительство и ремонт / Измерительный инструмент / Набор измерительных аксессуаров;Набор измерительных аксессуаров;не создано;
970845481;17028629;Строительство и ремонт / Измерительный инструмент / Трассоискатель;Трассоискатель;не создано;
970573155;17028629;Строительство и ремонт / Измерительный инструмент / Нутромер;Нутромер;фото отклонено;DESCRIPTION_DECLINE:4194
970858631;17028629;Строительство и ремонт / Измерительный инструмент / Расходомер жидкости;Расходомер жидкости;фото отклонено;DESCRIPTION_DECLINE:4194
971436902;17028629;Строительство и ремонт / Измерительный инструмент / Маяк-щелемер для наблюдения за трещинами;Маяк-щелемер для наблюдения за трещинами;фото отклонено;DESCRIPTION_DECLINE:4194
91698;17028629;Строительство и ремонт / Измерительный инструмент / Люксметр;Люксметр;не создано;
97499;17028629;Строительство и ремонт / Измерительный инструмент / Микрометр;Микрометр;не создано;
971093303;17028629;Строительство и ремонт / Измерительный инструмент / Электрод сравнения;Электрод сравнения;не создано;
91695;17028629;Строительство и ремонт / Измерительный инструмент / Курвиметр;Курвиметр;фото отклонено;DESCRIPTION_DECLINE:4194
970973768;17028629;Строительство и ремонт / Измерительный инструмент / Резьбомер;Резьбомер;не создано;
970880684;17028629;Строительство и ремонт / Измерительный инструмент / Глубиномер;Глубиномер;фото отклонено;DESCRIPTION_DECLINE:4194
91700;17028629;Строительство и ремонт / Измерительный инструмент / Отвес;Отвес;не создано;
970964209;17028629;Строительство и ремонт / Измерительный инструмент / Провод измерительный;Провод измерительный;не создано;
971225419;17028629;Строительство и ремонт / Измерительный инструмент / Метрологическое оборудование;Метрологическое оборудование;фото отклонено;DESCRIPTION_DECLINE:4194
971034143;17028629;Строительство и ремонт / Измерительный инструмент / Локатор отверстий;Локатор отверстий;не создано;
971306162;17028629;Строительство и ремонт / Измерительный инструмент / Геодезический приемник;Геодезический приемник;фото отклонено;DESCRIPTION_DECLINE:4194
91694;17028629;Строительство и ремонт / Измерительный инструмент / Измерительная лента;Измерительная лента;не создано;
971444192;17028629;Строительство и ремонт / Измерительный инструмент / Пенетрометр;Пенетрометр;фото отклонено;DESCRIPTION_DECLINE:4194
97344;17028951;Строительство и ремонт / Плитка и керамогранит / Брусчатка;Брусчатка;не создано;
608143597;17028951;Строительство и ремонт / Плитка и керамогранит / Декоративный камень для отделки;Декоративный камень для отделки;не создано;
894417881;17028951;Строительство и ремонт / Плитка и керамогранит / Керамогранит;Керамогранит;другая ошибка;ML_INCORRECT_VOLUME_WEIGHT:0
96652;17028951;Строительство и ремонт / Плитка и керамогранит / Плитка керамическая;Плитка керамическая;не создано;
94550;86727623;Строительство и ремонт / Ленты монтажные и клейкие / Клейкая лента;Клейкая лента;не создано;
970995724;86727623;Строительство и ремонт / Ленты монтажные и клейкие / Токопроводящая лента;Токопроводящая лента;не создано;
96170;86727623;Строительство и ремонт / Ленты монтажные и клейкие / Противоскользящая лента;Противоскользящая лента;не создано;
970832341;86727623;Строительство и ремонт / Ленты монтажные и клейкие / Комплект монтажных лент;Комплект монтажных лент;не создано;
99467;86727623;Строительство и ремонт / Ленты монтажные и клейкие / Монтажная лента;Монтажная лента;не создано;
99490;86727623;Строительство и ремонт / Ленты монтажные и клейкие / Бордюрная лента;Бордюрная лента;не создано;
971291564;17865409;Строительство и ремонт / Строительные смеси / Гранитный отсев;Гранитный отсев;другая ошибка;DESCRIPTION_DECLINE:22507
970979894;17865409;Строительство и ремонт / Строительные смеси / Штукатурно-клеевая смесь;Штукатурно-клеевая смесь;не создано;
970832921;17865409;Строительство и ремонт / Строительные смеси / Инъекционная гидроизоляция;Инъекционная гидроизоляция;не создано;
971167621;17865409;Строительство и ремонт / Строительные смеси / Бетонная смесь готовая;Бетонная смесь готовая;не создано;
971083618;17865409;Строительство и ремонт / Строительные смеси / Ремонтная смесь;Ремонтная смесь;не создано;
970873008;17865409;Строительство и ремонт / Строительные смеси / Холодный асфальт;Холодный асфальт;не создано;
970708780;17865409;Строительство и ремонт / Строительные смеси / Кладочная смесь;Кладочная смесь;не создано;
97427;17865409;Строительство и ремонт / Строительные смеси / Стяжка для пола;Стяжка для пола;другая ошибка;DESCRIPTION_DECLINE:22507
971042796;17865409;Строительство и ремонт / Строительные смеси / Щебень;Щебень;не создано;
971291562;17865409;Строительство и ремонт / Строительные смеси / Песок строительный;Песок строительный;не создано;
970865687;17865409;Строительство и ремонт / Строительные смеси / Пескобетон;Пескобетон;не создано;
97426;17865409;Строительство и ремонт / Строительные смеси / Наливной пол;Наливной пол;не создано;
97430;17865409;Строительство и ремонт / Строительные смеси / Штукатурка;Штукатурка;не создано;
971074213;17865409;Строительство и ремонт / Строительные смеси / Полимерное связующее;Полимерное связующее;другая ошибка;DESCRIPTION_DECLINE:22507
970865686;17865409;Строительство и ремонт / Строительные смеси / Бетон сухой;Бетон сухой;не создано;
640067226;17865409;Строительство и ремонт / Строительные смеси / Цемент;Цемент;не создано;
971854902;17028653;Строительство и ремонт / Инструменты для ремонта и строительства / Плавильная печь;Плавильная печь;фото отклонено;"DESCRIPTION_DECLINE:4194;DESCRIPTION_DECLINE:22507"
97524;17028653;Строительство и ремонт / Инструменты для ремонта и строительства / Захват;Захват;другая ошибка;DESCRIPTION_DECLINE:22507
970957178;17028653;Строительство и ремонт / Инструменты для ремонта и строительства / Клин для колки;Клин для колки;другая ошибка;DESCRIPTION_DECLINE:22507
97538;17028653;Строительство и ремонт / Инструменты для ремонта и строительства / Метчик;Метчик;фото отклонено;"DESCRIPTION_DECLINE:4194;DESCRIPTION_DECLINE:22507"
971048873;17028653;Строительство и ремонт / Инструменты для ремонта и строительства / Прижим рычажный;Прижим рычажный;фото отклонено;"DESCRIPTION_DECLINE:4194;DESCRIPTION_DECLINE:22507"
92075;17028653;Строительство и ремонт / Инструменты для ремонта и строительства / Кернер;Кернер;другая ошибка;DESCRIPTION_DECLINE:22507
92079;17028653;Строительство и ремонт / Инструменты для ремонта и строительства / Стрипперы;Стрипперы;фото отклонено;"DESCRIPTION_DECLINE:4194;DESCRIPTION_DECLINE:22507"
97549;17028653;Строительство и ремонт / Инструменты для ремонта и строительства / Пневмомолоток;Пневмомолоток;фото отклонено;DESCRIPTION_DECLINE:4194
971118629;17028653;Строительство и ремонт / Инструменты для ремонта и строительства / Пневмокромкогиб;Пневмокромкогиб;фото отклонено;DESCRIPTION_DECLINE:4194
971855284;17028653;Строительство и ремонт / Инструменты для ремонта и строительства / Кузнечный горн;Кузнечный горн;другая ошибка;DESCRIPTION_DECLINE:22507
91714;17028653;Строительство и ремонт / Инструменты для ремонта и строительства / Циркуль разметочный;Циркуль разметочный;фото отклонено;DESCRIPTION_DECLINE:4194
97548;17028653;Строительство и ремонт / Инструменты для ремонта и строительства / Пневмоножовка;Пневмоножовка;другая ошибка;DESCRIPTION_DECLINE:22507
92112;17028653;Строительство и ремонт / Инструменты для ремонта и строительства / Пинцет технический;Пинцет технический;фото отклонено;DESCRIPTION_DECLINE:4194
970892691;17028653;Строительство и ремонт / Инструменты для ремонта и строительства / Скобель;Скобель;другая ошибка;DESCRIPTION_DECLINE:22507
504866191;17028653;Строительство и ремонт / Инструменты для ремонта и строительства / Развертка;Развертка;другая ошибка;DESCRIPTION_DECLINE:22507
970798565;17028653;Строительство и ремонт / Инструменты для ремонта и строительства / Фильтр-воронка для краски;Фильтр-воронка для краски;фото отклонено;DESCRIPTION_DECLINE:4194
970874523;17028653;Строительство и ремонт / Инструменты для ремонта и строительства / Инструмент для заклепки, расклепки цепи;Инструмент для заклепки, расклепки цепи;фото отклонено;DESCRIPTION_DECLINE:4194
92063;17028653;Строительство и ремонт / Инструменты для ремонта и строительства / Гладилка;Гладилка;фото отклонено;"DESCRIPTION_DECLINE:4194;DESCRIPTION_DECLINE:22507"
92134;17028653;Строительство и ремонт / Инструменты для ремонта и строительства / Стеклодомкрат;Стеклодомкрат;фото отклонено;"DESCRIPTION_DECLINE:4194;DESCRIPTION_DECLINE:22507"
92155;17028653;Строительство и ремонт / Инструменты для ремонта и строительства / Шило;Шило;другая ошибка;DESCRIPTION_DECLINE:22507
970805654;17028653;Строительство и ремонт / Инструменты для ремонта и строительства / Степлер строительный;Степлер строительный;фото отклонено;DESCRIPTION_DECLINE:4194
970961565;17028653;Строительство и ремонт / Инструменты для ремонта и строительства / Штанга телескопическая распорная;Штанга телескопическая распорная;фото отклонено;"DESCRIPTION_DECLINE:4194;DESCRIPTION_DECLINE:22507"
971053231;17028653;Строительство и ремонт / Инструменты для ремонта и строительства / Набор для восстановления свечной резьбы;Набор для восстановления свечной резьбы;фото отклонено;DESCRIPTION_DECLINE:4194
92139;17028653;Строительство и ремонт / Инструменты для ремонта и строительства / Стусло;Стусло;другая ошибка;DESCRIPTION_DECLINE:22507
970998174;17028653;Строительство и ремонт / Инструменты для ремонта и строительства / Рамка кровельная;Рамка кровельная;другая ошибка;DESCRIPTION_DECLINE:22507
92071;17028653;Строительство и ремонт / Инструменты для ремонта и строительства / Зубило;Зубило;другая ошибка;DESCRIPTION_DECLINE:22507
97515;17028653;Строительство и ремонт / Инструменты для ремонта и строительства / Гребенка;Гребенка;не создано;
92157;17028653;Строительство и ремонт / Инструменты для ремонта и строительства / Щетка строительная;Щетка строительная;фото отклонено;DESCRIPTION_DECLINE:4194
970834490;17028653;Строительство и ремонт / Инструменты для ремонта и строительства / Сменный блок для шпателя;Сменный блок для шпателя;фото отклонено;DESCRIPTION_DECLINE:4194
92072;17028653;Строительство и ремонт / Инструменты для ремонта и строительства / Кабелерез, НУСК;Кабелерез, НУСК;другая ошибка;DESCRIPTION_DECLINE:22507
971079306;17028653;Строительство и ремонт / Инструменты для ремонта и строительства / Магнитный угольник для сварки;Магнитный угольник для сварки;фото отклонено;DESCRIPTION_DECLINE:4194
94705;17028653;Строительство и ремонт / Инструменты для ремонта и строительства / Пила ленточная;Пила ленточная;фото отклонено;DESCRIPTION_DECLINE:4194
92122;17028653;Строительство и ремонт / Инструменты для ремонта и строительства / Пружина для гибки труб;Пружина для гибки труб;фото отклонено;DESCRIPTION_DECLINE:4194
92058;17028653;Строительство и ремонт / Инструменты для ремонта и строительства / Ванночка малярная;Ванночка малярная;фото отклонено;"DESCRIPTION_DECLINE:4194;DESCRIPTION_DECLINE:22507"
971855283;17028653;Строительство и ремонт / Инструменты для ремонта и строительства / Тигель для плавки металла;Тигель для плавки металла;фото отклонено;"DESCRIPTION_DECLINE:4194;DESCRIPTION_DECLINE:22507"
970988961;17028653;Строительство и ремонт / Инструменты для ремонта и строительства / Ручной штроборез по газобетону;Ручной штроборез по газобетону;фото отклонено;DESCRIPTION_DECLINE:4194
92093;17028653;Строительство и ремонт / Инструменты для ремонта и строительства / Лом;Лом;не создано;
971450356;17028653;Строительство и ремонт / Инструменты для ремонта и строительства / Инструмент для работы с витой парой;Инструмент для работы с витой парой;фото отклонено;DESCRIPTION_DECLINE:4194
970998176;17028653;Строительство и ремонт / Инструменты для ремонта и строительства / Листогиб ручной;Листогиб ручной;фото отклонено;"DESCRIPTION_DECLINE:4194;DESCRIPTION_DECLINE:22507"
970966085;17028653;Строительство и ремонт / Инструменты для ремонта и строительства / Бородок слесарный;Бородок слесарный;фото отклонено;DESCRIPTION_DECLINE:4194
92102;17028653;Строительство и ремонт / Инструменты для ремонта и строительства / Набор ключей;Набор ключей;фото отклонено;DESCRIPTION_DECLINE:4194
92085;17028653;Строительство и ремонт / Инструменты для ремонта и строительства / Ковш штукатурный;Ковш штукатурный;другая ошибка;DESCRIPTION_DECLINE:22507
92125;17028653;Строительство и ремонт / Инструменты для ремонта и строительства / Рашпиль;Рашпиль;не создано;
92116;17028653;Строительство и ремонт / Инструменты для ремонта и строительства / Плиткорез ручной;Плиткорез ручной;не создано;
92055;17028653;Строительство и ремонт / Инструменты для ремонта и строительства / Болторез;Болторез;другая ошибка;DESCRIPTION_DECLINE:22507
92113;17028653;Строительство и ремонт / Инструменты для ремонта и строительства / Пистолет для герметика;Пистолет для герметика;не создано;
971116852;17028653;Строительство и ремонт / Инструменты для ремонта и строительства / Резак строительный;Резак строительный;не создано;
970740235;17028653;Строительство и ремонт / Инструменты для ремонта и строительства / Мешалка ручная;Мешалка ручная;фото отклонено;"DESCRIPTION_DECLINE:4194;DESCRIPTION_DECLINE:22507"
970791899;17028653;Строительство и ремонт / Инструменты для ремонта и строительства / Маяк реперный;Маяк реперный;другая ошибка;DESCRIPTION_DECLINE:22507
92105;17028653;Строительство и ремонт / Инструменты для ремонта и строительства / Нож строительно-ремонтный;Нож строительно-ремонтный;фото отклонено;DESCRIPTION_DECLINE:4194
92123;17028653;Строительство и ремонт / Инструменты для ремонта и строительства / Развальцовщик;Развальцовщик;фото отклонено;"DESCRIPTION_DECLINE:4194;DESCRIPTION_DECLINE:22507"
971061664;17028653;Строительство и ремонт / Инструменты для ремонта и строительства / Пистолет двухкомпонентный;Пистолет двухкомпонентный;не создано;
971944825;17028653;Строительство и ремонт / Инструменты для ремонта и строительства / Центрирующая головка;Центрирующая головка;фото отклонено;"DESCRIPTION_DECLINE:4194;DESCRIPTION_DECLINE:22507"
92135;17028653;Строительство и ремонт / Инструменты для ремонта и строительства / Стеклорез;Стеклорез;фото отклонено;"DESCRIPTION_DECLINE:4194;DESCRIPTION_DECLINE:22507"
92154;17028653;Строительство и ремонт / Инструменты для ремонта и строительства / Чертилка;Чертилка;другая ошибка;DESCRIPTION_DECLINE:22507
92106;17028653;Строительство и ремонт / Инструменты для ремонта и строительства / Ножницы строительные;Ножницы строительные;фото отклонено;DESCRIPTION_DECLINE:4194
971113001;17028653;Строительство и ремонт / Инструменты для ремонта и строительства / Мелок разметочный;Мелок разметочный;фото отклонено;DESCRIPTION_DECLINE:4194
92143;17028653;Строительство и ремонт / Инструменты для ремонта и строительства / Тонкогубцы;Тонкогубцы;фото отклонено;"DESCRIPTION_DECLINE:4194;DESCRIPTION_DECLINE:22507"
970675321;17028653;Строительство и ремонт / Инструменты для ремонта и строительства / Расшивка;Расшивка;не создано;
92090;17028653;Строительство и ремонт / Инструменты для ремонта и строительства / Кусачки;Кусачки;фото отклонено;"DESCRIPTION_DECLINE:4194;DESCRIPTION_DECLINE:22507"
971072658;17028653;Строительство и ремонт / Инструменты для ремонта и строительства / Кровельный инструмент;Кровельный инструмент;фото отклонено;DESCRIPTION_DECLINE:4194
92100;17028653;Строительство и ремонт / Инструменты для ремонта и строительства / Монтировка;Монтировка;не создано;
92156;17028653;Строительство и ремонт / Инструменты для ремонта и строительства / Шпатель;Шпатель;другая ошибка;DESCRIPTION_DECLINE:22507
970947048;17028653;Строительство и ремонт / Инструменты для ремонта и строительства / Набор для монтажа окон;Набор для монтажа окон;не создано;
971439139;17028653;Строительство и ремонт / Инструменты для ремонта и строительства / Намагничиватель;Намагничиватель;фото отклонено;DESCRIPTION_DECLINE:4194
92141;17028653;Строительство и ремонт / Инструменты для ремонта и строительства / Терка строительная;Терка строительная;фото отклонено;DESCRIPTION_DECLINE:4194
92064;17028653;Строительство и ремонт / Инструменты для ремонта и строительства / Добойник;Добойник;другая ошибка;DESCRIPTION_DECLINE:22507
971056725;17028653;Строительство и ремонт / Инструменты для ремонта и строительства / Полосогиб, крюкогиб;Полосогиб, крюкогиб;другая ошибка;DESCRIPTION_DECLINE:22507
92068;17028653;Строительство и ремонт / Инструменты для ремонта и строительства / Ручной зажим;Ручной зажим;фото отклонено;"DESCRIPTION_DECLINE:4194;DESCRIPTION_DECLINE:22507"
94775;17028653;Строительство и ремонт / Инструменты для ремонта и строительства / Пневмотрещотка;Пневмотрещотка;фото отклонено;"DESCRIPTION_DECLINE:4194;DESCRIPTION_DECLINE:22507"
970978796;17028653;Строительство и ремонт / Инструменты для ремонта и строительства / Магнит телескопический;Магнит телескопический;фото отклонено;"DESCRIPTION_DECLINE:4194;DESCRIPTION_DECLINE:22507"
970581806;17028653;Строительство и ремонт / Инструменты для ремонта и строительства / Пила садовая;Пила садовая;другая ошибка;DESCRIPTION_DECLINE:22507
92087;17028653;Строительство и ремонт / Инструменты для ремонта и строительства / Круглогубцы;Круглогубцы;не создано;
92062;17028653;Строительство и ремонт / Инструменты для ремонта и строительства / Гвоздодер;Гвоздодер;фото отклонено;"DESCRIPTION_DECLINE:4194;DESCRIPTION_DECLINE:22507"
99297;17028653;Строительство и ремонт / Инструменты для ремонта и строительства / Наковальня;Наковальня;другая ошибка;DESCRIPTION_DECLINE:22507
971279989;17028653;Строительство и ремонт / Инструменты для ремонта и строительства / Кромкогиб ручной;Кромкогиб ручной;фото отклонено;"DESCRIPTION_DECLINE:4194;DESCRIPTION_DECLINE:22507"
934414943;17028653;Строительство и ремонт / Инструменты для ремонта и строительства / Антистеплер строительный;Антистеплер строительный;фото отклонено;DESCRIPTION_DECLINE:4194
970969913;17028653;Строительство и ремонт / Инструменты для ремонта и строительства / Клеевой пистолет строительный;Клеевой пистолет строительный;фото отклонено;DESCRIPTION_DECLINE:4194
971454832;17028653;Строительство и ремонт / Инструменты для ремонта и строительства / Инструмент для разводки зубьев пил;Инструмент для разводки зубьев пил;фото отклонено;DESCRIPTION_DECLINE:4194
970871837;17028653;Строительство и ремонт / Инструменты для ремонта и строительства / Набор малярного инструмента;Набор малярного инструмента;фото отклонено;DESCRIPTION_DECLINE:4194
98242;17028653;Строительство и ремонт / Инструменты для ремонта и строительства / Фаскосниматель;Фаскосниматель;фото отклонено;DESCRIPTION_DECLINE:4194
971113090;17028653;Строительство и ремонт / Инструменты для ремонта и строительства / Инструмент для очистки валиков, кистей;Инструмент для очистки валиков, кистей;фото отклонено;DESCRIPTION_DECLINE:4194
92088;17028653;Строительство и ремонт / Инструменты для ремонта и строительства / Крюк для вязки арматуры;Крюк для вязки арматуры;фото отклонено;DESCRIPTION_DECLINE:4194
970944397;17028653;Строительство и ремонт / Инструменты для ремонта и строительства / Пистолет гвоздезабивной;Пистолет гвоздезабивной;фото отклонено;DESCRIPTION_DECLINE:4194
971048964;17028653;Строительство и ремонт / Инструменты для ремонта и строительства / Пистолет пороховой монтажный;Пистолет пороховой монтажный;фото отклонено;DESCRIPTION_DECLINE:4194
92118;17028653;Строительство и ремонт / Инструменты для ремонта и строительства / Правило;Правило;не создано;
970681735;17028653;Строительство и ремонт / Инструменты для ремонта и строительства / Ручной разбрасыватель штукатурных смесей;Ручной разбрасыватель штукатурных смесей;фото отклонено;DESCRIPTION_DECLINE:4194
970807558;17028653;Строительство и ремонт / Инструменты для ремонта и строительства / Емкость строительная;Емкость строительная;фото отклонено;"DESCRIPTION_DECLINE:4194;DESCRIPTION_DECLINE:22507"
115949049;17028653;Строительство и ремонт / Инструменты для ремонта и строительства / Ремкомплект для ручного инструмента;Ремкомплект для ручного инструмента;фото отклонено;DESCRIPTION_DECLINE:4194
971314695;17028653;Строительство и ремонт / Инструменты для ремонта и строительства / Инструмент для оптического волокна;Инструмент для оптического волокна;фото отклонено;DESCRIPTION_DECLINE:4194
92076;17028653;Строительство и ремонт / Инструменты для ремонта и строительства / Кисть малярная;Кисть малярная;фото отклонено;DESCRIPTION_DECLINE:4194
92078;17028653;Строительство и ремонт / Инструменты для ремонта и строительства / Клещи;Клещи;фото отклонено;"DESCRIPTION_DECLINE:4194;DESCRIPTION_DECLINE:22507"
504866257;17028653;Строительство и ремонт / Инструменты для ремонта и строительства / Набор отверток;Набор отверток;фото отклонено;DESCRIPTION_DECLINE:4194
504866190;17028653;Строительство и ремонт / Инструменты для ремонта и строительства / Выколотка;Выколотка;другая ошибка;DESCRIPTION_DECLINE:22507
92128;17028653;Строительство и ремонт / Инструменты для ремонта и строительства / Рубанок;Рубанок;фото отклонено;"DESCRIPTION_DECLINE:4194;DESCRIPTION_DECLINE:22507"
92081;17028653;Строительство и ремонт / Инструменты для ремонта и строительства / Клупп трубный;Клупп трубный;другая ошибка;DESCRIPTION_DECLINE:22507
970838694;17028653;Строительство и ремонт / Инструменты для ремонта и строительства / Инструмент для монтажа стяжек;Инструмент для монтажа стяжек;фото отклонено;DESCRIPTION_DECLINE:4194
92053;17028653;Строительство и ремонт / Инструменты для ремонта и строительства / Багор для бревен;Багор для бревен;фото отклонено;"DESCRIPTION_DECLINE:4194;DESCRIPTION_DECLINE:22507"
92077;17028653;Строительство и ремонт / Инструменты для ремонта и строительства / Киянка;Киянка;не создано;
96064;17028653;Строительство и ремонт / Инструменты для ремонта и строительства / Набор электроинструмента;Набор электроинструмента;фото отклонено;DESCRIPTION_DECLINE:4194
971473933;17028653;Строительство и ремонт / Инструменты для ремонта и строительства / Крюк для слесарных работ;Крюк для слесарных работ;фото отклонено;"DESCRIPTION_DECLINE:4194;DESCRIPTION_DECLINE:22507"
970960608;17028653;Строительство и ремонт / Инструменты для ремонта и строительства / Прижимной ролик;Прижимной ролик;фото отклонено;"DESCRIPTION_DECLINE:4194;DESCRIPTION_DECLINE:22507"
99497;17028653;Строительство и ремонт / Инструменты для ремонта и строительства / Заклепочник;Заклепочник;фото отклонено;DESCRIPTION_DECLINE:4194
92082;17028653;Строительство и ремонт / Инструменты для ремонта и строительства / Ключ;Ключ;фото отклонено;DESCRIPTION_DECLINE:4194
98560;17028653;Строительство и ремонт / Инструменты для ремонта и строительства / Резец по дереву;Резец по дереву;фото отклонено;"DESCRIPTION_DECLINE:4194;DESCRIPTION_DECLINE:22507"
971004513;17028653;Строительство и ремонт / Инструменты для ремонта и строительства / Стреппинг инструмент;Стреппинг инструмент;фото отклонено;DESCRIPTION_DECLINE:4194
970896687;17028653;Строительство и ремонт / Инструменты для ремонта и строительства / Размотчик для труб;Размотчик для труб;фото отклонено;DESCRIPTION_DECLINE:4194
92054;17028653;Строительство и ремонт / Инструменты для ремонта и строительства / Бокорезы;Бокорезы;фото отклонено;"DESCRIPTION_DECLINE:4194;DESCRIPTION_DECLINE:22507"
970672704;17028653;Строительство и ремонт / Инструменты для ремонта и строительства / Клипсатор;Клипсатор;фото отклонено;"DESCRIPTION_DECLINE:4194;DESCRIPTION_DECLINE:22507"
970985207;17028653;Строительство и ремонт / Инструменты для ремонта и строительства / Инструмент для ремонта часов;Инструмент для ремонта часов;фото отклонено;DESCRIPTION_DECLINE:4194
92092;17028653;Строительство и ремонт / Инструменты для ремонта и строительства / Лобзик ручной;Лобзик ручной;фото отклонено;"DESCRIPTION_DECLINE:4194;DESCRIPTION_DECLINE:22507"
92158;17028653;Строительство и ремонт / Инструменты для ремонта и строительства / Щипцы строительные;Щипцы строительные;не создано;
214605477;17028653;Строительство и ремонт / Инструменты для ремонта и строительства / Инструмент для работы с гипсокартоном;Инструмент для работы с гипсокартоном;фото отклонено;DESCRIPTION_DECLINE:4194
970777022;17028942;Строительство и ремонт / Станок / Лобзиковый станок;Лобзиковый станок;фото отклонено;DESCRIPTION_DECLINE:4194
94961;17028942;Строительство и ремонт / Станок / Токарный станок;Токарный станок;фото отклонено;DESCRIPTION_DECLINE:4194
970984436;17028942;Строительство и ремонт / Станок / Стол промышленный;Стол промышленный;фото отклонено;DESCRIPTION_DECLINE:4194
94958;17028942;Строительство и ремонт / Станок / Заточной станок;Заточной станок;фото отклонено;DESCRIPTION_DECLINE:4194
971403152;17028942;Строительство и ремонт / Станок / Наплавочный станок;Наплавочный станок;фото отклонено;DESCRIPTION_DECLINE:4194
99515;17028942;Строительство и ремонт / Станок / Установка алмазного бурения;Установка алмазного бурения;фото отклонено;DESCRIPTION_DECLINE:4194
970987250;17028942;Строительство и ремонт / Станок / Катушка индуктивности;Катушка индуктивности;фото отклонено;DESCRIPTION_DECLINE:4194
97953;17028942;Строительство и ремонт / Станок / Станок для холодной ковки;Станок для холодной ковки;фото отклонено;DESCRIPTION_DECLINE:4194
971277584;17028942;Строительство и ремонт / Станок / Станок для разделки кабеля;Станок для разделки кабеля;другая ошибка;error_card_with_deleted_photos:0
970984437;17028942;Строительство и ремонт / Станок / Аксессуар для промышленного стола;Аксессуар для промышленного стола;не создано;
97961;17028942;Строительство и ремонт / Станок / Пресс;Пресс;другая ошибка;DESCRIPTION_DECLINE:22507
97982;17028942;Строительство и ремонт / Станок / Трубогибочный станок;Трубогибочный станок;фото отклонено;DESCRIPTION_DECLINE:4194
971749136;17028942;Строительство и ремонт / Станок / Вытяжная установка;Вытяжная установка;не создано;
504866278;17028942;Строительство и ремонт / Станок / Верстак;Верстак;другая ошибка;DESCRIPTION_DECLINE:22507
970695643;17028942;Строительство и ремонт / Станок / Станок для гибки, резки арматуры;Станок для гибки, резки арматуры;фото отклонено;DESCRIPTION_DECLINE:4194
971402795;17028942;Строительство и ремонт / Станок / Расточный станок;Расточный станок;не создано;
94831;17028942;Строительство и ремонт / Станок / Фуговальный станок;Фуговальный станок;не создано;
970678632;17028942;Строительство и ремонт / Станок / Оснастка для станка;Оснастка для станка;не создано;
971478420;17028942;Строительство и ремонт / Станок / Станок для обработки листового металла;Станок для обработки листового металла;фото отклонено;DESCRIPTION_DECLINE:4194
92133;17028942;Строительство и ремонт / Станок / Станок для дрели, УШМ;Станок для дрели, УШМ;не создано;
971478393;17028942;Строительство и ремонт / Станок / Угловысечной станок;Угловысечной станок;фото отклонено;DESCRIPTION_DECLINE:4194
971749634;17028942;Строительство и ремонт / Станок / Подставка для станка;Подставка для станка;фото отклонено;DESCRIPTION_DECLINE:4194
970985657;17028942;Строительство и ремонт / Станок / Аксессуары для ЧПУ;Аксессуары для ЧПУ;не создано;
971053172;17028942;Строительство и ремонт / Станок / Станок для лазерной гравировки, резки;Станок для лазерной гравировки, резки;не создано;
970969876;17028942;Строительство и ремонт / Станок / Клепальный станок для пильных цепей;Клепальный станок для пильных цепей;фото отклонено;DESCRIPTION_DECLINE:4194
970944647;17028942;Строительство и ремонт / Станок / Электродвигатель общепромышленный;Электродвигатель общепромышленный;не создано;
270549114;17028954;Строительство и ремонт / Обои и покрытия / Георешетка;Георешетка;не создано;
970592548;17028954;Строительство и ремонт / Обои и покрытия / Самоклеящаяся пленка для мебели;Самоклеящаяся пленка для мебели;не создано;
448472170;17028954;Строительство и ремонт / Обои и покрытия / Стеклообои;Стеклообои;не создано;
95819;17028954;Строительство и ремонт / Обои и покрытия / Обои;Обои;не создано;
971305878;17028954;Строительство и ремонт / Обои и покрытия / Бордюр для обоев;Бордюр для обоев;не создано;
971149511;88265327;Строительство и ремонт / Электрика / Дверной гибкий переход для кабеля;Дверной гибкий переход для кабеля;фото отклонено;DESCRIPTION_DECLINE:4194
970659989;88265327;Строительство и ремонт / Электрика / Держатель катушки удлинителя;Держатель катушки удлинителя;фото отклонено;DESCRIPTION_DECLINE:4194
971001228;88265327;Строительство и ремонт / Электрика / Аксессуары для трансформатора;Аксессуары для трансформатора;фото отклонено;DESCRIPTION_DECLINE:4194
970952654;88265327;Строительство и ремонт / Электрика / Труба ПНД для кабеля;Труба ПНД для кабеля;фото отклонено;DESCRIPTION_DECLINE:4194
971098051;88265327;Строительство и ремонт / Электрика / Трубка электроизоляционная;Трубка электроизоляционная;фото отклонено;DESCRIPTION_DECLINE:4194
859372952;88265327;Строительство и ремонт / Электрика / Кабель-канал;Кабель-канал;фото отклонено;DESCRIPTION_DECLINE:4194
970866650;88265327;Строительство и ремонт / Электрика / Удлинитель силовой;Удлинитель силовой;фото отклонено;DESCRIPTION_DECLINE:4194
970859695;88265327;Строительство и ремонт / Электрика / Соединитель для кабель-каналов;Соединитель для кабель-каналов;фото отклонено;DESCRIPTION_DECLINE:4194
970587772;88265327;Строительство и ремонт / Электрика / Колодка электрическая;Колодка электрическая;фото отклонено;DESCRIPTION_DECLINE:4194
971419635;88265327;Строительство и ремонт / Электрика / Лоток кабельный;Лоток кабельный;фото отклонено;DESCRIPTION_DECLINE:4194
971457609;88265327;Строительство и ремонт / Электрика / Аксессуары для звонков;Аксессуары для звонков;не создано;
970965354;88265327;Строительство и ремонт / Электрика / Молниеприемник;Молниеприемник;фото отклонено;DESCRIPTION_DECLINE:4194
91896;88265327;Строительство и ремонт / Электрика / Стабилизатор напряжения;Стабилизатор напряжения;не создано;
970689886;88265327;Строительство и ремонт / Электрика / Комплект заземления;Комплект заземления;фото отклонено;DESCRIPTION_DECLINE:4194
97401;88265327;Строительство и ремонт / Электрика / Трансформатор;Трансформатор;не создано;
799783472;88265327;Строительство и ремонт / Электрика / Протяжка для кабеля;Протяжка для кабеля;фото отклонено;DESCRIPTION_DECLINE:4194
971015745;88265327;Строительство и ремонт / Электрика / Аксессуары для заземления;Аксессуары для заземления;фото отклонено;DESCRIPTION_DECLINE:4194
971419638;88265327;Строительство и ремонт / Электрика / Аксессуары для кабельного лотка;Аксессуары для кабельного лотка;фото отклонено;DESCRIPTION_DECLINE:4194
971012068;88265327;Строительство и ремонт / Электрика / Комплект молниезащиты;Комплект молниезащиты;фото отклонено;DESCRIPTION_DECLINE:4194
970953592;88265327;Строительство и ремонт / Электрика / Электрокартон;Электрокартон;не создано;
94539;88265327;Строительство и ремонт / Электрика / Кнопка для звонка;Кнопка для звонка;не создано;
97759;88265327;Строительство и ремонт / Электрика / Ультразвуковая ванна;Ультразвуковая ванна;фото отклонено;DESCRIPTION_DECLINE:4194
971153072;88265327;Строительство и ремонт / Электрика / Комплект для ремонта кабеля;Комплект для ремонта кабеля;фото отклонено;DESCRIPTION_DECLINE:4194
970590244;88265327;Строительство и ремонт / Электрика / Сетевой распределитель;Сетевой распределитель;не создано;
971012849;88265327;Строительство и ремонт / Электрика / Аксессуары для молниезащиты;Аксессуары для молниезащиты;фото отклонено;DESCRIPTION_DECLINE:4194
99038;88265327;Строительство и ремонт / Электрика / Гофра для кабеля;Гофра для кабеля;фото отклонено;DESCRIPTION_DECLINE:4194
971032499;88265327;Строительство и ремонт / Электрика / Трубка для маркировки кабеля;Трубка для маркировки кабеля;фото отклонено;DESCRIPTION_DECLINE:4194
91454;89326084;Строительство и ремонт / Отопление / Тепловая пушка;Тепловая пушка;не создано;
971473571;89326084;Строительство и ремонт / Отопление / Аксессуары для гидроаккумуляторов;Аксессуары для гидроаккумуляторов;не создано;
99473;79560974;Строительство и ремонт / Изоляционные материалы / Теплоизоляционный материал;Теплоизоляционный материал;не создано;
970591722;17028738;Строительство и ремонт / Санфаянс и ванны / Комплект унитаза c инсталляцией;Комплект унитаза c инсталляцией;другая ошибка;ML_INCORRECT_VOLUME_WEIGHT:0
970803630;17028738;Строительство и ремонт / Санфаянс и ванны / Бордюр для ванны;Бордюр для ванны;другая ошибка;ML_INCORRECT_VOLUME_WEIGHT:0
94758;17028738;Строительство и ремонт / Санфаянс и ванны / Бачок для унитаза;Бачок для унитаза;другая ошибка;ML_INCORRECT_VOLUME_WEIGHT:0
970591777;17028738;Строительство и ремонт / Санфаянс и ванны / Крышка-биде для унитаза;Крышка-биде для унитаза;другая ошибка;ML_INCORRECT_VOLUME_WEIGHT:0
970740009;17028738;Строительство и ремонт / Санфаянс и ванны / Биде-накладка для унитаза;Биде-накладка для унитаза;другая ошибка;ML_INCORRECT_VOLUME_WEIGHT:0
970629292;17028738;Строительство и ремонт / Санфаянс и ванны / Каркас для ванны;Каркас для ванны;другая ошибка;ML_INCORRECT_VOLUME_WEIGHT:0
970591719;17028738;Строительство и ремонт / Санфаянс и ванны / Напольный унитаз;Напольный унитаз;другая ошибка;ML_INCORRECT_VOLUME_WEIGHT:0
94749;17028738;Строительство и ремонт / Санфаянс и ванны / Ванна;Ванна;другая ошибка;ML_INCORRECT_VOLUME_WEIGHT:0
92043;17028738;Строительство и ремонт / Санфаянс и ванны / Сиденье для унитаза;Сиденье для унитаза;фото отклонено;"DESCRIPTION_DECLINE:4194;DESCRIPTION_DECLINE:22507"
94754;17028738;Строительство и ремонт / Санфаянс и ванны / Писсуар;Писсуар;другая ошибка;ML_INCORRECT_VOLUME_WEIGHT:0
94748;17028738;Строительство и ремонт / Санфаянс и ванны / Биде;Биде;другая ошибка;ML_INCORRECT_VOLUME_WEIGHT:0
970591721;17028738;Строительство и ремонт / Санфаянс и ванны / Подвесной унитаз;Подвесной унитаз;другая ошибка;ML_INCORRECT_VOLUME_WEIGHT:0
97172;17028953;Строительство и ремонт / Межкомнатные двери и арки / Дверное полотно;Дверное полотно;другая ошибка;ML_INCORRECT_VOLUME_WEIGHT:0
97102;17028953;Строительство и ремонт / Межкомнатные двери и арки / Дверь межкомнатная;Дверь межкомнатная;другая ошибка;ML_INCORRECT_VOLUME_WEIGHT:0
970859595;17028953;Строительство и ремонт / Межкомнатные двери и арки / Дверь жалюзийная;Дверь жалюзийная;другая ошибка;ML_INCORRECT_VOLUME_WEIGHT:0
970861082;17028953;Строительство и ремонт / Межкомнатные двери и арки / Дверь противопожарная;Дверь противопожарная;другая ошибка;ML_INCORRECT_VOLUME_WEIGHT:0
971115455;17028953;Строительство и ремонт / Межкомнатные двери и арки / Сводорасширитель для арки;Сводорасширитель для арки;другая ошибка;ML_INCORRECT_VOLUME_WEIGHT:0
970606934;17028662;Строительство и ремонт / Кабели и провод / Кабельная муфта;Кабельная муфта;фото отклонено;DESCRIPTION_DECLINE:4194
96692;17028662;Строительство и ремонт / Кабели и провод / Телефонный кабель;Телефонный кабель;не создано;
971994612;17028662;Строительство и ремонт / Кабели и провод / Витая пара;Витая пара;не создано;
970702731;59477295;Строительство и ремонт / Стеновые панели / Фасадная панель;Фасадная панель;другая ошибка;SPU_ALREADY_EXISTS_IN_ANOTHER_ACCOUNT:0
970823879;17028655;Строительство и ремонт / Готовые дома, бани и гаражи / Хозблок;Хозблок;не создано;
96725;17028655;Строительство и ремонт / Готовые дома, бани и гаражи / Сарай;Сарай;не создано;
96721;17028655;Строительство и ремонт / Готовые дома, бани и гаражи / Бытовка;Бытовка;не создано;
91884;86539914;Строительство и ремонт / Аккумуляторы / Аккумулятор для инструмента;Аккумулятор для инструмента;другая ошибка;error_card_with_deleted_photos:0
972755312;91976992;Строительство и ремонт / Металлопрокат и металлоконструкции / Строительные сэндвич панели;Строительные сэндвич панели;не создано;
970587756;64766017;Строительство и ремонт / Смесители и душевые системы / Душевая панель;Душевая панель;не создано;
970587759;64766017;Строительство и ремонт / Смесители и душевые системы / Скрытая монтажная часть;Скрытая монтажная часть;не создано;
970825251;87570190;Строительство и ремонт / Поликарбонат и оргстекло / Сотовый поликарбонат;Сотовый поликарбонат;не создано;
94829;17028947;Строительство и ремонт / Электрорубанок / Рейсмус;Рейсмус;другая ошибка;DESCRIPTION_DECLINE:22507
970582697;17028659;Строительство и ремонт / Входные двери / Временная дверь;Временная дверь;не создано;
96678;17028659;Строительство и ремонт / Входные двери / Входная дверь;Входная дверь;другая ошибка;ML_INCORRECT_VOLUME_WEIGHT:0
939591211;17028659;Строительство и ремонт / Входные двери / Козырек над крыльцом;Козырек над крыльцом;не создано;
971015948;17028734;Строительство и ремонт / Расходники для инструмента / Щетка для щеточных шлифмашин;Щетка для щеточных шлифмашин;фото отклонено;DESCRIPTION_DECLINE:4194
94913;17028734;Строительство и ремонт / Расходники для инструмента / Корщетка;Корщетка;другая ошибка;DESCRIPTION_DECLINE:22507
971049471;17028734;Строительство и ремонт / Расходники для инструмента / Набор для полировки;Набор для полировки;фото отклонено;DESCRIPTION_DECLINE:4194
94882;17028734;Строительство и ремонт / Расходники для инструмента / Патрон для дрели;Патрон для дрели;фото отклонено;DESCRIPTION_DECLINE:4194
971081399;17028734;Строительство и ремонт / Расходники для инструмента / Стальная вата;Стальная вата;фото отклонено;DESCRIPTION_DECLINE:4194
970851106;17028734;Строительство и ремонт / Расходники для инструмента / Режущий ролик для трубореза;Режущий ролик для трубореза;фото отклонено;DESCRIPTION_DECLINE:4194
94920;17028734;Строительство и ремонт / Расходники для инструмента / Лезвие для строительного ножа;Лезвие для строительного ножа;фото отклонено;DESCRIPTION_DECLINE:4194
971095451;17028734;Строительство и ремонт / Расходники для инструмента / Головка шлифовальная;Головка шлифовальная;фото отклонено;DESCRIPTION_DECLINE:4194
92070;17028734;Строительство и ремонт / Расходники для инструмента / Зенкер;Зенкер;другая ошибка;DESCRIPTION_DECLINE:22507
639026110;17028734;Строительство и ремонт / Расходники для инструмента / Сменная пластина для резца;Сменная пластина для резца;фото отклонено;DESCRIPTION_DECLINE:4194
98491;17028734;Строительство и ремонт / Расходники для инструмента / Нож для рубанка;Нож для рубанка;фото отклонено;DESCRIPTION_DECLINE:4194
98244;17028734;Строительство и ремонт / Расходники для инструмента / Блок шлифовальный;Блок шлифовальный;фото отклонено;DESCRIPTION_DECLINE:4194
970826290;17028734;Строительство и ремонт / Расходники для инструмента / Диск алмазный;Диск алмазный;не создано;
94936;17028734;Строительство и ремонт / Расходники для инструмента / Полотно;Полотно;не создано;
863783610;17028734;Строительство и ремонт / Расходники для инструмента / Резец для плиткореза;Резец для плиткореза;фото отклонено;DESCRIPTION_DECLINE:4194
94909;17028734;Строительство и ремонт / Расходники для инструмента / Клеевой стержень;Клеевой стержень;не создано;
971095445;17028734;Строительство и ремонт / Расходники для инструмента / Очиститель шлифовальных абразивов;Очиститель шлифовальных абразивов;фото отклонено;DESCRIPTION_DECLINE:4194
971364942;17028734;Строительство и ремонт / Расходники для инструмента / Наполнитель для галтовки;Наполнитель для галтовки;фото отклонено;DESCRIPTION_DECLINE:4194
99514;17028734;Строительство и ремонт / Расходники для инструмента / Франкфурт;Франкфурт;не создано;
94870;17028734;Строительство и ремонт / Расходники для инструмента / Губка шлифовальная;Губка шлифовальная;фото отклонено;DESCRIPTION_DECLINE:4194
94942;17028734;Строительство и ремонт / Расходники для инструмента / Сетка абразивная;Сетка абразивная;фото отклонено;DESCRIPTION_DECLINE:4194
971315195;17028734;Строительство и ремонт / Расходники для инструмента / Нож для фрезы;Нож для фрезы;фото отклонено;DESCRIPTION_DECLINE:4194
94949;17028734;Строительство и ремонт / Расходники для инструмента / Чашка шлифовальная;Чашка шлифовальная;фото отклонено;DESCRIPTION_DECLINE:4194
94925;17028734;Строительство и ремонт / Расходники для инструмента / Лист шлифовальный, шкурка;Лист шлифовальный, шкурка;не создано;
98277;80195569;Строительство и ремонт / Водосточные системы / Аксессуар для водосточной системы;Аксессуар для водосточной системы;не создано;
970859591;80195569;Строительство и ремонт / Водосточные системы / Труба водосточная;Труба водосточная;не создано;
970862853;80202912;Строительство и ремонт / Пиломатериал / Штапик;Штапик;не создано;
970825222;80202912;Строительство и ремонт / Пиломатериал / Брус;Брус;не создано;
971034598;80202912;Строительство и ремонт / Пиломатериал / Двутавровая балка;Двутавровая балка;не создано;
970862849;80202912;Строительство и ремонт / Пиломатериал / Галтель;Галтель;не создано;
970825223;80202912;Строительство и ремонт / Пиломатериал / Брусок;Брусок;не создано;
970725933;87889854;Строительство и ремонт / Крепеж и фурнитура / Подушка монтажная;Подушка монтажная;фото отклонено;DESCRIPTION_DECLINE:4194
970882085;87889854;Строительство и ремонт / Крепеж и фурнитура / Гибкая связь для кладки;Гибкая связь для кладки;фото отклонено;DESCRIPTION_DECLINE:4194
970857833;87889854;Строительство и ремонт / Крепеж и фурнитура / Рондоль дожимная;Рондоль дожимная;не создано;
98758;87889854;Строительство и ремонт / Крепеж и фурнитура / Стеклодержатель;Стеклодержатель;фото отклонено;DESCRIPTION_DECLINE:4194
95652;87889854;Строительство и ремонт / Крепеж и фурнитура / Сетка антимоскитная;Сетка антимоскитная;фото отклонено;DESCRIPTION_DECLINE:4194
94560;87889854;Строительство и ремонт / Крепеж и фурнитура / Анкер химический;Анкер химический;не создано;
970689935;87889854;Строительство и ремонт / Крепеж и фурнитура / Профиль для потолка;Профиль для потолка;фото отклонено;DESCRIPTION_DECLINE:4194
98783;87889854;Строительство и ремонт / Крепеж и фурнитура / Крепление для зеркала;Крепление для зеркала;фото отклонено;DESCRIPTION_DECLINE:4194
970825250;87889854;Строительство и ремонт / Крепеж и фурнитура / Профиль для поликарбоната;Профиль для поликарбоната;фото отклонено;DESCRIPTION_DECLINE:4194
971313496;87889854;Строительство и ремонт / Крепеж и фурнитура / Монтажный патрон;Монтажный патрон;другая ошибка;FB_Patrony:22508
99482;87889854;Строительство и ремонт / Крепеж и фурнитура / Почтовый ящик;Почтовый ящик;не создано;
779860078;87889854;Строительство и ремонт / Крепеж и фурнитура / Кронштейн крепежный;Кронштейн крепежный;не создано;
94551;87889854;Строительство и ремонт / Крепеж и фурнитура / Кляймер;Кляймер;не создано;
98781;87889854;Строительство и ремонт / Крепеж и фурнитура / Крепление для труб;Крепление для труб;не создано;
94564;87889854;Строительство и ремонт / Крепеж и фурнитура / Шпилька крепежная;Шпилька крепежная;не создано;
970843509;87889854;Строительство и ремонт / Крепеж и фурнитура / Шплинтовое крепление;Шплинтовое крепление;не создано;
971747509;87889854;Строительство и ремонт / Крепеж и фурнитура / Элемент трубной системы;Элемент трубной системы;не создано;
970675227;87889854;Строительство и ремонт / Крепеж и фурнитура / Стойка-основание для СВП;Стойка-основание для СВП;не создано;
94554;87889854;Строительство и ремонт / Крепеж и фурнитура / Полоса установочная;Полоса установочная;не создано;
970862851;87889854;Строительство и ремонт / Крепеж и фурнитура / Профиль деревянный;Профиль деревянный;фото отклонено;DESCRIPTION_DECLINE:4194
971196533;87889854;Строительство и ремонт / Крепеж и фурнитура / Штифт для крепления;Штифт для крепления;фото отклонено;DESCRIPTION_DECLINE:4194
970802095;87889854;Строительство и ремонт / Крепеж и фурнитура / Аксессуары для антимоскитной сетки;Аксессуары для антимоскитной сетки;фото отклонено;DESCRIPTION_DECLINE:4194
971880440;87889854;Строительство и ремонт / Крепеж и фурнитура / Аксессуары для опалубки;Аксессуары для опалубки;фото отклонено;DESCRIPTION_DECLINE:4194
405801077;87889854;Строительство и ремонт / Крепеж и фурнитура / Профиль для светодиодной ленты;Профиль для светодиодной ленты;фото отклонено;DESCRIPTION_DECLINE:4194
970675228;87889854;Строительство и ремонт / Крепеж и фурнитура / Зажим для выравнивания плитки;Зажим для выравнивания плитки;не создано;
971216373;87889854;Строительство и ремонт / Крепеж и фурнитура / Втулка крепежная;Втулка крепежная;не создано;
971296389;87889854;Строительство и ремонт / Крепеж и фурнитура / Стойка установочная крепежная;Стойка установочная крепежная;не создано;
970851065;87889854;Строительство и ремонт / Крепеж и фурнитура / Клин, спейсер монтажный;Клин, спейсер монтажный;не создано;
970842086;87889854;Строительство и ремонт / Крепеж и фурнитура / Система выравнивания плитки;Система выравнивания плитки;не создано;
971034067;87889854;Строительство и ремонт / Крепеж и фурнитура / Крепления для маяков для штукатурки;Крепления для маяков для штукатурки;не создано;
970675271;87889854;Строительство и ремонт / Крепеж и фурнитура / Клин, подложка для СВП;Клин, подложка для СВП;не создано;
970966537;87889854;Строительство и ремонт / Крепеж и фурнитура / Зажим для греющего кабеля;Зажим для греющего кабеля;не создано;
971279599;87889854;Строительство и ремонт / Крепеж и фурнитура / Регулятор высоты настенной плитки;Регулятор высоты настенной плитки;не создано;
98769;87889854;Строительство и ремонт / Крепеж и фурнитура / Подвес крепежный;Подвес крепежный;фото отклонено;DESCRIPTION_DECLINE:4194
970868758;87889854;Строительство и ремонт / Крепеж и фурнитура / Аксессуар для анкера;Аксессуар для анкера;не создано;
98774;87889854;Строительство и ремонт / Крепеж и фурнитура / Крестик для плитки;Крестик для плитки;не создано;
98766;87889854;Строительство и ремонт / Крепеж и фурнитура / Присоска крепежная;Присоска крепежная;фото отклонено;DESCRIPTION_DECLINE:4194
94552;87889854;Строительство и ремонт / Крепеж и фурнитура / Комплект крепежа строительного;Комплект крепежа строительного;фото отклонено;DESCRIPTION_DECLINE:4194
971051882;87889854;Строительство и ремонт / Крепеж и фурнитура / Лента с саморезами;Лента с саморезами;не создано;
504866217;87889854;Строительство и ремонт / Крепеж и фурнитура / Стыковочный профиль для полов;Стыковочный профиль для полов;фото отклонено;DESCRIPTION_DECLINE:4194
970871920;87889854;Строительство и ремонт / Крепеж и фурнитура / Пружинный узел;Пружинный узел;не создано;
849617971;200001728;Строительство и ремонт / Труба, свая, профиль / Свая;Свая;не создано;
970853798;88913160;Строительство и ремонт / Древесно-плитные материалы / Фанера;Фанера;не создано;
971360771;88913160;Строительство и ремонт / Древесно-плитные материалы / ХДФ;ХДФ;другая ошибка;DESCRIPTION_DECLINE:4180
970853825;88913160;Строительство и ремонт / Древесно-плитные материалы / ОСП;ОСП;другая ошибка;DESCRIPTION_DECLINE:4180
970853824;88913160;Строительство и ремонт / Древесно-плитные материалы / ДСП;ДСП;другая ошибка;DESCRIPTION_DECLINE:4180
970853823;88913160;Строительство и ремонт / Древесно-плитные материалы / ДВП;ДВП;другая ошибка;DESCRIPTION_DECLINE:4180
971110201;19863187;Строительство и ремонт / Напольные покрытия / Линолеум на отрез;Линолеум на отрез;не создано;
97568;19863187;Строительство и ремонт / Напольные покрытия / Ковролин;Ковролин;не создано;
970578154;19863187;Строительство и ремонт / Напольные покрытия / Плитка ПВХ;Плитка ПВХ;не создано;
97566;19863187;Строительство и ремонт / Напольные покрытия / Пробковый пол;Пробковый пол;не создано;
971278449;19863187;Строительство и ремонт / Напольные покрытия / Композитная лага;Композитная лага;не создано;
971807923;19863187;Строительство и ремонт / Напольные покрытия / Решетчатый настил;Решетчатый настил;не создано;
970797781;19863187;Строительство и ремонт / Напольные покрытия / Порог напольный;Порог напольный;не создано;
972022850;19863187;Строительство и ремонт / Напольные покрытия / Аксессуар для напольного покрытия;Аксессуар для напольного покрытия;не создано;
115950808;19863187;Строительство и ремонт / Напольные покрытия / Плинтус;Плинтус;не создано;
970855236;19863187;Строительство и ремонт / Напольные покрытия / Паркет штучный;Паркет штучный;не создано;
970672225;19863187;Строительство и ремонт / Напольные покрытия / Резиновая плитка;Резиновая плитка;не создано;
970689894;19863187;Строительство и ремонт / Напольные покрытия / Инженерная доска;Инженерная доска;не создано;
970991742;19863187;Строительство и ремонт / Напольные покрытия / Аксессуар для плинтуса;Аксессуар для плинтуса;не создано;
97565;19863187;Строительство и ремонт / Напольные покрытия / Ламинат;Ламинат;не создано;
115950809;19863187;Строительство и ремонт / Напольные покрытия / Подложка под напольные покрытия;Подложка под напольные покрытия;не создано;
970806789;81865080;Строительство и ремонт / Декор и лепнина / Плинтус потолочный;Плинтус потолочный;не создано;
970966961;80196759;Строительство и ремонт / Водоотведение и канализация / Кессон;Кессон;другая ошибка;ML_INCORRECT_VOLUME_WEIGHT:0
970696397;80196759;Строительство и ремонт / Водоотведение и канализация / Септик;Септик;другая ошибка;ML_INCORRECT_VOLUME_WEIGHT:0
970863015;72163739;Строительство и ремонт / Средства защиты и пожаротушения / Анкерное страховочное устройство;Анкерное страховочное устройство;другая ошибка;error_card_with_deleted_photos:0
971024984;72163739;Строительство и ремонт / Средства защиты и пожаротушения / Пожарный инвентарь;Пожарный инвентарь;фото отклонено;DESCRIPTION_DECLINE:4194
970855810;72163739;Строительство и ремонт / Средства защиты и пожаротушения / Съемный защитный подносок;Съемный защитный подносок;другая ошибка;error_card_with_deleted_photos:0
970702638;72163739;Строительство и ремонт / Средства защиты и пожаротушения / Аксессуары для респиратора;Аксессуары для респиратора;другая ошибка;error_card_with_deleted_photos:0
970693193;72163739;Строительство и ремонт / Средства защиты и пожаротушения / Краскоступы;Краскоступы;не создано;
971292369;72163739;Строительство и ремонт / Средства защиты и пожаротушения / Антипрокольная стелька;Антипрокольная стелька;другая ошибка;error_card_with_deleted_photos:0
92763;72163739;Строительство и ремонт / Средства защиты и пожаротушения / Нарукавники защитные;Нарукавники защитные;другая ошибка;error_card_with_deleted_photos:0
970863643;72163739;Строительство и ремонт / Средства защиты и пожаротушения / Жилет монтажника;Жилет монтажника;фото отклонено;DESCRIPTION_DECLINE:4194
970702246;72163739;Строительство и ремонт / Средства защиты и пожаротушения / Респиратор профессиональный;Респиратор профессиональный;другая ошибка;error_card_with_deleted_photos:0
971109334;72163739;Строительство и ремонт / Средства защиты и пожаротушения / Аварийное оборудование;Аварийное оборудование;другая ошибка;error_card_with_deleted_photos:0
970682728;72163739;Строительство и ремонт / Средства защиты и пожаротушения / Аксессуары для сварочной маски;Аксессуары для сварочной маски;другая ошибка;error_card_with_deleted_photos:0
970861110;72163739;Строительство и ремонт / Средства защиты и пожаротушения / Коврик диэлектрический;Коврик диэлектрический;фото отклонено;DESCRIPTION_DECLINE:4194
970708360;72163739;Строительство и ремонт / Средства защиты и пожаротушения / Комплект защиты;Комплект защиты;другая ошибка;error_card_with_deleted_photos:0
971814538;72163739;Строительство и ремонт / Средства защиты и пожаротушения / Экзоскелет промышленный;Экзоскелет промышленный;не создано;
970831661;72163739;Строительство и ремонт / Средства защиты и пожаротушения / Беруши противошумные;Беруши противошумные;другая ошибка;error_card_with_deleted_photos:0
970829767;72163739;Строительство и ремонт / Средства защиты и пожаротушения / Каскетка защитная;Каскетка защитная;другая ошибка;error_card_with_deleted_photos:0
558631551;72163739;Строительство и ремонт / Средства защиты и пожаротушения / Фильтр для респиратора, маски;Фильтр для респиратора, маски;другая ошибка;error_card_with_deleted_photos:0
93872;72163739;Строительство и ремонт / Средства защиты и пожаротушения / Щиток защитный;Щиток защитный;не создано;
93864;72163739;Строительство и ремонт / Средства защиты и пожаротушения / Очки защитные;Очки защитные;другая ошибка;error_card_with_deleted_photos:0
970942611;72163739;Строительство и ремонт / Средства защиты и пожаротушения / Аксессуар для противошумных наушников;Аксессуар для противошумных наушников;другая ошибка;error_card_with_deleted_photos:0
970714382;72163739;Строительство и ремонт / Средства защиты и пожаротушения / Противогаз;Противогаз;другая ошибка;error_card_with_deleted_photos:0
971000658;72163739;Строительство и ремонт / Средства защиты и пожаротушения / Аксессуар для системы пожаротушения;Аксессуар для системы пожаротушения;фото отклонено;DESCRIPTION_DECLINE:4194
970863016;72163739;Строительство и ремонт / Средства защиты и пожаротушения / Устройство позиционирования страховочное;Устройство позиционирования страховочное;другая ошибка;error_card_with_deleted_photos:0
93860;72163739;Строительство и ремонт / Средства защиты и пожаротушения / Маска сварщика;Маска сварщика;другая ошибка;error_card_with_deleted_photos:0
971109674;72163739;Строительство и ремонт / Средства защиты и пожаротушения / Огнетушитель;Огнетушитель;другая ошибка;
971414430;72163739;Строительство и ремонт / Средства защиты и пожаротушения / Тележка, сидение плиточника;Тележка, сидение плиточника;не создано;
93867;72163739;Строительство и ремонт / Средства защиты и пожаротушения / Пояс страховочный;Пояс страховочный;другая ошибка;error_card_with_deleted_photos:0
93862;72163739;Строительство и ремонт / Средства защиты и пожаротушения / Наушники противошумные;Наушники противошумные;другая ошибка;error_card_with_deleted_photos:0
970682684;72163739;Строительство и ремонт / Средства защиты и пожаротушения / Аксессуар для каски;Аксессуар для каски;другая ошибка;error_card_with_deleted_photos:0
893121588;72163739;Строительство и ремонт / Средства защиты и пожаротушения / Наколенники строительные;Наколенники строительные;другая ошибка;error_card_with_deleted_photos:0
970855809;72163739;Строительство и ремонт / Средства защиты и пожаротушения / Держатель для перчаток;Держатель для перчаток;фото отклонено;DESCRIPTION_DECLINE:4194
888258667;72163739;Строительство и ремонт / Средства защиты и пожаротушения / Перчатки, рукавицы защитные;Перчатки, рукавицы защитные;другая ошибка;error_card_with_deleted_photos:0
970889553;72163739;Строительство и ремонт / Средства защиты и пожаротушения / Когти, лазы монтерские;Когти, лазы монтерские;фото отклонено;DESCRIPTION_DECLINE:4194
970583310;72163739;Строительство и ремонт / Средства защиты и пожаротушения / Аксессуар для защитных очков;Аксессуар для защитных очков;не создано;
93859;72163739;Строительство и ремонт / Средства защиты и пожаротушения / Каска строительная;Каска строительная;другая ошибка;error_card_with_deleted_photos:0
970832315;72163739;Строительство и ремонт / Средства защиты и пожаротушения / Строп страховочный;Строп страховочный;другая ошибка;error_card_with_deleted_photos:0
96003;72163739;Строительство и ремонт / Средства защиты и пожаротушения / Краги сварщика;Краги сварщика;другая ошибка;error_card_with_deleted_photos:0
96670;17028660;Строительство и ремонт / Души и душевые кабины / Ограждение, экран для ванны, душа;Ограждение, экран для ванны, душа;другая ошибка;ML_INCORRECT_VOLUME_WEIGHT:0
96669;17028660;Строительство и ремонт / Души и душевые кабины / Душевой уголок;Душевой уголок;другая ошибка;ML_INCORRECT_VOLUME_WEIGHT:0
96666;17028660;Строительство и ремонт / Души и душевые кабины / Душевая кабина;Душевая кабина;другая ошибка;ML_INCORRECT_VOLUME_WEIGHT:0
93672;88791474;Строительство и ремонт / Хранение и организация рабочего места / Держатель для инструментов;Держатель для инструментов;фото отклонено;DESCRIPTION_DECLINE:4194
95500;88791474;Строительство и ремонт / Хранение и организация рабочего места / Сумка для строительных инструментов;Сумка для строительных инструментов;фото отклонено;DESCRIPTION_DECLINE:4194
95497;88791474;Строительство и ремонт / Хранение и организация рабочего места / Система хранения инструментов;Система хранения инструментов;фото отклонено;DESCRIPTION_DECLINE:4194
970879045;88791474;Строительство и ремонт / Хранение и организация рабочего места / Перфопанель;Перфопанель;не создано;
971168715;88791474;Строительство и ремонт / Хранение и организация рабочего места / Аксессуар для инструментального ящика;Аксессуар для инструментального ящика;не создано;
504866277;88791474;Строительство и ремонт / Хранение и организация рабочего места / Инструментальная тележка;Инструментальная тележка;не создано;
115946994;88791474;Строительство и ремонт / Хранение и организация рабочего места / Органайзер строительный;Органайзер строительный;не создано;
95494;88791474;Строительство и ремонт / Хранение и организация рабочего места / Пояс для инструментов;Пояс для инструментов;фото отклонено;DESCRIPTION_DECLINE:4194
970726501;82851653;Строительство и ремонт / Окна и комплектующие к окнам / Окно;Окно;не создано;
971099414;82851653;Строительство и ремонт / Окна и комплектующие к окнам / Рольставни;Рольставни;не создано;
629727955;82851653;Строительство и ремонт / Окна и комплектующие к окнам / Решетка на окно, дверь;Решетка на окно, дверь;не создано;
971100224;82851653;Строительство и ремонт / Окна и комплектующие к окнам / Окно по индивидуальным размерам;Окно по индивидуальным размерам;не создано;
970876104;89202024;Строительство и ремонт / Аксессуары для ремонта и инструментов / Укрывной материал для ремонта;Укрывной материал для ремонта;не создано;
970859597;89202024;Строительство и ремонт / Аксессуары для ремонта и инструментов / Технический трафарет;Технический трафарет;не создано;
970743880;89202024;Строительство и ремонт / Аксессуары для ремонта и инструментов / Каталог отделочных материалов;Каталог отделочных материалов;не создано;
94782;17028945;Строительство и ремонт / Электродрели / Строительный миксер;Строительный миксер;не создано;
970799658;17028945;Строительство и ремонт / Электродрели / Копер;Копер;не создано;
94783;17028945;Строительство и ремонт / Электродрели / Шуруповерт;Шуруповерт;не создано;
94771;17028945;Строительство и ремонт / Электродрели / Отбойный молоток;Отбойный молоток;не создано;
96101;17028956;Строительство и ремонт / Арматура и аксессуары для сантехники / Клиновая задвижка;Клиновая задвижка;не создано;
96100;17028956;Строительство и ремонт / Арматура и аксессуары для сантехники / Клапан с курком;Клапан с курком;не создано;
98998;17028956;Строительство и ремонт / Арматура и аксессуары для сантехники / Шаровый переключатель на душ;Шаровый переключатель на душ;не создано;
970680799;17028956;Строительство и ремонт / Арматура и аксессуары для сантехники / Комплект для гидро- аэромассажа;Комплект для гидро- аэромассажа;не создано;
970680798;17028956;Строительство и ремонт / Арматура и аксессуары для сантехники / Комплект хромотерапии;Комплект хромотерапии;не создано;
96111;17028956;Строительство и ремонт / Арматура и аксессуары для сантехники / Сантехническая прокладка;Сантехническая прокладка;не создано;
98994;17028956;Строительство и ремонт / Арматура и аксессуары для сантехники / Картридж для смесителя;Картридж для смесителя;не создано;
96097;17028956;Строительство и ремонт / Арматура и аксессуары для сантехники / Диэлектрическая вставка;Диэлектрическая вставка;не создано;
96123;17028956;Строительство и ремонт / Арматура и аксессуары для сантехники / Сантехнический эксцентрик;Сантехнический эксцентрик;не создано;
971047081;17028956;Строительство и ремонт / Арматура и аксессуары для сантехники / Сменный наполнитель для душевой лейки;Сменный наполнитель для душевой лейки;не создано;
98995;17028956;Строительство и ремонт / Арматура и аксессуары для сантехники / Кран-букса;Кран-букса;не создано;
970587758;17028956;Строительство и ремонт / Арматура и аксессуары для сантехники / Кран для фильтра питьевой воды;Кран для фильтра питьевой воды;не создано;
970826407;17028956;Строительство и ремонт / Арматура и аксессуары для сантехники / Подставка под смеситель;Подставка под смеситель;не создано;
971084491;17028956;Строительство и ремонт / Арматура и аксессуары для сантехники / Узел подключения радиатора;Узел подключения радиатора;не создано;
96117;17028956;Строительство и ремонт / Арматура и аксессуары для сантехники / Фильтр грубой очистки;Фильтр грубой очистки;не создано;
970748498;17028956;Строительство и ремонт / Арматура и аксессуары для сантехники / Монтажный комплект для счетчика;Монтажный комплект для счетчика;не создано;
970683193;17028956;Строительство и ремонт / Арматура и аксессуары для сантехники / Сенсорная насадка на кран;Сенсорная насадка на кран;не создано;
971100744;17028956;Строительство и ремонт / Арматура и аксессуары для сантехники / Фиксатор резьбы сантехнический;Фиксатор резьбы сантехнический;не создано;
970631321;17028955;Строительство и ремонт / Радиаторы, конвекторы / Конвектор отопительный;Конвектор отопительный;не создано;
96695;17028955;Строительство и ремонт / Радиаторы, конвекторы / Решетки для конвектора в пол;Решетки для конвектора в пол;не создано;
971425882;17028955;Строительство и ремонт / Радиаторы, конвекторы / Регистр отопления;Регистр отопления;не создано;
971061435;17028609;Строительство и ремонт / Лампочка / Трансформатор для ламп;Трансформатор для ламп;не создано;
970625352;17028609;Строительство и ремонт / Лампочка / Пускорегулирующий аппарат;Пускорегулирующий аппарат;не создано;
970625351;17028609;Строительство и ремонт / Лампочка / Стартеры для люминесцентных ламп;Стартеры для люминесцентных ламп;не создано;
91309;17028609;Строительство и ремонт / Лампочка / Лампочка;Лампочка;не создано;
898304758;17028609;Строительство и ремонт / Лампочка / Патрон для лампы;Патрон для лампы;не создано;
94796;17028948;Строительство и ремонт / Шлифовальные машины / Шлифмашина;Шлифмашина;другая ошибка;DESCRIPTION_DECLINE:4180
94788;17028948;Строительство и ремонт / Шлифовальные машины / Многофункциональный инструмент-реноватор;Многофункциональный инструмент-реноватор;фото отклонено;DESCRIPTION_DECLINE:4194
94799;17028948;Строительство и ремонт / Шлифовальные машины / Электроточило;Электроточило;не создано;
99486;17028744;Строительство и ремонт / Теплый пол / Система обогрева грунта;Система обогрева грунта;не создано;
97922;17028744;Строительство и ремонт / Теплый пол / Греющий кабель;Греющий кабель;не создано;
970960210;17028744;Строительство и ремонт / Теплый пол / Теплый плинтус;Теплый плинтус;не создано;
970572719;17028744;Строительство и ремонт / Теплый пол / Подогрев зеркал для ванной;Подогрев зеркал для ванной;не создано;
95401;17028744;Строительство и ремонт / Теплый пол / Теплый пол;Теплый пол;не создано;
971041184;17028744;Строительство и ремонт / Теплый пол / Набор для монтажа греющего кабеля;Набор для монтажа греющего кабеля;не создано;
800397033;17028744;Строительство и ремонт / Теплый пол / Дополнительный комплект монтажа теплого пола;Дополнительный комплект монтажа теплого пола;не создано;
970709002;86790687;Строительство и ремонт / Клей бытовой и строительный / Огнеупорная смесь;Огнеупорная смесь;не создано;
970630314;86790687;Строительство и ремонт / Клей бытовой и строительный / Жидкий пластик;Жидкий пластик;не создано;
92272;86790687;Строительство и ремонт / Клей бытовой и строительный / Холодная сварка;Холодная сварка;не создано;
971076243;86790687;Строительство и ремонт / Клей бытовой и строительный / Отвердитель для клея;Отвердитель для клея;не создано;
970849521;86790687;Строительство и ремонт / Клей бытовой и строительный / Клей строительный;Клей строительный;не создано;
970831345;86790687;Строительство и ремонт / Клей бытовой и строительный / Клей хозяйственный;Клей хозяйственный;не создано;
970855771;17027911;Строительство и ремонт / Ручки, замки и фурнитура / Тарная фурнитура;Тарная фурнитура;не создано;
94528;17027911;Строительство и ремонт / Ручки, замки и фурнитура / Накладка дверная;Накладка дверная;не создано;
405015796;17027911;Строительство и ремонт / Ручки, замки и фурнитура / Ограничитель оконный;Ограничитель оконный;не создано;
970664218;17027911;Строительство и ремонт / Ручки, замки и фурнитура / Автоматический порог;Автоматический порог;не создано;
970595103;17027911;Строительство и ремонт / Ручки, замки и фурнитура / Дверной молоток;Дверной молоток;не создано;
95896;86491609;Строительство и ремонт / Грузоподъемное оборудование / Тельфер;Тельфер;не создано;
92091;86491609;Строительство и ремонт / Грузоподъемное оборудование / Лебедка;Лебедка;не создано;
98269;17028950;Строительство и ремонт / Компрессионное, насосное оборудование / Опрессовщик;Опрессовщик;не создано;
971000802;17028950;Строительство и ремонт / Компрессионное, насосное оборудование / Гидростанция;Гидростанция;не создано;
970617020;17028950;Строительство и ремонт / Компрессионное, насосное оборудование / Вакуумный насос;Вакуумный насос;не создано;
91464;17028950;Строительство и ремонт / Компрессионное, насосное оборудование / Минимойка;Минимойка;не создано;
970896010;17028950;Строительство и ремонт / Компрессионное, насосное оборудование / Пескоструйная камера;Пескоструйная камера;не создано;
98266;17028950;Строительство и ремонт / Компрессионное, насосное оборудование / Прочистная машина для канализации;Прочистная машина для канализации;не создано;
970896003;17028950;Строительство и ремонт / Компрессионное, насосное оборудование / Пескоструйный аппарат;Пескоструйный аппарат;не создано;
970796953;17028950;Строительство и ремонт / Компрессионное, насосное оборудование / Запчасть для компрессора;Запчасть для компрессора;не создано;
94801;17028654;Строительство и ремонт / Электроустановочные изделия / Вилка электрическая;Вилка электрическая;не создано;
970853958;17028654;Строительство и ремонт / Электроустановочные изделия / Расцепитель;Расцепитель;не создано;
970669851;17028654;Строительство и ремонт / Электроустановочные изделия / Монтажная плата;Монтажная плата;фото отклонено;DESCRIPTION_DECLINE:4194
971406304;17028654;Строительство и ремонт / Электроустановочные изделия / Сигнальный, вспомогательный контакт;Сигнальный, вспомогательный контакт;не создано;
970843510;17028654;Строительство и ремонт / Электроустановочные изделия / Кабельный ввод, сальник, гермоввод;Кабельный ввод, сальник, гермоввод;фото отклонено;DESCRIPTION_DECLINE:4194
970853887;17028654;Строительство и ремонт / Электроустановочные изделия / Амперметр, вольтметр;Амперметр, вольтметр;фото отклонено;DESCRIPTION_DECLINE:4194
99039;17028654;Строительство и ремонт / Электроустановочные изделия / Изоляционный материал;Изоляционный материал;не создано;
970791958;17028654;Строительство и ремонт / Электроустановочные изделия / Плавкий предохранитель;Плавкий предохранитель;не создано;
971099293;17028654;Строительство и ремонт / Электроустановочные изделия / Зажим анкерный;Зажим анкерный;не создано;
970851836;17028654;Строительство и ремонт / Электроустановочные изделия / Комбинационный модуль;Комбинационный модуль;не создано;
98600;17028654;Строительство и ремонт / Электроустановочные изделия / Коробка наружного монтажа;Коробка наружного монтажа;фото отклонено;DESCRIPTION_DECLINE:4194
971095684;17028654;Строительство и ремонт / Электроустановочные изделия / Оборудование для прокладки кабеля;Оборудование для прокладки кабеля;фото отклонено;DESCRIPTION_DECLINE:4194
970859599;17028654;Строительство и ремонт / Электроустановочные изделия / Аксессуар для контактора;Аксессуар для контактора;не создано;
970854120;17028654;Строительство и ремонт / Электроустановочные изделия / Кабельный наконечник;Кабельный наконечник;не создано;
94816;17028654;Строительство и ремонт / Электроустановочные изделия / Соединительный изолирующий зажим;Соединительный изолирующий зажим;фото отклонено;DESCRIPTION_DECLINE:4194
970853959;17028654;Строительство и ремонт / Электроустановочные изделия / Автомат защиты двигателя;Автомат защиты двигателя;не создано;
321057674;17028654;Строительство и ремонт / Электроустановочные изделия / Распределительный щит;Распределительный щит;фото отклонено;DESCRIPTION_DECLINE:4194
971323305;17028654;Строительство и ремонт / Электроустановочные изделия / Зональный коммуникатор;Зональный коммуникатор;не создано;
971284251;17028654;Строительство и ремонт / Электроустановочные изделия / Счетчик времени наработки;Счетчик времени наработки;фото отклонено;DESCRIPTION_DECLINE:4194
970856050;17028654;Строительство и ремонт / Электроустановочные изделия / Щитовой звонок;Щитовой звонок;не создано;
970853541;17028654;Строительство и ремонт / Электроустановочные изделия / Реле напряжения;Реле напряжения;фото отклонено;DESCRIPTION_DECLINE:4194
98598;17028654;Строительство и ремонт / Электроустановочные изделия / Дин-рейка;Дин-рейка;фото отклонено;"DESCRIPTION_DECLINE:4194;DESCRIPTION_DECLINE:22507"
970573093;17028654;Строительство и ремонт / Электроустановочные изделия / Реле времени;Реле времени;фото отклонено;"DESCRIPTION_DECLINE:4194;DESCRIPTION_DECLINE:22507"
970882088;17028654;Строительство и ремонт / Электроустановочные изделия / Зажим Крокодил;Зажим Крокодил;не создано;
94821;17028654;Строительство и ремонт / Электроустановочные изделия / Штепсельный разъем;Штепсельный разъем;фото отклонено;DESCRIPTION_DECLINE:4194
971157892;17028654;Строительство и ремонт / Электроустановочные изделия / Концевой стопор;Концевой стопор;фото отклонено;DESCRIPTION_DECLINE:4194
94810;17028654;Строительство и ремонт / Электроустановочные изделия / Подрозетник;Подрозетник;другая ошибка;DESCRIPTION_DECLINE:22507
970994138;17028654;Строительство и ремонт / Электроустановочные изделия / Щит учета электроэнергии в сборе;Щит учета электроэнергии в сборе;фото отклонено;DESCRIPTION_DECLINE:4194
970853535;17028654;Строительство и ремонт / Электроустановочные изделия / Реле тока;Реле тока;не создано;
970693192;17028654;Строительство и ремонт / Электроустановочные изделия / Кабельный маркер;Кабельный маркер;фото отклонено;DESCRIPTION_DECLINE:4194
970841937;17028654;Строительство и ремонт / Электроустановочные изделия / Лючок для фальшпола;Лючок для фальшпола;фото отклонено;DESCRIPTION_DECLINE:4194
971480214;17028654;Строительство и ремонт / Электроустановочные изделия / Монтажная колодка для реле;Монтажная колодка для реле;фото отклонено;DESCRIPTION_DECLINE:4194
94820;17028654;Строительство и ремонт / Электроустановочные изделия / Управление жалюзи;Управление жалюзи;не создано;
970857782;17028654;Строительство и ремонт / Электроустановочные изделия / Распаячная коробка;Распаячная коробка;фото отклонено;DESCRIPTION_DECLINE:4194
970853540;17028654;Строительство и ремонт / Электроустановочные изделия / Реле импульсное;Реле импульсное;не создано;
94804;17028654;Строительство и ремонт / Электроустановочные изделия / Диммер;Диммер;не создано;
94805;17028654;Строительство и ремонт / Электроустановочные изделия / Дифференциальный автомат;Дифференциальный автомат;не создано;
971302800;17028654;Строительство и ремонт / Электроустановочные изделия / Аксессуар для счетчика электроэнергии;Аксессуар для счетчика электроэнергии;фото отклонено;DESCRIPTION_DECLINE:4194
971080401;17028654;Строительство и ремонт / Электроустановочные изделия / Программируемый контроллер;Программируемый контроллер;фото отклонено;DESCRIPTION_DECLINE:4194
970855902;17028654;Строительство и ремонт / Электроустановочные изделия / Блок питания на DIN-рейку;Блок питания на DIN-рейку;фото отклонено;DESCRIPTION_DECLINE:4194
94815;17028654;Строительство и ремонт / Электроустановочные изделия / Розеточно-клавишный блок;Розеточно-клавишный блок;фото отклонено;DESCRIPTION_DECLINE:4194
97662;17028654;Строительство и ремонт / Электроустановочные изделия / Счетчик электроэнергии;Счетчик электроэнергии;фото отклонено;DESCRIPTION_DECLINE:4194
970855926;17028654;Строительство и ремонт / Электроустановочные изделия / УЗИП;УЗИП;другая ошибка;DESCRIPTION_DECLINE:4180
970855944;17028654;Строительство и ремонт / Электроустановочные изделия / Аксессуары для автомата, преобразователя;Аксессуары для автомата, преобразователя;не создано;
970971275;17028654;Строительство и ремонт / Электроустановочные изделия / Комплект вилка-розетка;Комплект вилка-розетка;не создано;
971299793;17028654;Строительство и ремонт / Электроустановочные изделия / Аксессуар для клеммы;Аксессуар для клеммы;не создано;
970853536;17028654;Строительство и ремонт / Электроустановочные изделия / Реле контроля фаз;Реле контроля фаз;фото отклонено;DESCRIPTION_DECLINE:4194
971007371;17028654;Строительство и ремонт / Электроустановочные изделия / Программируемое реле;Программируемое реле;фото отклонено;DESCRIPTION_DECLINE:4194
971000804;17028654;Строительство и ремонт / Электроустановочные изделия / Контактный зажим для трансформатора;Контактный зажим для трансформатора;не создано;
970978662;17028654;Строительство и ремонт / Электроустановочные изделия / Обогреватель для электротехнических шкафов;Обогреватель для электротехнических шкафов;фото отклонено;DESCRIPTION_DECLINE:4194
970684981;17028654;Строительство и ремонт / Электроустановочные изделия / Гильза соединительная;Гильза соединительная;не создано;
97670;17028654;Строительство и ремонт / Электроустановочные изделия / Автоматический ввод резерва;Автоматический ввод резерва;другая ошибка;DESCRIPTION_DECLINE:22507
971282516;17028654;Строительство и ремонт / Электроустановочные изделия / Устройство плавного пуска;Устройство плавного пуска;фото отклонено;DESCRIPTION_DECLINE:4194
970671669;17028654;Строительство и ремонт / Электроустановочные изделия / Вывод кабеля;Вывод кабеля;фото отклонено;DESCRIPTION_DECLINE:4194
98599;17028654;Строительство и ремонт / Электроустановочные изделия / Кабельная бирка;Кабельная бирка;фото отклонено;DESCRIPTION_DECLINE:4194
97671;17028654;Строительство и ремонт / Электроустановочные изделия / Блок комплексной защиты сети;Блок комплексной защиты сети;не создано;
970692179;17028654;Строительство и ремонт / Электроустановочные изделия / Лицевая панель для розетки, выключателя;Лицевая панель для розетки, выключателя;фото отклонено;DESCRIPTION_DECLINE:4194
971302037;17028654;Строительство и ремонт / Электроустановочные изделия / Комплект для подключения к электроснабжению;Комплект для подключения к электроснабжению;не создано;
971062768;17028654;Строительство и ремонт / Электроустановочные изделия / Аксессуар для телекоммуникационного шкафа;Аксессуар для телекоммуникационного шкафа;фото отклонено;DESCRIPTION_DECLINE:4194
970853534;17028654;Строительство и ремонт / Электроустановочные изделия / Фотореле;Фотореле;не создано;
970743826;17028654;Строительство и ремонт / Электроустановочные изделия / Ответвитель прокалывающий;Ответвитель прокалывающий;не создано;
971026808;17028654;Строительство и ремонт / Электроустановочные изделия / Шина электротехническая;Шина электротехническая;фото отклонено;DESCRIPTION_DECLINE:4194
970897077;17028654;Строительство и ремонт / Электроустановочные изделия / Профиль для защиты кромок;Профиль для защиты кромок;фото отклонено;DESCRIPTION_DECLINE:4194
115012248;17028654;Строительство и ремонт / Электроустановочные изделия / Защита для вилки;Защита для вилки;не создано;
970853539;17028654;Строительство и ремонт / Электроустановочные изделия / Реле контроля уровня;Реле контроля уровня;фото отклонено;DESCRIPTION_DECLINE:4194
970954908;17028654;Строительство и ремонт / Электроустановочные изделия / Радиатор охлаждения реле;Радиатор охлаждения реле;фото отклонено;DESCRIPTION_DECLINE:4194
99388;17028654;Строительство и ремонт / Электроустановочные изделия / Сетевой шнур с вилкой;Сетевой шнур с вилкой;фото отклонено;DESCRIPTION_DECLINE:4194
970791960;17028654;Строительство и ремонт / Электроустановочные изделия / Рубильник;Рубильник;не создано;
970791963;17028654;Строительство и ремонт / Электроустановочные изделия / Силовой ящик с рубильником;Силовой ящик с рубильником;фото отклонено;DESCRIPTION_DECLINE:4194
970791959;17028654;Строительство и ремонт / Электроустановочные изделия / Держатель предохранителя;Держатель предохранителя;не создано;
971066339;17028654;Строительство и ремонт / Электроустановочные изделия / Сигнальная индикаторная лампа;Сигнальная индикаторная лампа;фото отклонено;DESCRIPTION_DECLINE:4194
970791961;17028654;Строительство и ремонт / Электроустановочные изделия / Кнопочный пост;Кнопочный пост;не создано;
970607535;17028654;Строительство и ремонт / Электроустановочные изделия / Телекоммуникационный шкаф;Телекоммуникационный шкаф;фото отклонено;DESCRIPTION_DECLINE:4194
970791966;17028654;Строительство и ремонт / Электроустановочные изделия / Лицевая панель сирены;Лицевая панель сирены;фото отклонено;DESCRIPTION_DECLINE:4194
970946518;17028654;Строительство и ремонт / Электроустановочные изделия / Твердотельное реле;Твердотельное реле;не создано;
970853968;17028654;Строительство и ремонт / Электроустановочные изделия / Переключатель;Переключатель;фото отклонено;DESCRIPTION_DECLINE:4194
971041143;17028654;Строительство и ремонт / Электроустановочные изделия / Конденсатор;Конденсатор;не создано;
970905005;17028654;Строительство и ремонт / Электроустановочные изделия / Устройство защиты от искрения;Устройство защиты от искрения;не создано;
970981338;17028654;Строительство и ремонт / Электроустановочные изделия / Изолятор;Изолятор;фото отклонено;DESCRIPTION_DECLINE:4194
970990352;17028654;Строительство и ремонт / Электроустановочные изделия / Сжим ответвительный;Сжим ответвительный;не создано;
970669896;17028654;Строительство и ремонт / Электроустановочные изделия / Соединительная шина для автоматов;Соединительная шина для автоматов;фото отклонено;DESCRIPTION_DECLINE:4194
970619385;17028654;Строительство и ремонт / Электроустановочные изделия / Втулочный наконечник;Втулочный наконечник;не создано;
971445831;17028654;Строительство и ремонт / Электроустановочные изделия / Автономное устройство пожаротушения;Автономное устройство пожаротушения;не создано;
970960652;17028654;Строительство и ремонт / Электроустановочные изделия / Частотный преобразователь;Частотный преобразователь;фото отклонено;DESCRIPTION_DECLINE:4194
94783;88317021;Строительство и ремонт / Пневмоинструмент / Шуруповерт;Шуруповерт;не создано;
95839;88317021;Строительство и ремонт / Пневмоинструмент / Пистолет для защитных составов;Пистолет для защитных составов;фото отклонено;"DESCRIPTION_DECLINE:4194;DESCRIPTION_DECLINE:22507"
95841;88317021;Строительство и ремонт / Пневмоинструмент / Пистолет продувочный;Пистолет продувочный;фото отклонено;"DESCRIPTION_DECLINE:4194;DESCRIPTION_DECLINE:22507"
97548;88317021;Строительство и ремонт / Пневмоинструмент / Пневмоножовка;Пневмоножовка;не создано;
971133684;88317021;Строительство и ремонт / Пневмоинструмент / Пневмоглушитель;Пневмоглушитель;фото отклонено;DESCRIPTION_DECLINE:4194
94781;88317021;Строительство и ремонт / Пневмоинструмент / Пневмозубило;Пневмозубило;не создано;
94887;88317021;Строительство и ремонт / Пневмоинструмент / Пневмокраскопульт;Пневмокраскопульт;фото отклонено;DESCRIPTION_DECLINE:4194
971478750;88317021;Строительство и ремонт / Пневмоинструмент / Гидравлический гайковерт;Гидравлический гайковерт;фото отклонено;"DESCRIPTION_DECLINE:4194;DESCRIPTION_DECLINE:22507"
94775;88317021;Строительство и ремонт / Пневмоинструмент / Пневмотрещотка;Пневмотрещотка;не создано;
415879941;88317021;Строительство и ремонт / Пневмоинструмент / Хоппер-ковш;Хоппер-ковш;другая ошибка;DESCRIPTION_DECLINE:22507
97549;88317021;Строительство и ремонт / Пневмоинструмент / Пневмомолоток;Пневмомолоток;не создано;
95842;88317021;Строительство и ремонт / Пневмоинструмент / Пистолет пескоструйный;Пистолет пескоструйный;фото отклонено;"DESCRIPTION_DECLINE:4194;DESCRIPTION_DECLINE:22507"
94886;88317021;Строительство и ремонт / Пневмоинструмент / Пневмоаэрограф;Пневмоаэрограф;фото отклонено;DESCRIPTION_DECLINE:4194
98590;88317021;Строительство и ремонт / Пневмоинструмент / Пистолет для краскопульта;Пистолет для краскопульта;фото отклонено;"DESCRIPTION_DECLINE:4194;DESCRIPTION_DECLINE:22507"
971118629;88317021;Строительство и ремонт / Пневмоинструмент / Пневмокромкогиб;Пневмокромкогиб;не создано;
92739;88678206;Строительство и ремонт / Такелаж / Веревка;Веревка;не создано;
98786;88678206;Строительство и ремонт / Такелаж / Трос;Трос;не создано;
743505105;88678206;Строительство и ремонт / Такелаж / Канат;Канат;не создано;
98763;88678206;Строительство и ремонт / Такелаж / Шпагат крепежный;Шпагат крепежный;не создано;
970865205;88678206;Строительство и ремонт / Такелаж / Ременная лента;Ременная лента;фото отклонено;DESCRIPTION_DECLINE:4194
971052268;88678206;Строительство и ремонт / Такелаж / Кольцо сварное;Кольцо сварное;фото отклонено;DESCRIPTION_DECLINE:4194
98779;88678206;Строительство и ремонт / Такелаж / Коуш;Коуш;фото отклонено;"DESCRIPTION_DECLINE:4194;DESCRIPTION_DECLINE:22507"
98765;88678206;Строительство и ремонт / Такелаж / Проволока;Проволока;не создано;
98760;88678206;Строительство и ремонт / Такелаж / Талреп;Талреп;не создано;
970865206;88678206;Строительство и ремонт / Такелаж / Фал крепежный;Фал крепежный;не создано;
95849;17027923;Строительство и ремонт / Оснастка для инструмента / Штуцер;Штуцер;не создано;
971045360;17027923;Строительство и ремонт / Оснастка для инструмента / Виброопора для оборудования;Виброопора для оборудования;фото отклонено;DESCRIPTION_DECLINE:4194
92115;17027923;Строительство и ремонт / Оснастка для инструмента / Плашка метрическая;Плашка метрическая;фото отклонено;DESCRIPTION_DECLINE:4194
971049423;17027923;Строительство и ремонт / Оснастка для инструмента / Пылесборник для сверления, бурения;Пылесборник для сверления, бурения;фото отклонено;DESCRIPTION_DECLINE:4194
95847;17027923;Строительство и ремонт / Оснастка для инструмента / Шланг воздушный;Шланг воздушный;фото отклонено;DESCRIPTION_DECLINE:4194
970618723;17027923;Строительство и ремонт / Оснастка для инструмента / Насадка для монтажной пены;Насадка для монтажной пены;фото отклонено;DESCRIPTION_DECLINE:4194
94878;17027923;Строительство и ремонт / Оснастка для инструмента / Направляющая для инструмента;Направляющая для инструмента;фото отклонено;DESCRIPTION_DECLINE:4194
970679796;17027923;Строительство и ремонт / Оснастка для инструмента / Мешок для сбора абразива;Мешок для сбора абразива;фото отклонено;DESCRIPTION_DECLINE:4194
98595;17027923;Строительство и ремонт / Оснастка для инструмента / Бачок для краскопульта;Бачок для краскопульта;фото отклонено;DESCRIPTION_DECLINE:4194
970939485;17027923;Строительство и ремонт / Оснастка для инструмента / Шпиндель для шлифовальных кругов;Шпиндель для шлифовальных кругов;фото отклонено;DESCRIPTION_DECLINE:4194
970956837;17027923;Строительство и ремонт / Оснастка для инструмента / Топорище;Топорище;фото отклонено;DESCRIPTION_DECLINE:4194
94869;17027923;Строительство и ремонт / Оснастка для инструмента / Гибкий вал для гравера, вибратора;Гибкий вал для гравера, вибратора;фото отклонено;DESCRIPTION_DECLINE:4194
94871;17027923;Строительство и ремонт / Оснастка для инструмента / Держатель для бит, головок;Держатель для бит, головок;фото отклонено;DESCRIPTION_DECLINE:4194
94867;17027923;Строительство и ремонт / Оснастка для инструмента / Бита;Бита;не создано;
970689732;17027923;Строительство и ремонт / Оснастка для инструмента / Ограничитель движения для газонокосилки;Ограничитель движения для газонокосилки;фото отклонено;DESCRIPTION_DECLINE:4194
115947352;17027923;Строительство и ремонт / Оснастка для инструмента / Шприц солидолонагнетательный;Шприц солидолонагнетательный;фото отклонено;DESCRIPTION_DECLINE:4194
115947350;17027923;Строительство и ремонт / Оснастка для инструмента / Фитинг цанговый;Фитинг цанговый;фото отклонено;DESCRIPTION_DECLINE:4194
95843;17027923;Строительство и ремонт / Оснастка для инструмента / Соединитель для шлангов пневмоинструмента;Соединитель для шлангов пневмоинструмента;фото отклонено;DESCRIPTION_DECLINE:4194
970827832;17027923;Строительство и ремонт / Оснастка для инструмента / Регулятор давления для пневмоинструмента;Регулятор давления для пневмоинструмента;фото отклонено;DESCRIPTION_DECLINE:4194
94907;17027923;Строительство и ремонт / Оснастка для инструмента / Зубило для перфоратора;Зубило для перфоратора;фото отклонено;DESCRIPTION_DECLINE:4194
98389;17027923;Строительство и ремонт / Оснастка для инструмента / Насадка для краскопульта;Насадка для краскопульта;не создано;
970985963;17027923;Строительство и ремонт / Оснастка для инструмента / Губки для тисков;Губки для тисков;фото отклонено;DESCRIPTION_DECLINE:4194
94944;17027923;Строительство и ремонт / Оснастка для инструмента / Сопло;Сопло;не создано;
970989390;17027923;Строительство и ремонт / Оснастка для инструмента / Блок подготовки воздуха;Блок подготовки воздуха;не создано;
92146;17027923;Строительство и ремонт / Оснастка для инструмента / Точильный камень, точилка;Точильный камень, точилка;фото отклонено;DESCRIPTION_DECLINE:4194
970792429;17027923;Строительство и ремонт / Оснастка для инструмента / Набор метчиков, плашек;Набор метчиков, плашек;фото отклонено;DESCRIPTION_DECLINE:4194
971366707;17027923;Строительство и ремонт / Оснастка для инструмента / Баллон для газового монтажного пистолета;Баллон для газового монтажного пистолета;фото отклонено;DESCRIPTION_DECLINE:4194
971062475;17027923;Строительство и ремонт / Оснастка для инструмента / Насадка-щетка для гравера;Насадка-щетка для гравера;фото отклонено;DESCRIPTION_DECLINE:4194
970575608;17027923;Строительство и ремонт / Оснастка для инструмента / Координатный стол;Координатный стол;не создано;
970843305;17027923;Строительство и ремонт / Оснастка для инструмента / Насадка на пистолет для клея, герметика;Насадка на пистолет для клея, герметика;фото отклонено;DESCRIPTION_DECLINE:4194
94894;17027923;Строительство и ремонт / Оснастка для инструмента / Цанга;Цанга;другая ошибка;DESCRIPTION_DECLINE:22507
970994407;17027923;Строительство и ремонт / Оснастка для инструмента / Сменное жало для отвертки;Сменное жало для отвертки;фото отклонено;DESCRIPTION_DECLINE:4194
970667837;17027923;Строительство и ремонт / Оснастка для инструмента / Приспособление для фрезерования;Приспособление для фрезерования;фото отклонено;DESCRIPTION_DECLINE:4194
971450455;17027923;Строительство и ремонт / Оснастка для инструмента / Насадка-заклепочник для шуруповерта;Насадка-заклепочник для шуруповерта;фото отклонено;DESCRIPTION_DECLINE:4194
970779324;17027923;Строительство и ремонт / Оснастка для инструмента / Хвостовик для коронки, патрона;Хвостовик для коронки, патрона;фото отклонено;DESCRIPTION_DECLINE:4194
971065702;17027923;Строительство и ремонт / Оснастка для инструмента / Устройство для подачи воды в зону сверления;Устройство для подачи воды в зону сверления;фото отклонено;DESCRIPTION_DECLINE:4194
94934;17027923;Строительство и ремонт / Оснастка для инструмента / Пика для отбойного молотка;Пика для отбойного молотка;фото отклонено;DESCRIPTION_DECLINE:4194
970780405;17027923;Строительство и ремонт / Оснастка для инструмента / Ограничитель глубины сверления;Ограничитель глубины сверления;фото отклонено;DESCRIPTION_DECLINE:4194
970973205;17027923;Строительство и ремонт / Оснастка для инструмента / Клин для топора;Клин для топора;фото отклонено;DESCRIPTION_DECLINE:4194
970575688;17027923;Строительство и ремонт / Оснастка для инструмента / Кондуктор для сверления;Кондуктор для сверления;фото отклонено;DESCRIPTION_DECLINE:4194
97545;17027923;Строительство и ремонт / Оснастка для инструмента / Опорная тарелка, оправка;Опорная тарелка, оправка;фото отклонено;DESCRIPTION_DECLINE:4194
971035163;43429707;Строительство и ремонт / Межкомнатные перегородки / Межкомнатная перегородка;Межкомнатная перегородка;другая ошибка;SPU_ALREADY_EXISTS_IN_ANOTHER_ACCOUNT:0
98291;79531151;Строительство и ремонт / Строительные блоки / Облицовочный кирпич;Облицовочный кирпич;не создано;
971052270;79531151;Строительство и ремонт / Строительные блоки / Строительный кирпич;Строительный кирпич;не создано;
970690472;79531151;Строительство и ремонт / Строительные блоки / Фундаментный блок;Фундаментный блок;не создано;
970690471;79531151;Строительство и ремонт / Строительные блоки / Керамзитобетонный блок;Керамзитобетонный блок;не создано;
970690466;79531151;Строительство и ремонт / Строительные блоки / Стеклоблок;Стеклоблок;не создано;
970797486;86674774;Строительство и ремонт / Оборудование для клининга / Приставка для промышленного пылесоса;Приставка для промышленного пылесоса;не создано;
98393;86674774;Строительство и ремонт / Оборудование для клининга / Строительный пылесос;Строительный пылесос;не создано;
97272;17028957;Строительство и ремонт / Вентиляция / Вентилятор вытяжной;Вентилятор вытяжной;не создано;
971948446;17028957;Строительство и ремонт / Вентиляция / Приточная установка;Приточная установка;не создано;
970955701;17028957;Строительство и ремонт / Вентиляция / Сменный фильтрующий элемент для вентиляции;Сменный фильтрующий элемент для вентиляции;не создано;
96142;19173618;Строительство и ремонт / Паяльное оборудование / Паяльная станция;Паяльная станция;не создано;
96145;19173618;Строительство и ремонт / Паяльное оборудование / Паяльник;Паяльник;не создано;
97760;19173618;Строительство и ремонт / Паяльное оборудование / Паяльный фен;Паяльный фен;не создано;
970878641;19173618;Строительство и ремонт / Паяльное оборудование / Очиститель электронных компонентов;Очиститель электронных компонентов;не создано;
96139;19173618;Строительство и ремонт / Паяльное оборудование / Набор для пайки;Набор для пайки;не создано;
94715;17028946;Строительство и ремонт / Электропилы / Электропила;Электропила;не создано;
94717;17028946;Строительство и ремонт / Электропилы / Лобзик;Лобзик;фото отклонено;DESCRIPTION_DECLINE:4194
971148028;43434359;Строительство и ремонт / Промышленное оборудование и комплектующие / Фильтр промышленный;Фильтр промышленный;другая ошибка;error_card_with_deleted_photos:0
971405519;43434359;Строительство и ремонт / Промышленное оборудование и комплектующие / Скиммер-нефтесборщик;Скиммер-нефтесборщик;не создано;
971148054;43434359;Строительство и ремонт / Промышленное оборудование и комплектующие / Промышленная автоматика;Промышленная автоматика;другая ошибка;error_card_with_deleted_photos:0
970985545;43434359;Строительство и ремонт / Промышленное оборудование и комплектующие / Маркиратор промышленный;Маркиратор промышленный;другая ошибка;error_card_with_deleted_photos:0
971298296;43434359;Строительство и ремонт / Промышленное оборудование и комплектующие / Комплект для бурения скважин;Комплект для бурения скважин;не создано;
971840129;43434359;Строительство и ремонт / Промышленное оборудование и комплектующие / Реактор лабораторный промышленный;Реактор лабораторный промышленный;другая ошибка;error_card_with_deleted_photos:0
971086146;43434359;Строительство и ремонт / Промышленное оборудование и комплектующие / Фитинг трубный промышленный;Фитинг трубный промышленный;другая ошибка;error_card_with_deleted_photos:0
971300086;43434359;Строительство и ремонт / Промышленное оборудование и комплектующие / Пружина сжатия промышленная;Пружина сжатия промышленная;другая ошибка;error_card_with_deleted_photos:0
971404868;43434359;Строительство и ремонт / Промышленное оборудование и комплектующие / Промышленная химия;Промышленная химия;другая ошибка;error_card_with_deleted_photos:0
971149516;43434359;Строительство и ремонт / Промышленное оборудование и комплектующие / Автоматический лубрикатор промышленный;Автоматический лубрикатор промышленный;не создано;
971148005;43434359;Строительство и ремонт / Промышленное оборудование и комплектующие / Пневмоцилиндр промышленный;Пневмоцилиндр промышленный;другая ошибка;error_card_with_deleted_photos:0
970987114;43434359;Строительство и ремонт / Промышленное оборудование и комплектующие / Конвейерное оборудование;Конвейерное оборудование;не создано;
971148042;43434359;Строительство и ремонт / Промышленное оборудование и комплектующие / Площадочный вибратор;Площадочный вибратор;другая ошибка;error_card_with_deleted_photos:0
971293378;43434359;Строительство и ремонт / Промышленное оборудование и комплектующие / Калибр промышленный;Калибр промышленный;другая ошибка;error_card_with_deleted_photos:0
971446010;43434359;Строительство и ремонт / Промышленное оборудование и комплектующие / Компрессорное оборудование;Компрессорное оборудование;другая ошибка;error_card_with_deleted_photos:0
971147964;43434359;Строительство и ремонт / Промышленное оборудование и комплектующие / Дисковый поворотный затвор;Дисковый поворотный затвор;другая ошибка;error_card_with_deleted_photos:0
971086145;43434359;Строительство и ремонт / Промышленное оборудование и комплектующие / Арматура промышленная;Арматура промышленная;другая ошибка;error_card_with_deleted_photos:0
971026885;43434359;Строительство и ремонт / Промышленное оборудование и комплектующие / Аксессуары для промышленного оборудования;Аксессуары для промышленного оборудования;другая ошибка;error_card_with_deleted_photos:0
971149900;43434359;Строительство и ремонт / Промышленное оборудование и комплектующие / Армированная манжета, сальник;Армированная манжета, сальник;другая ошибка;error_card_with_deleted_photos:0
971086144;43434359;Строительство и ремонт / Промышленное оборудование и комплектующие / Промышленный рукав;Промышленный рукав;не создано;
971148047;43434359;Строительство и ремонт / Промышленное оборудование и комплектующие / Насос промышленный;Насос промышленный;не создано;
970985544;43434359;Строительство и ремонт / Промышленное оборудование и комплектующие / Оборудование для розлива жидкостей;Оборудование для розлива жидкостей;другая ошибка;error_card_with_deleted_photos:0
970904987;87241318;Строительство и ремонт / Лестницы стационарные / Крыльцо дома;Крыльцо дома;не создано;
970828809;87241318;Строительство и ремонт / Лестницы стационарные / Перила, поручни;Перила, поручни;не создано;
970797561;17028952;Строительство и ремонт / Строительная химия / Полиэфирная смола;Полиэфирная смола;другая ошибка;error_card_with_deleted_photos:0
94926;17028952;Строительство и ремонт / Строительная химия / Масло, смазка строительная;Масло, смазка строительная;не создано;
97202;17028952;Строительство и ремонт / Строительная химия / Заполнитель для дерева;Заполнитель для дерева;не создано;
99492;17028952;Строительство и ремонт / Строительная химия / Уплотнительная паста;Уплотнительная паста;другая ошибка;error_card_with_deleted_photos:0
970987620;17028952;Строительство и ремонт / Строительная химия / Разглаживающее средство для герметиков;Разглаживающее средство для герметиков;другая ошибка;error_card_with_deleted_photos:0
138839282;17028952;Строительство и ремонт / Строительная химия / Аэрозольная краска;Аэрозольная краска;не создано;
970995930;17028952;Строительство и ремонт / Строительная химия / Контактная проводящая паста;Контактная проводящая паста;другая ошибка;error_card_with_deleted_photos:0
970943338;17028952;Строительство и ремонт / Строительная химия / Обезжириватель поверхности;Обезжириватель поверхности;не создано;
971807694;17028952;Строительство и ремонт / Строительная химия / Гелькоут;Гелькоут;другая ошибка;error_card_with_deleted_photos:0
970808236;17028952;Строительство и ремонт / Строительная химия / Олифа;Олифа;не создано;
96657;17028952;Строительство и ремонт / Строительная химия / Строительный антисептик;Строительный антисептик;другая ошибка;error_card_with_deleted_photos:0
970636115;17028952;Строительство и ремонт / Строительная химия / Масло для дерева;Масло для дерева;не создано;
94932;17028952;Строительство и ремонт / Строительная химия / Паста полировальная;Паста полировальная;другая ошибка;error_card_with_deleted_photos:0
971046226;17028952;Строительство и ремонт / Строительная химия / Набор для реставрации поверхности;Набор для реставрации поверхности;не создано;
504866204;17028952;Строительство и ремонт / Строительная химия / Штрих мебельный;Штрих мебельный;другая ошибка;error_card_with_deleted_photos:0
970797101;17028952;Строительство и ремонт / Строительная химия / Толуол;Толуол;не создано;
970797098;17028952;Строительство и ремонт / Строительная химия / Скипидар;Скипидар;не создано;
970797097;17028952;Строительство и ремонт / Строительная химия / Отбеливатель для древесины;Отбеливатель для древесины;не создано;
970797145;17028952;Строительство и ремонт / Строительная химия / Ацетон технический;Ацетон технический;не создано;
869341679;17028952;Строительство и ремонт / Строительная химия / Эпоксидная смола;Эпоксидная смола;другая ошибка;error_card_with_deleted_photos:0
96664;17028952;Строительство и ремонт / Строительная химия / Эмаль;Эмаль;не создано;
970797102;17028952;Строительство и ремонт / Строительная химия / Ксилол;Ксилол;не создано;
971807689;17028952;Строительство и ремонт / Строительная химия / Разделитель для смол;Разделитель для смол;другая ошибка;error_card_with_deleted_photos:0
971007517;17028952;Строительство и ремонт / Строительная химия / Состав для холодного цинкования;Состав для холодного цинкования;не создано;
971004223;17028952;Строительство и ремонт / Строительная химия / Паста реставрационная;Паста реставрационная;другая ошибка;error_card_with_deleted_photos:0
970862369;17028952;Строительство и ремонт / Строительная химия / Реагент для систем отопления;Реагент для систем отопления;не создано;
971167419;17028952;Строительство и ремонт / Строительная химия / Функциональная добавка к ЛКМ;Функциональная добавка к ЛКМ;не создано;
971807683;17028952;Строительство и ремонт / Строительная химия / Наполнитель для смол;Наполнитель для смол;другая ошибка;error_card_with_deleted_photos:0
970971252;17028952;Строительство и ремонт / Строительная химия / Разбавитель строительный;Разбавитель строительный;не создано;
99526;17028952;Строительство и ремонт / Строительная химия / Монтажная пена;Монтажная пена;не создано;
97201;17028952;Строительство и ремонт / Строительная химия / Декоративная лазурь;Декоративная лазурь;не создано;
970675291;17028952;Строительство и ремонт / Строительная химия / Раствор для расшивки;Раствор для расшивки;не создано;
970947049;17028952;Строительство и ремонт / Строительная химия / Замазка оконная;Замазка оконная;другая ошибка;error_card_with_deleted_photos:0
970802313;17028952;Строительство и ремонт / Строительная химия / Набор тестеров краски;Набор тестеров краски;не создано;
970809111;17028952;Строительство и ремонт / Строительная химия / Активатор монтажной пены, герметика;Активатор монтажной пены, герметика;другая ошибка;error_card_with_deleted_photos:0
97438;17028952;Строительство и ремонт / Строительная химия / Герметик;Герметик;другая ошибка;error_card_with_deleted_photos:0
970835974;17028952;Строительство и ремонт / Строительная химия / Жидкий акрил для ванн;Жидкий акрил для ванн;другая ошибка;error_card_with_deleted_photos:0
970851837;17028952;Строительство и ремонт / Строительная химия / Жидкое противоскользящее покрытие;Жидкое противоскользящее покрытие;не создано;
970579636;17028952;Строительство и ремонт / Строительная химия / Теплоноситель;Теплоноситель;другая ошибка;error_card_with_deleted_photos:0
97434;17028952;Строительство и ремонт / Строительная химия / Затирка;Затирка;другая ошибка;error_card_with_deleted_photos:0
115949781;17028952;Строительство и ремонт / Строительная химия / Очиститель строительный;Очиститель строительный;не создано;
97203;17028952;Строительство и ремонт / Строительная химия / Защитная лазурь;Защитная лазурь;не создано;
970692159;17028952;Строительство и ремонт / Строительная химия / Напыляемый утеплитель;Напыляемый утеплитель;не создано;
970824559;17028952;Строительство и ремонт / Строительная химия / Полиуретан литьевой;Полиуретан литьевой;не создано;
970797146;17028952;Строительство и ремонт / Строительная химия / Керосин;Керосин;не создано;
971425793;17028952;Строительство и ремонт / Строительная химия / Пропитка;Пропитка;другая ошибка;error_card_with_deleted_photos:0
97204;17028952;Строительство и ремонт / Строительная химия / Морилка;Морилка;другая ошибка;error_card_with_deleted_photos:0
970797099;17028952;Строительство и ремонт / Строительная химия / Уайт-спирит;Уайт-спирит;другая ошибка;error_card_with_deleted_photos:0
96659;17028952;Строительство и ремонт / Строительная химия / Краска;Краска;не создано;
99108;17028952;Строительство и ремонт / Строительная химия / Состав для теплоизоляции;Состав для теплоизоляции;не создано;
96660;17028952;Строительство и ремонт / Строительная химия / Лак строительный;Лак строительный;не создано;
504866200;17028952;Строительство и ремонт / Строительная химия / Воск для мебели;Воск для мебели;не создано;
97205;17028952;Строительство и ремонт / Строительная химия / Грунтовка;Грунтовка;другая ошибка;error_card_with_deleted_photos:0
970965004;17028952;Строительство и ремонт / Строительная химия / Грунт-эмаль;Грунт-эмаль;другая ошибка;error_card_with_deleted_photos:0
970579655;17028952;Строительство и ремонт / Строительная химия / Средство для промывки теплообменников;Средство для промывки теплообменников;не создано;
971424457;17028952;Строительство и ремонт / Строительная химия / Комплект лакокрасочных материалов;Комплект лакокрасочных материалов;не создано;
99117;17028952;Строительство и ремонт / Строительная химия / Компаунд;Компаунд;не создано;
970800574;17028952;Строительство и ремонт / Строительная химия / Маркер для плиточных швов;Маркер для плиточных швов;не создано;
971683290;17028952;Строительство и ремонт / Строительная химия / Порошковая краска;Порошковая краска;не создано;
971014879;17028952;Строительство и ремонт / Строительная химия / Охлаждающая жидкость для сварки, резки;Охлаждающая жидкость для сварки, резки;другая ошибка;error_card_with_deleted_photos:0
971075407;17028952;Строительство и ремонт / Строительная химия / Жидкость для резки стекла;Жидкость для резки стекла;не создано;
96658;17028952;Строительство и ремонт / Строительная химия / Колер;Колер;не создано;
972271492;17028952;Строительство и ремонт / Строительная химия / Колерованная краска;Колерованная краска;не создано;
970699847;17028952;Строительство и ремонт / Строительная химия / Абразив для пескоструйных аппаратов;Абразив для пескоструйных аппаратов;не создано;
96663;17028952;Строительство и ремонт / Строительная химия / Растворитель строительный;Растворитель строительный;не создано;
970859648;17028952;Строительство и ремонт / Строительная химия / Отвердитель строительный;Отвердитель строительный;не создано;
970955994;17028952;Строительство и ремонт / Строительная химия / Воск интерьерный;Воск интерьерный;не создано;
94927;17028952;Строительство и ремонт / Строительная химия / Меловой порошок, краска;Меловой порошок, краска;другая ошибка;error_card_with_deleted_photos:0
970975861;17028952;Строительство и ремонт / Строительная химия / Литьевой мрамор для ванн;Литьевой мрамор для ванн;не создано;
504866203;17028952;Строительство и ремонт / Строительная химия / Маркер для мебели;Маркер для мебели;не создано;
970867131;17028952;Строительство и ремонт / Строительная химия / Защитное средство систем отопления;Защитное средство систем отопления;другая ошибка;error_card_with_deleted_photos:0
971080318;17028952;Строительство и ремонт / Строительная химия / Покрытие липкое противопылевое;Покрытие липкое противопылевое;не создано;
970797144;17028952;Строительство и ремонт / Строительная химия / Сольвент;Сольвент;не создано;
970873235;200001698;Строительство и ремонт / Аксессуары, комплектующие для бытового освещения / Плафон;Плафон;не создано;
970824551;200001698;Строительство и ремонт / Аксессуары, комплектующие для бытового освещения / Блок питания освещения;Блок питания освещения;не создано;
971324458;17027913;Строительство и ремонт / Лестницы и стремянки / Чердачная лестница;Чердачная лестница;другая ошибка;ML_INCORRECT_VOLUME_WEIGHT:0
971076471;17027913;Строительство и ремонт / Лестницы и стремянки / Строительные леса;Строительные леса;другая ошибка;INCORRECT_DIMENSION:0
863153711;17027913;Строительство и ремонт / Лестницы и стремянки / Строительные ходули;Строительные ходули;не создано;
99321;17027913;Строительство и ремонт / Лестницы и стремянки / Стационарная лестница;Стационарная лестница;другая ошибка;ML_INCORRECT_VOLUME_WEIGHT:0
970628976;17028657;Строительство и ремонт / Силовая техника и оборудование / Распылитель строительный;Распылитель строительный;не создано;
971305813;17028657;Строительство и ремонт / Силовая техника и оборудование / Запчасти для штукатурных станций;Запчасти для штукатурных станций;не создано;
94722;17028657;Строительство и ремонт / Силовая техника и оборудование / Вибротрамбовка;Вибротрамбовка;не создано;
177860614;17028657;Строительство и ремонт / Силовая техника и оборудование / Бетономешалка;Бетономешалка;другая ошибка;ML_INCORRECT_VOLUME_WEIGHT:0
971313216;17028657;Строительство и ремонт / Силовая техника и оборудование / Расходные материалы для бетономешалок;Расходные материалы для бетономешалок;другая ошибка;ML_INCORRECT_VOLUME_WEIGHT:0
971116822;17028657;Строительство и ремонт / Силовая техника и оборудование / Виброприсоска для укладки плитки;Виброприсоска для укладки плитки;не создано;
94723;17028657;Строительство и ремонт / Силовая техника и оборудование / Глубинный вибратор;Глубинный вибратор;не создано;
970719129;17028657;Строительство и ремонт / Силовая техника и оборудование / Растворосмеситель;Растворосмеситель;другая ошибка;ML_INCORRECT_VOLUME_WEIGHT:0
972076184;200001519;Одежда / Одежда для малышей / Кигуруми для малышей;Кигуруми для малышей;не создано;
972076189;200001519;Одежда / Одежда для малышей / Костюм для малышей;Костюм для малышей;не создано;
115944685;200001519;Одежда / Одежда для малышей / Пинетки;Пинетки;не создано;
972076186;200001519;Одежда / Одежда для малышей / Полукомбинезон для малышей;Полукомбинезон для малышей;не создано;
972076196;200001519;Одежда / Одежда для малышей / Легинсы для малышей;Легинсы для малышей;не создано;
972076154;200001519;Одежда / Одежда для малышей / Шорты для малышей;Шорты для малышей;не создано;
972076180;200001519;Одежда / Одежда для малышей / Халат для малышей;Халат для малышей;не создано;
972076210;200001519;Одежда / Одежда для малышей / Юбка для малышей;Юбка для малышей;не создано;
970744798;200001519;Одежда / Одежда для малышей / Кофточка для новорожденного;Кофточка для новорожденного;не создано;
972076207;200001519;Одежда / Одежда для малышей / Лонгслив для малышей;Лонгслив для малышей;не создано;
972076202;200001519;Одежда / Одежда для малышей / Платье для малышей;Платье для малышей;не создано;
972076152;200001519;Одежда / Одежда для малышей / Джинсы для малышей;Джинсы для малышей;не создано;
972076209;200001519;Одежда / Одежда для малышей / Футболка для малышей;Футболка для малышей;не создано;
972076162;200001519;Одежда / Одежда для малышей / Куртка для малышей;Куртка для малышей;не создано;
972076192;200001519;Одежда / Одежда для малышей / Рубашка для малышей;Рубашка для малышей;не создано;
972076205;200001519;Одежда / Одежда для малышей / Толстовка для малышей;Толстовка для малышей;не создано;
972076179;200001519;Одежда / Одежда для малышей / Пижама для малышей;Пижама для малышей;не создано;
972076185;200001519;Одежда / Одежда для малышей / Комбинезон для малышей;Комбинезон для малышей;не создано;
970672107;200001519;Одежда / Одежда для малышей / Песочник;Песочник;не создано;
972076188;200001519;Одежда / Одежда для малышей / Комплект нательный для малышей;Комплект нательный для малышей;не создано;
972076204;200001519;Одежда / Одежда для малышей / Свитшот для малышей;Свитшот для малышей;не создано;
972076150;200001519;Одежда / Одежда для малышей / Брюки для малышей;Брюки для малышей;не создано;
972076190;200001519;Одежда / Одежда для малышей / Блузка для малышей;Блузка для малышей;не создано;
972076183;200001519;Одежда / Одежда для малышей / Карнавальный костюм для малышей;Карнавальный костюм для малышей;не создано;
972076201;200001519;Одежда / Одежда для малышей / Пиджак для малышей;Пиджак для малышей;не создано;
972076197;200001519;Одежда / Одежда для малышей / Майка для малышей;Майка для малышей;не создано;
972076199;200001519;Одежда / Одежда для малышей / Крестильная одежда для малышей;Крестильная одежда для малышей;не создано;
972076182;200001519;Одежда / Одежда для малышей / Жилет для малышей;Жилет для малышей;не создано;
93193;200001519;Одежда / Одежда для малышей / Ползунки;Ползунки;не создано;
972076133;200001518;Одежда / Белье для малышей / Термошорты для малышей;Термошорты для малышей;не создано;
972076128;200001518;Одежда / Белье для малышей / Термокомплект для малышей;Термокомплект для малышей;не создано;
972076140;200001518;Одежда / Белье для малышей / Комплект белья для малышей;Комплект белья для малышей;не создано;
972076125;200001518;Одежда / Белье для малышей / Купальник для малышей;Купальник для малышей;не создано;
972076141;200001518;Одежда / Белье для малышей / Носки для малышей;Носки для малышей;не создано;
972076146;200001518;Одежда / Белье для малышей / Удлинитель для боди;Удлинитель для боди;не создано;
972076134;200001518;Одежда / Белье для малышей / Колготки для малышей;Колготки для малышей;не создано;
972076144;200001518;Одежда / Белье для малышей / Майка бельевая для малышей;Майка бельевая для малышей;не создано;
972076126;200001518;Одежда / Белье для малышей / Термокофта для малышей;Термокофта для малышей;не создано;
972076145;200001518;Одежда / Белье для малышей / Боди для малышей;Боди для малышей;не создано;
972076127;200001518;Одежда / Белье для малышей / Термокомбинезон для малышей;Термокомбинезон для малышей;не создано;
972076137;200001518;Одежда / Белье для малышей / Трусы для малышей;Трусы для малышей;не создано;
972076130;200001518;Одежда / Белье для малышей / Термомайка для малышей;Термомайка для малышей;не создано;
970948371;200001517;Одежда / Белье / Корсет;Корсет;не создано;
93229;200001517;Одежда / Белье / Термошорты;Термошорты;не создано;
970675143;200001517;Одежда / Белье / Термолонгслив;Термолонгслив;не создано;
93225;200001517;Одежда / Белье / Комплект термобелья;Комплект термобелья;не создано;
93179;200001517;Одежда / Белье / Плавки купальные;Плавки купальные;не создано;
93049;200001517;Одежда / Белье / Боди;Боди;не создано;
970630836;200001517;Одежда / Белье / Бандалетки;Бандалетки;не создано;
970662328;200001517;Одежда / Белье / Портянки;Портянки;не создано;
971151880;200001517;Одежда / Белье / Баска;Баска;не создано;
93120;200001517;Одежда / Белье / Белье корректирующее;Белье корректирующее;не создано;
970669865;200001517;Одежда / Белье / Аксессуар для бюстгальтера;Аксессуар для бюстгальтера;не создано;
99523;200001517;Одежда / Белье / Бандаж для беременных;Бандаж для беременных;не создано;
93256;200001517;Одежда / Белье / Чулки;Чулки;не создано;
93065;200001517;Одежда / Белье / Бюстгальтер;Бюстгальтер;не создано;
59227236;200001517;Одежда / Белье / Лиф купальный;Лиф купальный;не создано;
93190;200001517;Одежда / Белье / Подследники;Подследники;не создано;
970617577;200001517;Одежда / Белье / Комплект трусов;Комплект трусов;не создано;
97501;200001517;Одежда / Белье / Майка бельевая;Майка бельевая;не создано;
93170;200001517;Одежда / Белье / Пеньюар;Пеньюар;не создано;
93091;200001517;Одежда / Белье / Кальсоны;Кальсоны;не создано;
93203;200001517;Одежда / Белье / Пояс для чулок;Пояс для чулок;не создано;
93224;200001517;Одежда / Белье / Термобрюки;Термобрюки;не создано;
93077;200001517;Одежда / Белье / Гольфы;Гольфы;не создано;
93238;200001517;Одежда / Белье / Трусы;Трусы;не создано;
93102;200001517;Одежда / Белье / Комбинация;Комбинация;не создано;
98443;200001517;Одежда / Белье / Термомайка;Термомайка;не создано;
93107;200001517;Одежда / Белье / Комплект нижнего белья;Комплект нижнего белья;не создано;
97197;200001517;Одежда / Белье / Термокомбинезон;Термокомбинезон;не создано;
93189;200001517;Одежда / Белье / Подвязка;Подвязка;не создано;
93075;200001517;Одежда / Белье / Гетры;Гетры;не создано;
96507;200001479;Одежда / Одежда и аксессуары эротические / БДСМ одежда;БДСМ одежда;не создано;
93281;200001479;Одежда / Одежда и аксессуары эротические / Эротическое белье;Эротическое белье;не создано;
93206;200001479;Одежда / Одежда и аксессуары эротические / Пэстисы;Пэстисы;другая ошибка;INCORRECT_DIMENSION:0
93183;200001479;Одежда / Одежда и аксессуары эротические / Платье гоу-гоу;Платье гоу-гоу;не создано;
93125;200001479;Одежда / Одежда и аксессуары эротические / Костюм для ролевых игр;Костюм для ролевых игр;не создано;
970877574;200001479;Одежда / Одежда и аксессуары эротические / Портупея эротическая;Портупея эротическая;другая ошибка;INCORRECT_DIMENSION:0
93137;200000933;Одежда / Одежда / Куртка;Куртка;не создано;
93232;200000933;Одежда / Одежда / Толстовка;Толстовка;не создано;
93216;200000933;Одежда / Одежда / Свитшот;Свитшот;не создано;
971061641;200000933;Одежда / Одежда / Килт;Килт;не создано;
93199;200000933;Одежда / Одежда / Полукомбинезон утепленный;Полукомбинезон утепленный;не создано;
93103;200000933;Одежда / Одежда / Комбинезон;Комбинезон;не создано;
970590515;200000933;Одежда / Одежда / Полукомбинезон;Полукомбинезон;не создано;
93175;200000933;Одежда / Одежда / Пиджак;Пиджак;не создано;
970988994;200000933;Одежда / Одежда / Накидка пляжная;Накидка пляжная;не создано;
93067;200000933;Одежда / Одежда / Ветровка;Ветровка;не создано;
93118;200000933;Одежда / Одежда / Конверт для новорожденного;Конверт для новорожденного;не создано;
97009;200000933;Одежда / Одежда / Олимпийка;Олимпийка;не создано;
93150;200000933;Одежда / Одежда / Майка;Майка;не создано;
93241;200000933;Одежда / Одежда / Туника;Туника;не создано;
93072;200000933;Одежда / Одежда / Водолазка;Водолазка;не создано;
93166;200000933;Одежда / Одежда / Пальто;Пальто;не создано;
970996947;200000933;Одежда / Одежда / Воротник съемный;Воротник съемный;другая ошибка;INCORRECT_DIMENSION:0
93214;200000933;Одежда / Одежда / Свитер;Свитер;не создано;
93182;200000933;Одежда / Одежда / Платье;Платье;не создано;
93051;200000933;Одежда / Одежда / Болеро;Болеро;не создано;
971107305;200000933;Одежда / Одежда / Подъюбник;Подъюбник;не создано;
93144;200000933;Одежда / Одежда / Легинсы;Легинсы;не создано;
785353054;200000933;Одежда / Одежда / Велосипедки;Велосипедки;не создано;
970785888;200000933;Одежда / Одежда / Пеленка-кокон;Пеленка-кокон;не создано;
93194;200000933;Одежда / Одежда / Поло;Поло;не создано;
93086;200000933;Одежда / Одежда / Жилет;Жилет;не создано;
93272;200000933;Одежда / Одежда / Шорты;Шорты;не создано;
970585480;200000933;Одежда / Одежда / Анорак;Анорак;не создано;
93092;200000933;Одежда / Одежда / Кардиган;Кардиган;не создано;
93105;200000933;Одежда / Одежда / Комбинезон утепленный;Комбинезон утепленный;не создано;
93109;200000933;Одежда / Одежда / Комплект на выписку;Комплект на выписку;не создано;
93148;200000933;Одежда / Одежда / Лонгслив;Лонгслив;не создано;
971979781;200000933;Одежда / Одежда / Дубленка искусственная;Дубленка искусственная;не создано;
970696767;200000933;Одежда / Одежда / Форма волейбольная;Форма волейбольная;не создано;
971979782;200000933;Одежда / Одежда / Шуба искусственная;Шуба искусственная;не создано;
93079;200000933;Одежда / Одежда / Джемпер;Джемпер;не создано;
93133;200000933;Одежда / Одежда / Одежда для крещения;Одежда для крещения;не создано;
93221;200000933;Одежда / Одежда / Костюм спортивный;Костюм спортивный;не создано;
115951186;200000933;Одежда / Одежда / Колготки компрессионные;Колготки компрессионные;другая ошибка;INCORRECT_DIMENSION:0
93084;200000933;Одежда / Одежда / Дубленка натуральная;Дубленка натуральная;не создано;
97151;200000933;Одежда / Одежда / Пончо;Пончо;не создано;
93279;200000933;Одежда / Одежда / Шуба натуральная;Шуба натуральная;не создано;
93176;200000933;Одежда / Одежда / Пижама;Пижама;не создано;
97010;200000933;Одежда / Одежда / Парка;Парка;не создано;
93108;200000933;Одежда / Одежда / Комплект верхней одежды;Комплект верхней одежды;не создано;
93493;200000933;Одежда / Одежда / Пеленка для малышей;Пеленка для малышей;не создано;
93253;200000933;Одежда / Одежда / Худи;Худи;не создано;
971011003;200000933;Одежда / Одежда / Форма баскетбольная;Форма баскетбольная;не создано;
93168;200000933;Одежда / Одежда / Парео;Парео;другая ошибка;INCORRECT_DIMENSION:0
971405351;200000933;Одежда / Одежда / Манжет одежный;Манжет одежный;другая ошибка;INCORRECT_DIMENSION:0
971079131;200000933;Одежда / Одежда / Форма футбольная;Форма футбольная;не создано;
96729;200000933;Одежда / Одежда / Карнавальная одежда;Карнавальная одежда;не создано;
970960142;200000933;Одежда / Одежда / Ночная сорочка;Ночная сорочка;не создано;
30802055;200000933;Одежда / Одежда / Чулки компрессионные;Чулки компрессионные;не создано;
93186;200000933;Одежда / Одежда / Плащ;Плащ;не создано;
93205;200000933;Одежда / Одежда / Пуховик;Пуховик;не создано;
970943350;200000933;Одежда / Одежда / Ростовая кукла;Ростовая кукла;не создано;
608042980;200000933;Одежда / Одежда / Фартук школьный;Фартук школьный;не создано;
93080;200000933;Одежда / Одежда / Джинсы;Джинсы;не создано;
94185;200000933;Одежда / Одежда / Компрессионные носки;Компрессионные носки;не создано;
504866259;200000933;Одежда / Одежда / Кигуруми;Кигуруми;не создано;
93082;200000933;Одежда / Одежда / Дождевик;Дождевик;не создано;
93114;200000933;Одежда / Одежда / Гетры компрессионные;Гетры компрессионные;не создано;
115949936;200000933;Одежда / Одежда / Рашгард;Рашгард;не создано;
93115;200000933;Одежда / Одежда / Гольфы компрессионные;Гольфы компрессионные;не создано;
93211;200000933;Одежда / Одежда / Сарафан;Сарафан;не создано;
970658743;200000933;Одежда / Одежда / Фата;Фата;не создано;
97183;200000933;Одежда / Одежда / Бомбер;Бомбер;не создано;
93112;200000933;Одежда / Одежда / Комплект одежды;Комплект одежды;не создано;
93053;200000933;Одежда / Одежда / Бриджи;Бриджи;не создано;
93251;200000933;Одежда / Одежда / Халат;Халат;не создано;
127068840;41777465;Одежда / Аксессуары / Хиджаб;Хиджаб;не создано;
93155;41777465;Одежда / Аксессуары / Наушники меховые;Наушники меховые;не создано;
93154;41777465;Одежда / Аксессуары / Напульсник;Напульсник;не создано;
93093;41777465;Одежда / Аксессуары / Кепка;Кепка;не создано;
971102345;41777465;Одежда / Аксессуары / Муфта для рук;Муфта для рук;не создано;
93270;41777465;Одежда / Аксессуары / Шляпа;Шляпа;не создано;
93208;41777465;Одежда / Аксессуары / Ремень;Ремень;не создано;
93037;41777465;Одежда / Аксессуары / Бабочка;Бабочка;другая ошибка;INCORRECT_DIMENSION:0
93153;41777465;Одежда / Аксессуары / Митенки;Митенки;не создано;
970886196;41777465;Одежда / Аксессуары / Капор;Капор;не создано;
93201;41777465;Одежда / Аксессуары / Пояс;Пояс;другая ошибка;INCORRECT_DIMENSION:0
93257;41777465;Одежда / Аксессуары / Шаль;Шаль;другая ошибка;INCORRECT_DIMENSION:0
93066;41777465;Одежда / Аксессуары / Варежки;Варежки;не создано;
970877531;41777465;Одежда / Аксессуары / Головной убор форменный;Головной убор форменный;не создано;
971302346;41777465;Одежда / Аксессуары / Докер;Докер;не создано;
97199;41777465;Одежда / Аксессуары / Балаклава;Балаклава;не создано;
93258;41777465;Одежда / Аксессуары / Шапка;Шапка;не создано;
762509127;41777465;Одежда / Аксессуары / Портупея;Портупея;не создано;
93165;41777465;Одежда / Аксессуары / Палантин;Палантин;другая ошибка;INCORRECT_DIMENSION:0
93073;41777465;Одежда / Аксессуары / Галстук;Галстук;другая ошибка;INCORRECT_DIMENSION:0
93078;41777465;Одежда / Аксессуары / Горжетка;Горжетка;другая ошибка;INCORRECT_DIMENSION:0
93099;41777465;Одежда / Аксессуары / Козырек;Козырек;не создано;
93045;41777465;Одежда / Аксессуары / Берет;Берет;не создано;
93254;41777465;Одежда / Аксессуары / Чепчик для новорожденных;Чепчик для новорожденных;не создано;
93167;41777465;Одежда / Аксессуары / Панама;Панама;не создано;
93263;41777465;Одежда / Аксессуары / Шарф;Шарф;не создано;
93040;41777465;Одежда / Аксессуары / Бейсболка;Бейсболка;не создано;
93188;41777465;Одежда / Аксессуары / Повязка на голову;Повязка на голову;не создано;
970676618;41777465;Одежда / Аксессуары / Маска-повязка на лицо;Маска-повязка на лицо;не создано;
93191;41777465;Одежда / Аксессуары / Подтяжки;Подтяжки;другая ошибка;INCORRECT_DIMENSION:0
970859605;200001521;Одежда / Спецодежда / Форма военная;Форма военная;не создано;
970685040;200001521;Одежда / Спецодежда / Фартук рабочий;Фартук рабочий;не создано;
93243;200001521;Одежда / Спецодежда / Форма силовых структур;Форма силовых структур;не создано;
504970136;200001521;Одежда / Спецодежда / Китель;Китель;не создано;
971369518;200001521;Одежда / Спецодежда / Одежда для священнослужителя;Одежда для священнослужителя;не создано;
970685019;200001521;Одежда / Спецодежда / Блузка рабочая;Блузка рабочая;не создано;
970948321;200001521;Одежда / Спецодежда / Костюм антиклещевой;Костюм антиклещевой;не создано;
93129;200001521;Одежда / Спецодежда / Костюм рабочий;Костюм рабочий;не создано;
93059;200001521;Одежда / Спецодежда / Брюки рабочие;Брюки рабочие;не создано;
93124;200001521;Одежда / Спецодежда / Костюм тактический;Костюм тактический;не создано;
970806010;200001521;Одежда / Спецодежда / Брюки тактические;Брюки тактические;не создано;
93139;200001521;Одежда / Спецодежда / Куртка рабочая;Куртка рабочая;не создано;
970806009;200001521;Одежда / Спецодежда / Рубашка тактическая;Рубашка тактическая;не создано;
97337;200001521;Одежда / Спецодежда / Халат рабочий;Халат рабочий;не создано;
93198;200001521;Одежда / Спецодежда / Полукомбинезон рабочий;Полукомбинезон рабочий;не создано;
970851878;200001521;Одежда / Спецодежда / Одежда антимоскитная;Одежда антимоскитная;не создано;
970685035;200001521;Одежда / Спецодежда / Комбинезон рабочий;Комбинезон рабочий;не создано;
971447083;200001521;Одежда / Спецодежда / Головной убор рабочий;Головной убор рабочий;не создано;
93076;200001520;Одежда / Спортивная одежда / Одежда для гимнастики;Одежда для гимнастики;не создано;
970702269;200001520;Одежда / Спортивная одежда / Одежда для фигурного катания;Одежда для фигурного катания;не создано;
970670105;200001520;Одежда / Спортивная одежда / Одежда для танцев;Одежда для танцев;не создано;
93202;200001520;Одежда / Спортивная одежда / Пояс для единоборств;Пояс для единоборств;не создано;
970696767;200001520;Одежда / Спортивная одежда / Форма волейбольная;Форма волейбольная;не создано;
94188;200001520;Одежда / Спортивная одежда / Костюм-сауна для похудения;Костюм-сауна для похудения;не создано;
972079086;200001520;Одежда / Спортивная одежда / Куртка сноубордическая;Куртка сноубордическая;не создано;
115951169;200001520;Одежда / Спортивная одежда / Бахилы зимние;Бахилы зимние;не создано;
970684972;200001520;Одежда / Спортивная одежда / Одежда для мотоспорта;Одежда для мотоспорта;не создано;
970963738;200001520;Одежда / Спортивная одежда / Одежда для конькобежного спорта;Одежда для конькобежного спорта;не создано;
970695812;200001520;Одежда / Спортивная одежда / Одежда для триатлона;Одежда для триатлона;не создано;
970667771;200001520;Одежда / Спортивная одежда / Одежда для фехтования;Одежда для фехтования;не создано;
972079085;200001520;Одежда / Спортивная одежда / Куртка горнолыжная;Куртка горнолыжная;не создано;
972079092;200001520;Одежда / Спортивная одежда / Комбинезон горнолыжный;Комбинезон горнолыжный;не создано;
972079096;200001520;Одежда / Спортивная одежда / Костюм горнолыжный;Костюм горнолыжный;не создано;
971011003;200001520;Одежда / Спортивная одежда / Форма баскетбольная;Форма баскетбольная;не создано;
970984829;200001520;Одежда / Спортивная одежда / Одежда для гребли;Одежда для гребли;не создано;
96718;200001520;Одежда / Спортивная одежда / Вейдерсы;Вейдерсы;не создано;
110995367;200001520;Одежда / Спортивная одежда / Форма хоккейная;Форма хоккейная;не создано;
972079098;200001520;Одежда / Спортивная одежда / Костюм сноубордический;Костюм сноубордический;не создано;
971010854;200001520;Одежда / Спортивная одежда / Одежда для велоспорта;Одежда для велоспорта;не создано;
971101865;200001520;Одежда / Спортивная одежда / Одежда для верховой езды;Одежда для верховой езды;не создано;
94219;200001520;Одежда / Спортивная одежда / Пояс для похудения;Пояс для похудения;не создано;
972079093;200001520;Одежда / Спортивная одежда / Комбинезон сноубордический;Комбинезон сноубордический;не создано;
971102910;200001520;Одежда / Спортивная одежда / Кимоно;Кимоно;не создано;
971079131;200001520;Одежда / Спортивная одежда / Форма футбольная;Форма футбольная;не создано;
99536;200001520;Одежда / Спортивная одежда / Одежда для единоборств;Одежда для единоборств;не создано;
970989375;200001520;Одежда / Спортивная одежда / Одежда для роликобежного спорта;Одежда для роликобежного спорта;не создано;
970673964;200001520;Одежда / Спортивная одежда / Одежда для бокса;Одежда для бокса;не создано;
972076120;200001520;Одежда / Спортивная одежда / Одежда для гандбола;Одежда для гандбола;не создано;
98449;200001520;Одежда / Спортивная одежда / Манишка спортивная;Манишка спортивная;не создано;
970670120;200001520;Одежда / Спортивная одежда / Белье для танцев, гимнастики;Белье для танцев, гимнастики;не создано;
93074;200001520;Одежда / Спортивная одежда / Гамаши;Гамаши;не создано;
970879817;74606916;Автотовары / Автомобильный крепеж / Удлинитель вентиля для шин;Удлинитель вентиля для шин;фото отклонено;DESCRIPTION_DECLINE:4194
971076690;74606916;Автотовары / Автомобильный крепеж / Колпачок на вентиль автомобильный;Колпачок на вентиль автомобильный;фото отклонено;DESCRIPTION_DECLINE:4194
97666;17028755;Автотовары / Тюнинг и внешний декор / Решетка радиатора;Решетка радиатора;другая ошибка;DESCRIPTION_DECLINE:22507
971448842;17028755;Автотовары / Тюнинг и внешний декор / Заглушка антенны;Заглушка антенны;другая ошибка;DESCRIPTION_DECLINE:22507
971100615;17028755;Автотовары / Тюнинг и внешний декор / Ремкомплект решетки радиатора;Ремкомплект решетки радиатора;фото отклонено;DESCRIPTION_DECLINE:4194
94657;17028755;Автотовары / Тюнинг и внешний декор / Заглушка решетки радиатора;Заглушка решетки радиатора;другая ошибка;DESCRIPTION_DECLINE:22507
970895070;17028755;Автотовары / Тюнинг и внешний декор / Воздухозаборник;Воздухозаборник;другая ошибка;DESCRIPTION_DECLINE:22507
92171;17027943;Автотовары / Аварийные принадлежности / Канистра для ГСМ;Канистра для ГСМ;не создано;
970581471;17027943;Автотовары / Аварийные принадлежности / Аксессуары для домкрата;Аксессуары для домкрата;не создано;
115950288;71107562;Автотовары / АКБ и пуско-зарядные устройства / Аккумулятор автомобильный;Аккумулятор автомобильный;фото отклонено;DESCRIPTION_DECLINE:4194
504866262;71107562;Автотовары / АКБ и пуско-зарядные устройства / Аккумулятор для мототехники;Аккумулятор для мототехники;фото отклонено;DESCRIPTION_DECLINE:4194
972187845;71107562;Автотовары / АКБ и пуско-зарядные устройства / Аккумулятор для грузовика;Аккумулятор для грузовика;фото отклонено;DESCRIPTION_DECLINE:4194
970777927;79199415;Автотовары / Мотоэкипировка / Запчасти для мотошлема;Запчасти для мотошлема;не создано;
92198;17028749;Автотовары / Автоаксессуары / Светоотражатель;Светоотражатель;не создано;
970957468;17028749;Автотовары / Автоаксессуары / Болты для номерных знаков;Болты для номерных знаков;фото отклонено;DESCRIPTION_DECLINE:4194
96755;17028749;Автотовары / Автоаксессуары / Эмблема автомобильная;Эмблема автомобильная;фото отклонено;DESCRIPTION_DECLINE:4194
92187;17028749;Автотовары / Автоаксессуары / Пакеты в автомобиль;Пакеты в автомобиль;не создано;
971768729;17028749;Автотовары / Автоаксессуары / Запчасти для автодома;Запчасти для автодома;фото отклонено;DESCRIPTION_DECLINE:4194
970957536;17028749;Автотовары / Автоаксессуары / Сейф автомобильный;Сейф автомобильный;фото отклонено;DESCRIPTION_DECLINE:4194
971026639;17028749;Автотовары / Автоаксессуары / Антистатик автомобильный;Антистатик автомобильный;фото отклонено;DESCRIPTION_DECLINE:4194
970969822;17028749;Автотовары / Автоаксессуары / Номер автомобильный сувенирный;Номер автомобильный сувенирный;фото отклонено;DESCRIPTION_DECLINE:4194
971298731;17028749;Автотовары / Автоаксессуары / Демпфер замка двери автомобиля;Демпфер замка двери автомобиля;фото отклонено;DESCRIPTION_DECLINE:4194
970724801;17028749;Автотовары / Автоаксессуары / Кейс для салфеток в автомобиль;Кейс для салфеток в автомобиль;фото отклонено;DESCRIPTION_DECLINE:4194
92715;17028749;Автотовары / Автоаксессуары / Ароматизатор автомобильный;Ароматизатор автомобильный;фото отклонено;DESCRIPTION_DECLINE:4194
971219257;17028749;Автотовары / Автоаксессуары / Цурикава;Цурикава;не создано;
971310091;17028749;Автотовары / Автоаксессуары / Ограничитель ремня безопасности;Ограничитель ремня безопасности;другая ошибка;FB_ADAPTER:4180
98482;17028749;Автотовары / Автоаксессуары / Автовизитка;Автовизитка;не создано;
94667;17028749;Автотовары / Автоаксессуары / Утеплитель двигателя;Утеплитель двигателя;фото отклонено;DESCRIPTION_DECLINE:4194
970863604;17028749;Автотовары / Автоаксессуары / Ремень безопасности автомобильный;Ремень безопасности автомобильный;фото отклонено;DESCRIPTION_DECLINE:4194
97523;83250454;Автотовары / Товары для гаражей и автосервисов / Шланг для заправки;Шланг для заправки;фото отклонено;DESCRIPTION_DECLINE:4194
971115626;83250454;Автотовары / Товары для гаражей и автосервисов / Измеритель давления топлива;Измеритель давления топлива;фото отклонено;DESCRIPTION_DECLINE:4194
92176;83250454;Автотовары / Товары для гаражей и автосервисов / Манометр автомобильный;Манометр автомобильный;фото отклонено;DESCRIPTION_DECLINE:4194
971314202;83250454;Автотовары / Товары для гаражей и автосервисов / Шланг для компрессора;Шланг для компрессора;фото отклонено;DESCRIPTION_DECLINE:4194
971299043;83250454;Автотовары / Товары для гаражей и автосервисов / Запчасти для компрессора автомобиля;Запчасти для компрессора автомобиля;фото отклонено;DESCRIPTION_DECLINE:4194
970904866;83250454;Автотовары / Товары для гаражей и автосервисов / Тележка транспортировочная;Тележка транспортировочная;фото отклонено;DESCRIPTION_DECLINE:4194
971126144;83250454;Автотовары / Товары для гаражей и автосервисов / Экстрактор для ниппеля;Экстрактор для ниппеля;фото отклонено;DESCRIPTION_DECLINE:4194
92179;83250454;Автотовары / Товары для гаражей и автосервисов / Набор для ремонта шин;Набор для ремонта шин;фото отклонено;DESCRIPTION_DECLINE:4194
970825890;83250454;Автотовары / Товары для гаражей и автосервисов / Машинка для нарезки протектора;Машинка для нарезки протектора;фото отклонено;DESCRIPTION_DECLINE:4194
92168;83250454;Автотовары / Товары для гаражей и автосервисов / Воронка техническая;Воронка техническая;не создано;
970621001;83250454;Автотовары / Товары для гаражей и автосервисов / Инструмент для ручной ошиповки;Инструмент для ручной ошиповки;фото отклонено;DESCRIPTION_DECLINE:4194
92061;83250454;Автотовары / Товары для гаражей и автосервисов / Гайколом;Гайколом;не создано;
970743077;83250454;Автотовары / Товары для гаражей и автосервисов / Установка для замены технической жидкости;Установка для замены технической жидкости;фото отклонено;DESCRIPTION_DECLINE:4194
970747452;83250454;Автотовары / Товары для гаражей и автосервисов / Кран гидравлический гаражный;Кран гидравлический гаражный;фото отклонено;DESCRIPTION_DECLINE:4194
971113372;83250454;Автотовары / Товары для гаражей и автосервисов / Запчасти аппарата химчистки автомобиля;Запчасти аппарата химчистки автомобиля;фото отклонено;DESCRIPTION_DECLINE:4194
971437067;83250454;Автотовары / Товары для гаражей и автосервисов / Набор инструментов для автомобиля;Набор инструментов для автомобиля;фото отклонено;DESCRIPTION_DECLINE:4194
971306969;83250454;Автотовары / Товары для гаражей и автосервисов / Индукционный нагреватель для автосервиса;Индукционный нагреватель для автосервиса;фото отклонено;DESCRIPTION_DECLINE:4194
970721651;83250454;Автотовары / Товары для гаражей и автосервисов / Станция заправочная автомобильная;Станция заправочная автомобильная;фото отклонено;DESCRIPTION_DECLINE:4194
971413520;83250454;Автотовары / Товары для гаражей и автосервисов / Емкость мерная для моторного масла;Емкость мерная для моторного масла;фото отклонено;DESCRIPTION_DECLINE:4194
97527;83250454;Автотовары / Товары для гаражей и автосервисов / Клещи автомобильные;Клещи автомобильные;не создано;
970843533;83250454;Автотовары / Товары для гаражей и автосервисов / Груз для балансировки колес;Груз для балансировки колес;фото отклонено;DESCRIPTION_DECLINE:4194
92178;83250454;Автотовары / Товары для гаражей и автосервисов / Набор для ремонта стекол;Набор для ремонта стекол;не создано;
971115627;83250454;Автотовары / Товары для гаражей и автосервисов / Измеритель давления масла;Измеритель давления масла;фото отклонено;DESCRIPTION_DECLINE:4194
92073;83250454;Автотовары / Товары для гаражей и автосервисов / Кардан;Кардан;не создано;
95840;83250454;Автотовары / Товары для гаражей и автосервисов / Пистолет для подкачки шин;Пистолет для подкачки шин;фото отклонено;DESCRIPTION_DECLINE:4194
970874853;83250454;Автотовары / Товары для гаражей и автосервисов / Запчасти насоса ГСМ;Запчасти насоса ГСМ;фото отклонено;DESCRIPTION_DECLINE:4194
97240;83250454;Автотовары / Товары для гаражей и автосервисов / Насос для ГСМ;Насос для ГСМ;фото отклонено;DESCRIPTION_DECLINE:4194
971125310;83250454;Автотовары / Товары для гаражей и автосервисов / Машинка для притирки клапанов;Машинка для притирки клапанов;фото отклонено;DESCRIPTION_DECLINE:4194
970620999;83250454;Автотовары / Товары для гаражей и автосервисов / Пистолет для ошиповки;Пистолет для ошиповки;фото отклонено;DESCRIPTION_DECLINE:4194
98999;17028757;Автотовары / Противоугонные устройства / Автосигнализация;Автосигнализация;не создано;
971160691;17028757;Автотовары / Противоугонные устройства / Автозапуск;Автозапуск;не создано;
110995359;17028757;Автотовары / Противоугонные устройства / Замок на диск;Замок на диск;другая ошибка;DESCRIPTION_DECLINE:22507
971095570;43443514;Автотовары / Детали салона / Плафон в салон;Плафон в салон;не создано;
970997292;43443514;Автотовары / Детали салона / Вставка мультируля;Вставка мультируля;не создано;
970584059;43443514;Автотовары / Детали салона / Кнопка прикуривателя;Кнопка прикуривателя;другая ошибка;DESCRIPTION_DECLINE:22507
971390060;43443514;Автотовары / Детали салона / Запчасти бардачка;Запчасти бардачка;фото отклонено;DESCRIPTION_DECLINE:4194
971125829;43443514;Автотовары / Детали салона / Дефлектор воздуховода автомобильный;Дефлектор воздуховода автомобильный;фото отклонено;DESCRIPTION_DECLINE:4194
971390059;43443514;Автотовары / Детали салона / Бардачок автомобильный;Бардачок автомобильный;фото отклонено;DESCRIPTION_DECLINE:4194
970877631;43443514;Автотовары / Детали салона / Перегородка для салона;Перегородка для салона;фото отклонено;DESCRIPTION_DECLINE:4194
971301554;43443514;Автотовары / Детали салона / Кнопка на приборной панели;Кнопка на приборной панели;другая ошибка;DESCRIPTION_DECLINE:22507
970891910;43443514;Автотовары / Детали салона / Уплотнитель автомобильный;Уплотнитель автомобильный;фото отклонено;DESCRIPTION_DECLINE:4194
65454042;43443514;Автотовары / Детали салона / Консоль в автомобиль;Консоль в автомобиль;другая ошибка;DESCRIPTION_DECLINE:22507
971447043;85083429;Автотовары / Оборудование для парковки / Светофор;Светофор;не создано;
971106301;85083429;Автотовары / Оборудование для парковки / Кабель-канал дорожный;Кабель-канал дорожный;фото отклонено;DESCRIPTION_DECLINE:4194
970741592;85083429;Автотовары / Оборудование для парковки / Барьеры парковочные;Барьеры парковочные;не создано;
970741593;85083429;Автотовары / Оборудование для парковки / Столбики парковочные;Столбики парковочные;не создано;
971106303;85083429;Автотовары / Оборудование для парковки / Шлагбаум автоматический;Шлагбаум автоматический;не создано;
971106299;85083429;Автотовары / Оборудование для парковки / Дорожная неровность искусственная;Дорожная неровность искусственная;не создано;
971084398;85083429;Автотовары / Оборудование для парковки / Тумба для шлагбаума;Тумба для шлагбаума;фото отклонено;DESCRIPTION_DECLINE:4194
94641;17028754;Автотовары / Перевоз багажа / Багажный бокс;Багажный бокс;фото отклонено;DESCRIPTION_DECLINE:4194
971108777;17028754;Автотовары / Перевоз багажа / Сетка для прицепа;Сетка для прицепа;фото отклонено;DESCRIPTION_DECLINE:4194
94640;17028754;Автотовары / Перевоз багажа / Багажные дуги;Багажные дуги;фото отклонено;DESCRIPTION_DECLINE:4194
970964787;17028754;Автотовары / Перевоз багажа / Запчасти для прицепа;Запчасти для прицепа;фото отклонено;DESCRIPTION_DECLINE:4194
94644;17028754;Автотовары / Перевоз багажа / Корзина экспедиционная;Корзина экспедиционная;фото отклонено;"DESCRIPTION_DECLINE:4194;DESCRIPTION_DECLINE:22507"
971072816;17028754;Автотовары / Перевоз багажа / Прицеп автомобильный;Прицеп автомобильный;не создано;
972030324;17028754;Автотовары / Перевоз багажа / Фургон автомобильный;Фургон автомобильный;не создано;
972757884;17028754;Автотовары / Перевоз багажа / Такелажные крепления груза;Такелажные крепления груза;фото отклонено;DESCRIPTION_DECLINE:4194
970871852;17028754;Автотовары / Перевоз багажа / Багажник для лыж, сноубордов;Багажник для лыж, сноубордов;фото отклонено;"DESCRIPTION_DECLINE:4194;DESCRIPTION_DECLINE:22507"
971288167;17028754;Автотовары / Перевоз багажа / Крепление для тента;Крепление для тента;фото отклонено;DESCRIPTION_DECLINE:4194
94649;17028754;Автотовары / Перевоз багажа / Рейлинг автомобильный;Рейлинг автомобильный;не создано;
970803521;17028754;Автотовары / Перевоз багажа / Замок для прицепа;Замок для прицепа;фото отклонено;DESCRIPTION_DECLINE:4194
971326576;17039878;Автотовары / Автомагнитолы / Аксессуар для автомагнитолы;Аксессуар для автомагнитолы;не создано;
971072757;48159484;Автотовары / Кузовные запчасти / Панель двери;Панель двери;другая ошибка;DESCRIPTION_DECLINE:22507
94655;48159484;Автотовары / Кузовные запчасти / Брызговики;Брызговики;не создано;
971049579;48159484;Автотовары / Кузовные запчасти / Трос открывания;Трос открывания;другая ошибка;DESCRIPTION_DECLINE:22507
971092521;48159484;Автотовары / Кузовные запчасти / Элемент зеркальный;Элемент зеркальный;другая ошибка;DESCRIPTION_DECLINE:22507
971449117;48159484;Автотовары / Кузовные запчасти / Петля борта;Петля борта;другая ошибка;DESCRIPTION_DECLINE:22507
971100613;48159484;Автотовары / Кузовные запчасти / Ремкомплект автомобильной двери;Ремкомплект автомобильной двери;фото отклонено;DESCRIPTION_DECLINE:4194
970721640;48159484;Автотовары / Кузовные запчасти / Мотор стеклоподъемника;Мотор стеклоподъемника;фото отклонено;DESCRIPTION_DECLINE:4194
94651;48159484;Автотовары / Кузовные запчасти / Запчасти для фаркопа;Запчасти для фаркопа;фото отклонено;DESCRIPTION_DECLINE:4194
970587670;48159484;Автотовары / Кузовные запчасти / Зеркало мертвой зоны;Зеркало мертвой зоны;не создано;
971284071;48159484;Автотовары / Кузовные запчасти / Ремкомплект стеклоподъемника;Ремкомплект стеклоподъемника;фото отклонено;DESCRIPTION_DECLINE:4194
970741672;48159484;Автотовары / Кузовные запчасти / Порог кузовной;Порог кузовной;фото отклонено;DESCRIPTION_DECLINE:4194
94652;48159484;Автотовары / Кузовные запчасти / Фаркоп;Фаркоп;не создано;
971026977;48159484;Автотовары / Кузовные запчасти / Стойка кузова;Стойка кузова;не создано;
99057;48159484;Автотовары / Кузовные запчасти / Сетка радиатора;Сетка радиатора;другая ошибка;DESCRIPTION_DECLINE:22507
321057673;48159484;Автотовары / Кузовные запчасти / Замок для багажников;Замок для багажников;фото отклонено;DESCRIPTION_DECLINE:4194
970856518;48159484;Автотовары / Кузовные запчасти / Бампер;Бампер;не создано;
971123160;48159484;Автотовары / Кузовные запчасти / Ограничитель двери автомобильный;Ограничитель двери автомобильный;фото отклонено;DESCRIPTION_DECLINE:4194
971006083;48159484;Автотовары / Кузовные запчасти / Крышка багажника;Крышка багажника;фото отклонено;DESCRIPTION_DECLINE:4194
971072793;48159484;Автотовары / Кузовные запчасти / Трос замка двери;Трос замка двери;фото отклонено;"DESCRIPTION_DECLINE:4194;DESCRIPTION_DECLINE:22507"
971151738;48159484;Автотовары / Кузовные запчасти / Петля двери для автомобиля;Петля двери для автомобиля;фото отклонено;DESCRIPTION_DECLINE:4194
971072794;48159484;Автотовары / Кузовные запчасти / Трос замка капота;Трос замка капота;фото отклонено;DESCRIPTION_DECLINE:4194
93362;48159484;Автотовары / Кузовные запчасти / Зеркало заднего вида;Зеркало заднего вида;другая ошибка;DESCRIPTION_DECLINE:22507
970695250;48159484;Автотовары / Кузовные запчасти / Зеркало боковое;Зеркало боковое;другая ошибка;DESCRIPTION_DECLINE:22507
971749406;48159484;Автотовары / Кузовные запчасти / Трапеция стеклоподъемника;Трапеция стеклоподъемника;фото отклонено;DESCRIPTION_DECLINE:4194
971053338;48159484;Автотовары / Кузовные запчасти / Колесные арки;Колесные арки;другая ошибка;DESCRIPTION_DECLINE:22507
971103277;48159484;Автотовары / Кузовные запчасти / Кронштейн бампера автомобильный;Кронштейн бампера автомобильный;фото отклонено;DESCRIPTION_DECLINE:4194
971049576;48159484;Автотовары / Кузовные запчасти / Усилитель бампера;Усилитель бампера;фото отклонено;DESCRIPTION_DECLINE:4194
971067235;48159484;Автотовары / Кузовные запчасти / Карта дверная автомобильная;Карта дверная автомобильная;фото отклонено;DESCRIPTION_DECLINE:4194
971412256;200001531;Автотовары / Мотозапчасти / Клапан для мототехники;Клапан для мототехники;фото отклонено;DESCRIPTION_DECLINE:4194
971094304;200001531;Автотовары / Мотозапчасти / Накладка для мототехники;Накладка для мототехники;фото отклонено;DESCRIPTION_DECLINE:4194
971041503;200001531;Автотовары / Мотозапчасти / Лента обводная для мототехники ободная;Лента обводная для мототехники ободная;фото отклонено;DESCRIPTION_DECLINE:4194
970945550;200001531;Автотовары / Мотозапчасти / Оправка для сальников вилки мототехники;Оправка для сальников вилки мототехники;фото отклонено;DESCRIPTION_DECLINE:4194
971123943;200001531;Автотовары / Мотозапчасти / Диск сцепления для мототехники;Диск сцепления для мототехники;фото отклонено;DESCRIPTION_DECLINE:4194
970858645;200001531;Автотовары / Мотозапчасти / Поворотники для мототехники;Поворотники для мототехники;фото отклонено;DESCRIPTION_DECLINE:4194
970957519;200001531;Автотовары / Мотозапчасти / Ремкомплект топливной системы мототехники;Ремкомплект топливной системы мототехники;не создано;
971052852;200001531;Автотовары / Мотозапчасти / Ремкомплект сцепления для мототехники;Ремкомплект сцепления для мототехники;фото отклонено;DESCRIPTION_DECLINE:4194
971061857;200001531;Автотовары / Мотозапчасти / Втулка для мототехники;Втулка для мототехники;фото отклонено;DESCRIPTION_DECLINE:4194
970986915;200001531;Автотовары / Мотозапчасти / Диск тормозной для мототехники;Диск тормозной для мототехники;фото отклонено;DESCRIPTION_DECLINE:4194
970868120;200001531;Автотовары / Мотозапчасти / Поршень для мототехники;Поршень для мототехники;фото отклонено;DESCRIPTION_DECLINE:4194
971082339;200001531;Автотовары / Мотозапчасти / Запчасти карбюратора для мототехники;Запчасти карбюратора для мототехники;фото отклонено;DESCRIPTION_DECLINE:4194
970957411;200001531;Автотовары / Мотозапчасти / Ремкомплект выхлопной системы мототехники;Ремкомплект выхлопной системы мототехники;фото отклонено;DESCRIPTION_DECLINE:4194
971148372;200001531;Автотовары / Мотозапчасти / Ремкомплект трансмиссии мототехники;Ремкомплект трансмиссии мототехники;фото отклонено;DESCRIPTION_DECLINE:4194
971148381;200001531;Автотовары / Мотозапчасти / Наконечник рулевой для мототехники;Наконечник рулевой для мототехники;фото отклонено;DESCRIPTION_DECLINE:4194
970945551;200001531;Автотовары / Мотозапчасти / Заглушка для мототехники;Заглушка для мототехники;фото отклонено;DESCRIPTION_DECLINE:4194
971035591;200001531;Автотовары / Мотозапчасти / Клипоны универсальные для мототехники;Клипоны универсальные для мототехники;не создано;
971116350;200001531;Автотовары / Мотозапчасти / Коробка передач для мототехники;Коробка передач для мототехники;фото отклонено;DESCRIPTION_DECLINE:4194
970875988;200001531;Автотовары / Мотозапчасти / Дефлектор для мототехники;Дефлектор для мототехники;фото отклонено;DESCRIPTION_DECLINE:4194
971061858;200001531;Автотовары / Мотозапчасти / Фитинги, болты для мототехники;Фитинги, болты для мототехники;фото отклонено;DESCRIPTION_DECLINE:4194
971052872;200001531;Автотовары / Мотозапчасти / Суппорт тормозной для мототехники;Суппорт тормозной для мототехники;фото отклонено;DESCRIPTION_DECLINE:4194
971041502;200001531;Автотовары / Мотозапчасти / Буксатор для мототехники;Буксатор для мототехники;не создано;
970964529;200001531;Автотовары / Мотозапчасти / Колодки тормозные для мототехники;Колодки тормозные для мототехники;фото отклонено;DESCRIPTION_DECLINE:4194
970957461;200001531;Автотовары / Мотозапчасти / Панель приборная для мототехники;Панель приборная для мототехники;не создано;
971154929;200001531;Автотовары / Мотозапчасти / Ремкомплект тормозной системы мототехники;Ремкомплект тормозной системы мототехники;фото отклонено;DESCRIPTION_DECLINE:4194
971809230;200001531;Автотовары / Мотозапчасти / Насос масляный для мототехники;Насос масляный для мототехники;фото отклонено;DESCRIPTION_DECLINE:4194
970854766;200001531;Автотовары / Мотозапчасти / Карбюратор для мототехники;Карбюратор для мототехники;фото отклонено;DESCRIPTION_DECLINE:4194
971052859;200001531;Автотовары / Мотозапчасти / Ремкомплект двигателя мототехники;Ремкомплект двигателя мототехники;не создано;
971163698;200001531;Автотовары / Мотозапчасти / Катушка зажигания для мототехники;Катушка зажигания для мототехники;фото отклонено;DESCRIPTION_DECLINE:4194
971052870;200001531;Автотовары / Мотозапчасти / Ремкомплект системы охлаждения мототехники;Ремкомплект системы охлаждения мототехники;фото отклонено;DESCRIPTION_DECLINE:4194
970856517;200001531;Автотовары / Мотозапчасти / Ремень вариатора для мототехники;Ремень вариатора для мототехники;фото отклонено;DESCRIPTION_DECLINE:4194
971052871;200001531;Автотовары / Мотозапчасти / Статор генератора для мототехники;Статор генератора для мототехники;фото отклонено;DESCRIPTION_DECLINE:4194
971156606;200001531;Автотовары / Мотозапчасти / Импеллер для гидроцикла;Импеллер для гидроцикла;фото отклонено;DESCRIPTION_DECLINE:4194
970957463;200001531;Автотовары / Мотозапчасти / Замок зажигания для мототехники;Замок зажигания для мототехники;фото отклонено;DESCRIPTION_DECLINE:4194
972210877;200001531;Автотовары / Мотозапчасти / Барабан тормозной для мототехники;Барабан тормозной для мототехники;фото отклонено;DESCRIPTION_DECLINE:4194
971298501;200001531;Автотовары / Мотозапчасти / Снегоотвал для мототехники;Снегоотвал для мототехники;фото отклонено;DESCRIPTION_DECLINE:4194
971078661;200001531;Автотовары / Мотозапчасти / Сабкейдж;Сабкейдж;другая ошибка;error_card_with_deleted_photos:0
970667863;200001531;Автотовары / Мотозапчасти / Лыжи для снегохода;Лыжи для снегохода;фото отклонено;"DESCRIPTION_DECLINE:4194;DESCRIPTION_DECLINE:22507"
971036597;200001531;Автотовары / Мотозапчасти / Регулятор напряжения для мототехники;Регулятор напряжения для мототехники;фото отклонено;DESCRIPTION_DECLINE:4194
971052858;200001531;Автотовары / Мотозапчасти / Магнето для мототехники;Магнето для мототехники;фото отклонено;DESCRIPTION_DECLINE:4194
971052877;200001531;Автотовары / Мотозапчасти / Шланг тормозной для мототехники;Шланг тормозной для мототехники;фото отклонено;DESCRIPTION_DECLINE:4194
970707038;200001531;Автотовары / Мотозапчасти / Накладка на лыжи для снегохода;Накладка на лыжи для снегохода;фото отклонено;DESCRIPTION_DECLINE:4194
971052875;200001531;Автотовары / Мотозапчасти / Фильтр для мототехники;Фильтр для мототехники;фото отклонено;DESCRIPTION_DECLINE:4194
971094474;200001531;Автотовары / Мотозапчасти / Демпфер для снегохода;Демпфер для снегохода;фото отклонено;DESCRIPTION_DECLINE:4194
971082340;200001531;Автотовары / Мотозапчасти / Колесные спицы для мототехники;Колесные спицы для мототехники;фото отклонено;DESCRIPTION_DECLINE:4194
971309832;200001531;Автотовары / Мотозапчасти / Натяжитель цепи мототехники;Натяжитель цепи мототехники;фото отклонено;DESCRIPTION_DECLINE:4194
970591268;200001531;Автотовары / Мотозапчасти / Пластик, обтекатели для мототехники;Пластик, обтекатели для мототехники;фото отклонено;DESCRIPTION_DECLINE:4194
971156580;200001531;Автотовары / Мотозапчасти / Двери для мототехники;Двери для мототехники;фото отклонено;DESCRIPTION_DECLINE:4194
971004224;200001531;Автотовары / Мотозапчасти / Радиатор для мототехники;Радиатор для мототехники;фото отклонено;DESCRIPTION_DECLINE:4194
971054985;82169566;Автотовары / Автомобильные органайзеры и сумки / Крепление автомобильного органайзера;Крепление автомобильного органайзера;не создано;
95565;82169566;Автотовары / Автомобильные органайзеры и сумки / Аптечка автомобильная;Аптечка автомобильная;фото отклонено;DESCRIPTION_DECLINE:4194
92186;82169566;Автотовары / Автомобильные органайзеры и сумки / Сумка-органайзер автомобильная;Сумка-органайзер автомобильная;фото отклонено;DESCRIPTION_DECLINE:4194
95597;17027950;Автотовары / Щетки стеклоочистителя / Резинка для стеклоочистителя;Резинка для стеклоочистителя;другая ошибка;DESCRIPTION_DECLINE:22507
184134668;17028752;Автотовары / Автохимия и автокосметика / Лак автомобильный;Лак автомобильный;фото отклонено;DESCRIPTION_DECLINE:4194
92247;17028752;Автотовары / Автохимия и автокосметика / Очиститель кузова;Очиститель кузова;фото отклонено;DESCRIPTION_DECLINE:4194
92243;17028752;Автотовары / Автохимия и автокосметика / Очиститель топливной системы;Очиститель топливной системы;фото отклонено;DESCRIPTION_DECLINE:4194
92263;17028752;Автотовары / Автохимия и автокосметика / Смазка автомобильная;Смазка автомобильная;фото отклонено;DESCRIPTION_DECLINE:4194
92265;17028752;Автотовары / Автохимия и автокосметика / Средство для ремонта царапин;Средство для ремонта царапин;фото отклонено;"DESCRIPTION_DECLINE:4194;DESCRIPTION_DECLINE:22507"
92216;17028752;Автотовары / Автохимия и автокосметика / Автошпатлевка;Автошпатлевка;другая ошибка;DESCRIPTION_DECLINE:22507
970695319;17028752;Автотовары / Автохимия и автокосметика / Разбавитель автоэмали;Разбавитель автоэмали;фото отклонено;DESCRIPTION_DECLINE:4194
970976079;17028752;Автотовары / Автохимия и автокосметика / Очиститель мотошлемов;Очиститель мотошлемов;фото отклонено;DESCRIPTION_DECLINE:4194
971106641;17028752;Автотовары / Автохимия и автокосметика / Паста абразивная;Паста абразивная;фото отклонено;"DESCRIPTION_DECLINE:4194;DESCRIPTION_DECLINE:22507"
970942583;17028752;Автотовары / Автохимия и автокосметика / Очиститель выхлопной системы;Очиститель выхлопной системы;фото отклонено;DESCRIPTION_DECLINE:4194
92250;17028752;Автотовары / Автохимия и автокосметика / Очиститель салона;Очиститель салона;другая ошибка;DESCRIPTION_DECLINE:22507
92267;17028752;Автотовары / Автохимия и автокосметика / Жидкость стеклоомывателя;Жидкость стеклоомывателя;не создано;
92261;17028752;Автотовары / Автохимия и автокосметика / Антигель;Антигель;другая ошибка;DESCRIPTION_DECLINE:22507
970701948;17028752;Автотовары / Автохимия и автокосметика / Мастика кузовная;Мастика кузовная;другая ошибка;DESCRIPTION_DECLINE:22507
92241;17028752;Автотовары / Автохимия и автокосметика / Очиститель двигателя;Очиститель двигателя;фото отклонено;DESCRIPTION_DECLINE:4194
970895716;17028752;Автотовары / Автохимия и автокосметика / Подкрылки жидкие;Подкрылки жидкие;не создано;
92221;17028752;Автотовары / Автохимия и автокосметика / Антизапотеватель;Антизапотеватель;не создано;
970804367;17028752;Автотовары / Автохимия и автокосметика / Паста автомобильная;Паста автомобильная;фото отклонено;DESCRIPTION_DECLINE:4194
286404838;17028752;Автотовары / Автохимия и автокосметика / Средство для поиска утечек;Средство для поиска утечек;не создано;
971053898;17028752;Автотовары / Автохимия и автокосметика / Активатор адгезии;Активатор адгезии;другая ошибка;DESCRIPTION_DECLINE:22507
970695314;17028752;Автотовары / Автохимия и автокосметика / Отвердитель автомобильный;Отвердитель автомобильный;фото отклонено;DESCRIPTION_DECLINE:4194
92231;17028752;Автотовары / Автохимия и автокосметика / Кондиционер для автозапчастей;Кондиционер для автозапчастей;не создано;
970686351;17028752;Автотовары / Автохимия и автокосметика / Обезжириватель автомобильный;Обезжириватель автомобильный;фото отклонено;DESCRIPTION_DECLINE:4194
92233;17028752;Автотовары / Автохимия и автокосметика / Краска автомобильная;Краска автомобильная;фото отклонено;DESCRIPTION_DECLINE:4194
972816275;17028752;Автотовары / Автохимия и автокосметика / Электролит щелочной;Электролит щелочной;не создано;
369952585;17028752;Автотовары / Автохимия и автокосметика / Герметик автомобильный;Герметик автомобильный;фото отклонено;DESCRIPTION_DECLINE:4194
92251;17028752;Автотовары / Автохимия и автокосметика / Очиститель стекол;Очиститель стекол;фото отклонено;"DESCRIPTION_DECLINE:4194;DESCRIPTION_DECLINE:22507"
970682158;17028752;Автотовары / Автохимия и автокосметика / Фиксатор резьбы;Фиксатор резьбы;другая ошибка;DESCRIPTION_DECLINE:22507
971072366;17028752;Автотовары / Автохимия и автокосметика / Жидкость для обработки выхлопных газов;Жидкость для обработки выхлопных газов;фото отклонено;DESCRIPTION_DECLINE:4194
92234;17028752;Автотовары / Автохимия и автокосметика / Набор автохимии;Набор автохимии;не создано;
970856045;17028752;Автотовары / Автохимия и автокосметика / Клей автомобильный;Клей автомобильный;фото отклонено;DESCRIPTION_DECLINE:4194
92242;17028752;Автотовары / Автохимия и автокосметика / Очиститель дисков;Очиститель дисков;не создано;
92228;17028752;Автотовары / Автохимия и автокосметика / Жидкость для быстрого запуска;Жидкость для быстрого запуска;не создано;
970852589;17028752;Автотовары / Автохимия и автокосметика / Очиститель масляной системы;Очиститель масляной системы;фото отклонено;DESCRIPTION_DECLINE:4194
970747511;17028752;Автотовары / Автохимия и автокосметика / Растворитель для переходов автомобильный;Растворитель для переходов автомобильный;фото отклонено;DESCRIPTION_DECLINE:4194
92238;17028752;Автотовары / Автохимия и автокосметика / Осушитель системы зажигания;Осушитель системы зажигания;не создано;
970893002;17028752;Автотовары / Автохимия и автокосметика / Кондиционер для салона автомобиля;Кондиционер для салона автомобиля;не создано;
970941871;17028752;Автотовары / Автохимия и автокосметика / Очиститель контактов;Очиститель контактов;другая ошибка;DESCRIPTION_DECLINE:22507
970952444;17028752;Автотовары / Автохимия и автокосметика / Очиститель системы охлаждения;Очиститель системы охлаждения;фото отклонено;"DESCRIPTION_DECLINE:4194;DESCRIPTION_DECLINE:22507"
970886296;17028752;Автотовары / Автохимия и автокосметика / Очиститель КПП;Очиститель КПП;фото отклонено;DESCRIPTION_DECLINE:4194
970941856;17028752;Автотовары / Автохимия и автокосметика / Электролит корректирующий;Электролит корректирующий;не создано;
92227;17028752;Автотовары / Автохимия и автокосметика / Ключ жидкий;Ключ жидкий;фото отклонено;"DESCRIPTION_DECLINE:4194;DESCRIPTION_DECLINE:22507"
972050737;17028752;Автотовары / Автохимия и автокосметика / Активатор для аквапринта;Активатор для аквапринта;фото отклонено;"DESCRIPTION_DECLINE:4194;DESCRIPTION_DECLINE:22507"
92248;17028752;Автотовары / Автохимия и автокосметика / Очиститель от краски;Очиститель от краски;другая ошибка;DESCRIPTION_DECLINE:22507
92256;17028752;Автотовары / Автохимия и автокосметика / Полироль автомобильный;Полироль автомобильный;фото отклонено;DESCRIPTION_DECLINE:4194
92273;17028752;Автотовары / Автохимия и автокосметика / Автошампунь;Автошампунь;не создано;
92225;17028752;Автотовары / Автохимия и автокосметика / Воск автомобильный;Воск автомобильный;фото отклонено;DESCRIPTION_DECLINE:4194
92246;17028752;Автотовары / Автохимия и автокосметика / Очиститель кондиционера;Очиститель кондиционера;фото отклонено;"DESCRIPTION_DECLINE:4194;DESCRIPTION_DECLINE:22507"
972132192;200001532;Автотовары / Запчасти для грузовых автомобилей и спецтехники / Кабина в сборе;Кабина в сборе;не создано;
972746817;200001532;Автотовары / Запчасти для грузовых автомобилей и спецтехники / Запчасти стеклоочистителя для грузовика;Запчасти стеклоочистителя для грузовика;не создано;
972746807;200001532;Автотовары / Запчасти для грузовых автомобилей и спецтехники / Запчасти КПП для грузовика;Запчасти КПП для грузовика;не создано;
115950492;80404590;Автотовары / Электроника для автомобиля / Парктроник;Парктроник;не создано;
34006143;80404590;Автотовары / Электроника для автомобиля / Увлажнитель воздуха автомобильный;Увлажнитель воздуха автомобильный;не создано;
91493;80404590;Автотовары / Электроника для автомобиля / Монитор автомобильный;Монитор автомобильный;не создано;
970827779;17027945;Автотовары / Товары для уборки, чистки автомобиля / Кисть для детейлинга;Кисть для детейлинга;другая ошибка;DESCRIPTION_DECLINE:22507
970707850;17027945;Автотовары / Товары для уборки, чистки автомобиля / Водосгон автомобильный;Водосгон автомобильный;фото отклонено;DESCRIPTION_DECLINE:4194
92201;17027945;Автотовары / Товары для уборки, чистки автомобиля / Скребок автомобильный;Скребок автомобильный;не создано;
97603;17028756;Автотовары / Запчасти для легковых автомобилей / Защита редуктора;Защита редуктора;фото отклонено;DESCRIPTION_DECLINE:4194
971041634;17028756;Автотовары / Запчасти для легковых автомобилей / Переходник на фары;Переходник на фары;фото отклонено;DESCRIPTION_DECLINE:4194
971072773;17028756;Автотовары / Запчасти для легковых автомобилей / Распределитель зажигания;Распределитель зажигания;фото отклонено;DESCRIPTION_DECLINE:4194
96763;17028756;Автотовары / Запчасти для легковых автомобилей / Трубка стеклоомывателя;Трубка стеклоомывателя;фото отклонено;DESCRIPTION_DECLINE:4194
94673;17028756;Автотовары / Запчасти для легковых автомобилей / Сигнал звуковой автомобильный;Сигнал звуковой автомобильный;фото отклонено;DESCRIPTION_DECLINE:4194
971047413;17028756;Автотовары / Запчасти для легковых автомобилей / Кольцо стопорное ступицы;Кольцо стопорное ступицы;фото отклонено;DESCRIPTION_DECLINE:4194
971072740;17028756;Автотовары / Запчасти для легковых автомобилей / Крышка бачка расширительного;Крышка бачка расширительного;фото отклонено;DESCRIPTION_DECLINE:4194
971072706;17028756;Автотовары / Запчасти для легковых автомобилей / Клапан топливный;Клапан топливный;фото отклонено;DESCRIPTION_DECLINE:4194
971749438;17028756;Автотовары / Запчасти для легковых автомобилей / Прокладка для системы охлаждения автомобиля;Прокладка для системы охлаждения автомобиля;фото отклонено;DESCRIPTION_DECLINE:4194
970687095;17028756;Автотовары / Запчасти для легковых автомобилей / Фара автомобильная;Фара автомобильная;фото отклонено;DESCRIPTION_DECLINE:4194
971072732;17028756;Автотовары / Запчасти для легковых автомобилей / Кран отопителя;Кран отопителя;фото отклонено;DESCRIPTION_DECLINE:4194
971049313;17028756;Автотовары / Запчасти для легковых автомобилей / Муфта сцепления;Муфта сцепления;фото отклонено;DESCRIPTION_DECLINE:4194
971072745;17028756;Автотовары / Запчасти для легковых автомобилей / Личинка замка автомобильного;Личинка замка автомобильного;фото отклонено;DESCRIPTION_DECLINE:4194
96756;17028756;Автотовары / Запчасти для легковых автомобилей / Клеммы АКБ;Клеммы АКБ;фото отклонено;DESCRIPTION_DECLINE:4194
94680;17028756;Автотовары / Запчасти для легковых автомобилей / Провод соединительный;Провод соединительный;фото отклонено;DESCRIPTION_DECLINE:4194
98938;17028756;Автотовары / Запчасти для легковых автомобилей / Сошка рулевая;Сошка рулевая;фото отклонено;DESCRIPTION_DECLINE:4194
94674;17028756;Автотовары / Запчасти для легковых автомобилей / Комплект автопроводки;Комплект автопроводки;фото отклонено;DESCRIPTION_DECLINE:4194
98966;17028756;Автотовары / Запчасти для легковых автомобилей / Цилиндр тормозной;Цилиндр тормозной;фото отклонено;DESCRIPTION_DECLINE:4194
971046866;17028756;Автотовары / Запчасти для легковых автомобилей / Хомут патрубка охлаждения;Хомут патрубка охлаждения;фото отклонено;DESCRIPTION_DECLINE:4194
98853;17028756;Автотовары / Запчасти для легковых автомобилей / Муфта обгонная;Муфта обгонная;фото отклонено;DESCRIPTION_DECLINE:4194
971072746;17028756;Автотовары / Запчасти для легковых автомобилей / Муфта компрессора кондиционера;Муфта компрессора кондиционера;фото отклонено;DESCRIPTION_DECLINE:4194
971072775;17028756;Автотовары / Запчасти для легковых автомобилей / Резистор автомобильный;Резистор автомобильный;фото отклонено;DESCRIPTION_DECLINE:4194
98955;17028756;Автотовары / Запчасти для легковых автомобилей / Тяга рулевая;Тяга рулевая;фото отклонено;DESCRIPTION_DECLINE:4194
971072729;17028756;Автотовары / Запчасти для легковых автомобилей / Корпус фары;Корпус фары;фото отклонено;DESCRIPTION_DECLINE:4194
971072690;17028756;Автотовары / Запчасти для легковых автомобилей / Инжектор автомобильный;Инжектор автомобильный;фото отклонено;DESCRIPTION_DECLINE:4194
971452669;17028756;Автотовары / Запчасти для легковых автомобилей / Уплотнительное кольцо автокондиционера;Уплотнительное кольцо автокондиционера;фото отклонено;DESCRIPTION_DECLINE:4194
971047430;17028756;Автотовары / Запчасти для легковых автомобилей / Пара плунжерная;Пара плунжерная;не создано;
98857;17028756;Автотовары / Запчасти для легковых автомобилей / Насос водяной;Насос водяной;фото отклонено;DESCRIPTION_DECLINE:4194
971065056;17028756;Автотовары / Запчасти для легковых автомобилей / Соединитель подрулевых переключателей;Соединитель подрулевых переключателей;фото отклонено;DESCRIPTION_DECLINE:4194
98910;17028756;Автотовары / Запчасти для легковых автомобилей / Реле втягивающее стартера;Реле втягивающее стартера;фото отклонено;DESCRIPTION_DECLINE:4194
971314369;17028756;Автотовары / Запчасти для легковых автомобилей / Электроусилитель руля;Электроусилитель руля;фото отклонено;DESCRIPTION_DECLINE:4194
98891;17028756;Автотовары / Запчасти для легковых автомобилей / Провод АКБ;Провод АКБ;фото отклонено;DESCRIPTION_DECLINE:4194
970885027;17028756;Автотовары / Запчасти для легковых автомобилей / Бачок расширительный автомобильный;Бачок расширительный автомобильный;фото отклонено;DESCRIPTION_DECLINE:4194
971026652;17028756;Автотовары / Запчасти для легковых автомобилей / Подушка безопасности;Подушка безопасности;фото отклонено;DESCRIPTION_DECLINE:4194
98875;17028756;Автотовары / Запчасти для легковых автомобилей / Педаль сцепления;Педаль сцепления;фото отклонено;DESCRIPTION_DECLINE:4194
970984894;17028756;Автотовары / Запчасти для легковых автомобилей / Запчасти насоса ГУР;Запчасти насоса ГУР;фото отклонено;DESCRIPTION_DECLINE:4194
98872;17028756;Автотовары / Запчасти для легковых автомобилей / Отбойник амортизатора;Отбойник амортизатора;фото отклонено;DESCRIPTION_DECLINE:4194
971072771;17028756;Автотовары / Запчасти для легковых автомобилей / Радиатор АКПП;Радиатор АКПП;фото отклонено;DESCRIPTION_DECLINE:4194
970832316;17028756;Автотовары / Запчасти для легковых автомобилей / Линза фар автомобиля;Линза фар автомобиля;фото отклонено;DESCRIPTION_DECLINE:4194
98876;17028756;Автотовары / Запчасти для легковых автомобилей / Педаль тормоза;Педаль тормоза;фото отклонено;DESCRIPTION_DECLINE:4194
92191;17028756;Автотовары / Запчасти для легковых автомобилей / Подогреватель предпусковой;Подогреватель предпусковой;фото отклонено;DESCRIPTION_DECLINE:4194
95765;17028756;Автотовары / Запчасти для легковых автомобилей / Свеча зажигания;Свеча зажигания;другая ошибка;INCORRECT_DIMENSION:0
971007579;17028756;Автотовары / Запчасти для легковых автомобилей / Спидометр в автомобиль;Спидометр в автомобиль;фото отклонено;DESCRIPTION_DECLINE:4194
98969;17028756;Автотовары / Запчасти для легковых автомобилей / ШРУС внутренний;ШРУС внутренний;фото отклонено;DESCRIPTION_DECLINE:4194
971107067;17028756;Автотовары / Запчасти для легковых автомобилей / Кнопка старт-стоп;Кнопка старт-стоп;фото отклонено;DESCRIPTION_DECLINE:4194
971072695;17028756;Автотовары / Запчасти для легковых автомобилей / Клапан АКПП;Клапан АКПП;фото отклонено;DESCRIPTION_DECLINE:4194
97612;17028756;Автотовары / Запчасти для легковых автомобилей / Защита раздаточной коробки;Защита раздаточной коробки;фото отклонено;DESCRIPTION_DECLINE:4194
971072778;17028756;Автотовары / Запчасти для легковых автомобилей / Ремкомплект насоса топливного;Ремкомплект насоса топливного;фото отклонено;DESCRIPTION_DECLINE:4194
98839;17028756;Автотовары / Запчасти для легковых автомобилей / Кольцо форсунки;Кольцо форсунки;фото отклонено;DESCRIPTION_DECLINE:4194
971092517;17028756;Автотовары / Запчасти для легковых автомобилей / Вкладыш двигателя;Вкладыш двигателя;не создано;
971047416;17028756;Автотовары / Запчасти для легковых автомобилей / Реле бензонасоса;Реле бензонасоса;фото отклонено;DESCRIPTION_DECLINE:4194
98943;17028756;Автотовары / Запчасти для легковых автомобилей / Стойка стабилизатора;Стойка стабилизатора;фото отклонено;DESCRIPTION_DECLINE:4194
970725296;17028756;Автотовары / Запчасти для легковых автомобилей / Суппорты тормозные;Суппорты тормозные;фото отклонено;DESCRIPTION_DECLINE:4194
970889790;17028756;Автотовары / Запчасти для легковых автомобилей / Вискомуфта;Вискомуфта;фото отклонено;DESCRIPTION_DECLINE:4194
971072786;17028756;Автотовары / Запчасти для легковых автомобилей / Рычаг сцепления;Рычаг сцепления;фото отклонено;DESCRIPTION_DECLINE:4194
970962429;17028756;Автотовары / Запчасти для легковых автомобилей / Энергоаккумулятор;Энергоаккумулятор;фото отклонено;DESCRIPTION_DECLINE:4194
68793837;17028756;Автотовары / Запчасти для легковых автомобилей / Защита глушителя;Защита глушителя;фото отклонено;DESCRIPTION_DECLINE:4194
970896619;17028756;Автотовары / Запчасти для легковых автомобилей / Мини-катализатор;Мини-катализатор;фото отклонено;DESCRIPTION_DECLINE:4194
971047427;17028756;Автотовары / Запчасти для легковых автомобилей / Редуктор рулевой;Редуктор рулевой;фото отклонено;DESCRIPTION_DECLINE:4194
971309846;17028756;Автотовары / Запчасти для легковых автомобилей / Регулятор давления топлива;Регулятор давления топлива;фото отклонено;DESCRIPTION_DECLINE:4194
971094568;17028756;Автотовары / Запчасти для легковых автомобилей / Картер моста;Картер моста;фото отклонено;DESCRIPTION_DECLINE:4194
971452663;17028756;Автотовары / Запчасти для легковых автомобилей / Колпачок порта автокондиционера;Колпачок порта автокондиционера;фото отклонено;DESCRIPTION_DECLINE:4194
970863583;17028756;Автотовары / Запчасти для легковых автомобилей / Соединитель проводки;Соединитель проводки;фото отклонено;DESCRIPTION_DECLINE:4194
970952681;17028756;Автотовары / Запчасти для легковых автомобилей / Электродвигатель привода сцепления;Электродвигатель привода сцепления;фото отклонено;DESCRIPTION_DECLINE:4194
970782176;17028756;Автотовары / Запчасти для легковых автомобилей / Компрессор кондиционера;Компрессор кондиционера;фото отклонено;DESCRIPTION_DECLINE:4194
970601388;17028756;Автотовары / Запчасти для легковых автомобилей / Автокондиционер;Автокондиционер;фото отклонено;DESCRIPTION_DECLINE:4194
95767;17028756;Автотовары / Запчасти для легковых автомобилей / Свеча накаливания;Свеча накаливания;другая ошибка;INCORRECT_DIMENSION:0
970889772;17028756;Автотовары / Запчасти для легковых автомобилей / Трос спидометра;Трос спидометра;фото отклонено;DESCRIPTION_DECLINE:4194
970701618;17028756;Автотовары / Запчасти для легковых автомобилей / Подшипник автомобильный;Подшипник автомобильный;фото отклонено;DESCRIPTION_DECLINE:4194
971072322;17028756;Автотовары / Запчасти для легковых автомобилей / Вал сцепления;Вал сцепления;фото отклонено;DESCRIPTION_DECLINE:4194
971100602;17028756;Автотовары / Запчасти для легковых автомобилей / Ремкомплект катализатора;Ремкомплект катализатора;фото отклонено;DESCRIPTION_DECLINE:4194
98933;17028756;Автотовары / Запчасти для легковых автомобилей / Сальник редуктора;Сальник редуктора;фото отклонено;DESCRIPTION_DECLINE:4194
970860496;17028756;Автотовары / Запчасти для легковых автомобилей / Карбюратор;Карбюратор;фото отклонено;DESCRIPTION_DECLINE:4194
971043197;17028756;Автотовары / Запчасти для легковых автомобилей / Хомут для глушителя;Хомут для глушителя;фото отклонено;DESCRIPTION_DECLINE:4194
98854;17028756;Автотовары / Запчасти для легковых автомобилей / Наконечник рулевой;Наконечник рулевой;фото отклонено;DESCRIPTION_DECLINE:4194
971064324;17028756;Автотовары / Запчасти для легковых автомобилей / Гофра для автопроводки;Гофра для автопроводки;фото отклонено;DESCRIPTION_DECLINE:4194
94662;17028756;Автотовары / Запчасти для легковых автомобилей / Стержень крепежный;Стержень крепежный;фото отклонено;DESCRIPTION_DECLINE:4194
97610;17028756;Автотовары / Запчасти для легковых автомобилей / Защита топливной системы;Защита топливной системы;фото отклонено;DESCRIPTION_DECLINE:4194
970949368;17028756;Автотовары / Запчасти для легковых автомобилей / Камера тормозная;Камера тормозная;фото отклонено;DESCRIPTION_DECLINE:4194
971100612;17028756;Автотовары / Запчасти для легковых автомобилей / Ремкомплект механизма стеклоочистителя;Ремкомплект механизма стеклоочистителя;фото отклонено;DESCRIPTION_DECLINE:4194
98935;17028756;Автотовары / Запчасти для легковых автомобилей / Сальник ступицы;Сальник ступицы;фото отклонено;DESCRIPTION_DECLINE:4194
970884658;17028756;Автотовары / Запчасти для легковых автомобилей / Скоба тормозного суппорта;Скоба тормозного суппорта;фото отклонено;DESCRIPTION_DECLINE:4194
970889789;17028756;Автотовары / Запчасти для легковых автомобилей / Переключатель подрулевой;Переключатель подрулевой;фото отклонено;DESCRIPTION_DECLINE:4194
970863598;17028756;Автотовары / Запчасти для легковых автомобилей / Втулка подвески;Втулка подвески;фото отклонено;DESCRIPTION_DECLINE:4194
971395896;17028756;Автотовары / Запчасти для легковых автомобилей / Подвеска автомобиля в сборе;Подвеска автомобиля в сборе;фото отклонено;DESCRIPTION_DECLINE:4194
971047410;17028756;Автотовары / Запчасти для легковых автомобилей / Диск фрикционный;Диск фрикционный;фото отклонено;DESCRIPTION_DECLINE:4194
971119881;17028756;Автотовары / Запчасти для легковых автомобилей / Компрессор тормозной системы;Компрессор тормозной системы;фото отклонено;DESCRIPTION_DECLINE:4194
970880271;17028756;Автотовары / Запчасти для легковых автомобилей / Маска для ксеноновых линз;Маска для ксеноновых линз;фото отклонено;DESCRIPTION_DECLINE:4194
970782910;17028756;Автотовары / Запчасти для легковых автомобилей / Поршень;Поршень;не создано;
970591588;17028756;Автотовары / Запчасти для легковых автомобилей / Пламегаситель;Пламегаситель;фото отклонено;DESCRIPTION_DECLINE:4194
971072694;17028756;Автотовары / Запчасти для легковых автомобилей / Картридж осушителя;Картридж осушителя;фото отклонено;DESCRIPTION_DECLINE:4194
98919;17028756;Автотовары / Запчасти для легковых автомобилей / Ролик ремня ГРМ;Ролик ремня ГРМ;не создано;
971061543;17028756;Автотовары / Запчасти для легковых автомобилей / Запчасти карбюратора;Запчасти карбюратора;фото отклонено;DESCRIPTION_DECLINE:4194
971168326;17028756;Автотовары / Запчасти для легковых автомобилей / Ручное управление на автомобили;Ручное управление на автомобили;фото отклонено;DESCRIPTION_DECLINE:4194
971072707;17028756;Автотовары / Запчасти для легковых автомобилей / Клапан тормозной;Клапан тормозной;фото отклонено;DESCRIPTION_DECLINE:4194
970977926;17028756;Автотовары / Запчасти для легковых автомобилей / Лифт-комплект подвески;Лифт-комплект подвески;фото отклонено;DESCRIPTION_DECLINE:4194
971094567;17028756;Автотовары / Запчасти для легковых автомобилей / Картер сцепления;Картер сцепления;фото отклонено;DESCRIPTION_DECLINE:4194
970889784;17028756;Автотовары / Запчасти для легковых автомобилей / Гильза цилиндра;Гильза цилиндра;не создано;
971036617;17028756;Автотовары / Запчасти для легковых автомобилей / Рычаг КПП;Рычаг КПП;фото отклонено;DESCRIPTION_DECLINE:4194
971749413;17028756;Автотовары / Запчасти для легковых автомобилей / Рычаг рулевого управления;Рычаг рулевого управления;фото отклонено;DESCRIPTION_DECLINE:4194
971405347;17028756;Автотовары / Запчасти для легковых автомобилей / Блок клапанов пневмоподвески;Блок клапанов пневмоподвески;фото отклонено;DESCRIPTION_DECLINE:4194
970859581;17028756;Автотовары / Запчасти для легковых автомобилей / Программатор ключа автомобильный;Программатор ключа автомобильный;фото отклонено;DESCRIPTION_DECLINE:4194
971072777;17028756;Автотовары / Запчасти для легковых автомобилей / Реле указателей поворота;Реле указателей поворота;фото отклонено;DESCRIPTION_DECLINE:4194
971072714;17028756;Автотовары / Запчасти для легковых автомобилей / Колесо рулевое;Колесо рулевое;фото отклонено;DESCRIPTION_DECLINE:4194
199761621;17028756;Автотовары / Запчасти для легковых автомобилей / Компьютер бортовой;Компьютер бортовой;не создано;
970707039;17028756;Автотовары / Запчасти для легковых автомобилей / Бачок стеклоомывателя;Бачок стеклоомывателя;фото отклонено;DESCRIPTION_DECLINE:4194
971072316;17028756;Автотовары / Запчасти для легковых автомобилей / Амортизатор рулевого управления;Амортизатор рулевого управления;фото отклонено;DESCRIPTION_DECLINE:4194
971047408;17028756;Автотовары / Запчасти для легковых автомобилей / Ремкомплект цилиндра тормозного;Ремкомплект цилиндра тормозного;фото отклонено;DESCRIPTION_DECLINE:4194
971072320;17028756;Автотовары / Запчасти для легковых автомобилей / Вал регулировочный;Вал регулировочный;фото отклонено;DESCRIPTION_DECLINE:4194
94670;17028756;Автотовары / Запчасти для легковых автомобилей / Блок обманка для фар;Блок обманка для фар;фото отклонено;DESCRIPTION_DECLINE:4194
971084355;17028756;Автотовары / Запчасти для легковых автомобилей / Ремкомплект катушки зажигания;Ремкомплект катушки зажигания;фото отклонено;DESCRIPTION_DECLINE:4194
971403115;17028756;Автотовары / Запчасти для легковых автомобилей / Балка подвески;Балка подвески;фото отклонено;DESCRIPTION_DECLINE:4194
970976187;17028756;Автотовары / Запчасти для легковых автомобилей / Рамка переходная для линз;Рамка переходная для линз;фото отклонено;DESCRIPTION_DECLINE:4194
971107287;17028756;Автотовары / Запчасти для легковых автомобилей / Планка фары;Планка фары;фото отклонено;DESCRIPTION_DECLINE:4194
970784043;17028756;Автотовары / Запчасти для легковых автомобилей / Рейка рулевая;Рейка рулевая;фото отклонено;DESCRIPTION_DECLINE:4194
971072744;17028756;Автотовары / Запчасти для легковых автомобилей / Лист рессоры;Лист рессоры;фото отклонено;DESCRIPTION_DECLINE:4194
971362792;17028756;Автотовары / Запчасти для легковых автомобилей / Шкив компрессора кондиционера;Шкив компрессора кондиционера;не создано;
92190;17028756;Автотовары / Запчасти для легковых автомобилей / Предохранитель автомобильный;Предохранитель автомобильный;фото отклонено;DESCRIPTION_DECLINE:4194
971123167;17028756;Автотовары / Запчасти для легковых автомобилей / Шестерня КПП;Шестерня КПП;не создано;
97611;17028756;Автотовары / Запчасти для легковых автомобилей / Защита рулевых тяг;Защита рулевых тяг;фото отклонено;DESCRIPTION_DECLINE:4194
970830217;17028756;Автотовары / Запчасти для легковых автомобилей / Пружина подвески;Пружина подвески;фото отклонено;DESCRIPTION_DECLINE:4194
970782958;17028756;Автотовары / Запчасти для легковых автомобилей / Рычаг маятниковый;Рычаг маятниковый;фото отклонено;DESCRIPTION_DECLINE:4194
971072768;17028756;Автотовары / Запчасти для легковых автомобилей / Прокладка глушителя;Прокладка глушителя;фото отклонено;DESCRIPTION_DECLINE:4194
98512;17028756;Автотовары / Запчасти для легковых автомобилей / Крышка бензобака;Крышка бензобака;фото отклонено;DESCRIPTION_DECLINE:4194
98863;17028756;Автотовары / Запчасти для легковых автомобилей / Опора амортизатора;Опора амортизатора;фото отклонено;DESCRIPTION_DECLINE:4194
971092522;17028756;Автотовары / Запчасти для легковых автомобилей / Щетка стартера;Щетка стартера;фото отклонено;DESCRIPTION_DECLINE:4194
970782911;17028756;Автотовары / Запчасти для легковых автомобилей / Радиатор охлаждения;Радиатор охлаждения;фото отклонено;DESCRIPTION_DECLINE:4194
971038324;17028756;Автотовары / Запчасти для легковых автомобилей / Баллон ГБО автомобильный;Баллон ГБО автомобильный;фото отклонено;DESCRIPTION_DECLINE:4194
98903;17028756;Автотовары / Запчасти для легковых автомобилей / Пыльник ШРУСа;Пыльник ШРУСа;фото отклонено;DESCRIPTION_DECLINE:4194
98826;17028756;Автотовары / Запчасти для легковых автомобилей / Заслонка дроссельная;Заслонка дроссельная;не создано;
971072712;17028756;Автотовары / Запчасти для легковых автомобилей / Ключ зажигания;Ключ зажигания;фото отклонено;DESCRIPTION_DECLINE:4194
970876400;17028756;Автотовары / Запчасти для легковых автомобилей / Статор стартера;Статор стартера;фото отклонено;DESCRIPTION_DECLINE:4194
98954;17028756;Автотовары / Запчасти для легковых автомобилей / Труба выхлопная;Труба выхлопная;фото отклонено;DESCRIPTION_DECLINE:4194
971072783;17028756;Автотовары / Запчасти для легковых автомобилей / Ресивер воздушный;Ресивер воздушный;фото отклонено;DESCRIPTION_DECLINE:4194
971072751;17028756;Автотовары / Запчасти для легковых автомобилей / Насос вакуумный автомобильный;Насос вакуумный автомобильный;фото отклонено;DESCRIPTION_DECLINE:4194
96853;17028756;Автотовары / Запчасти для легковых автомобилей / Кабель для автопроводки;Кабель для автопроводки;фото отклонено;DESCRIPTION_DECLINE:4194
98860;17028756;Автотовары / Запчасти для легковых автомобилей / Насос топливный;Насос топливный;фото отклонено;DESCRIPTION_DECLINE:4194
98911;17028756;Автотовары / Запчасти для легковых автомобилей / Реле регулятор;Реле регулятор;фото отклонено;DESCRIPTION_DECLINE:4194
970854836;17028756;Автотовары / Запчасти для легковых автомобилей / Корзина сцепления;Корзина сцепления;фото отклонено;DESCRIPTION_DECLINE:4194
970849745;17028756;Автотовары / Запчасти для легковых автомобилей / Рычаг подвески;Рычаг подвески;фото отклонено;DESCRIPTION_DECLINE:4194
971072755;17028756;Автотовары / Запчасти для легковых автомобилей / Палец рессоры;Палец рессоры;фото отклонено;DESCRIPTION_DECLINE:4194
367249974;17028756;Автотовары / Запчасти для легковых автомобилей / Лампа автомобильная;Лампа автомобильная;фото отклонено;DESCRIPTION_DECLINE:4194
970889775;17028756;Автотовары / Запчасти для легковых автомобилей / Ремкомплект стартера;Ремкомплект стартера;фото отклонено;DESCRIPTION_DECLINE:4194
971749421;17028756;Автотовары / Запчасти для легковых автомобилей / Блок радиатора автомобиля;Блок радиатора автомобиля;фото отклонено;DESCRIPTION_DECLINE:4194
971072765;17028756;Автотовары / Запчасти для легковых автомобилей / Пневмоамортизатор;Пневмоамортизатор;фото отклонено;DESCRIPTION_DECLINE:4194
971072319;17028756;Автотовары / Запчасти для легковых автомобилей / Вал промежуточный;Вал промежуточный;фото отклонено;DESCRIPTION_DECLINE:4194
970782921;17028756;Автотовары / Запчасти для легковых автомобилей / Запчасти ГРМ автомобиля;Запчасти ГРМ автомобиля;не создано;
970949369;17028756;Автотовары / Запчасти для легковых автомобилей / Кран тормозной главный;Кран тормозной главный;фото отклонено;DESCRIPTION_DECLINE:4194
970782259;17028756;Автотовары / Запчасти для легковых автомобилей / Радиатор масляный;Радиатор масляный;фото отклонено;DESCRIPTION_DECLINE:4194
970889781;17028756;Автотовары / Запчасти для легковых автомобилей / Дифференциал в сборе;Дифференциал в сборе;не создано;
971072733;17028756;Автотовары / Запчасти для легковых автомобилей / Кран радиатора автомобиля;Кран радиатора автомобиля;фото отклонено;DESCRIPTION_DECLINE:4194
970782912;17028756;Автотовары / Запчасти для легковых автомобилей / Сальник двигателя;Сальник двигателя;не создано;
970863588;17028756;Автотовары / Запчасти для легковых автомобилей / Осушитель кондиционера;Осушитель кондиционера;фото отклонено;DESCRIPTION_DECLINE:4194
971403240;17028756;Автотовары / Запчасти для легковых автомобилей / Контроллер ДХО;Контроллер ДХО;фото отклонено;DESCRIPTION_DECLINE:4194
98827;17028756;Автотовары / Запчасти для легковых автомобилей / Картер двигателя;Картер двигателя;не создано;
971072754;17028756;Автотовары / Запчасти для легковых автомобилей / Отбойник рессоры;Отбойник рессоры;фото отклонено;DESCRIPTION_DECLINE:4194
970885009;17028756;Автотовары / Запчасти для легковых автомобилей / Натяжитель цепи ГРМ;Натяжитель цепи ГРМ;не создано;
98868;17028756;Автотовары / Запчасти для легковых автомобилей / Опора КПП;Опора КПП;фото отклонено;DESCRIPTION_DECLINE:4194
970984760;17028756;Автотовары / Запчасти для легковых автомобилей / Гидроаккумулятор тормозной системы;Гидроаккумулятор тормозной системы;фото отклонено;DESCRIPTION_DECLINE:4194
98950;17028756;Автотовары / Запчасти для легковых автомобилей / Трубка тормозная;Трубка тормозная;фото отклонено;DESCRIPTION_DECLINE:4194
971102695;17028756;Автотовары / Запчасти для легковых автомобилей / Кожух фары;Кожух фары;фото отклонено;DESCRIPTION_DECLINE:4194
970978797;17028756;Автотовары / Запчасти для легковых автомобилей / Вилка сцепления;Вилка сцепления;фото отклонено;DESCRIPTION_DECLINE:4194
98934;17028756;Автотовары / Запчасти для легковых автомобилей / Сальник рулевого механизма;Сальник рулевого механизма;фото отклонено;DESCRIPTION_DECLINE:4194
970886195;17028756;Автотовары / Запчасти для легковых автомобилей / Группа контактная подушки безопасности;Группа контактная подушки безопасности;фото отклонено;DESCRIPTION_DECLINE:4194
970984870;17028756;Автотовары / Запчасти для легковых автомобилей / Вал рулевой;Вал рулевой;фото отклонено;DESCRIPTION_DECLINE:4194
971107886;17028756;Автотовары / Запчасти для легковых автомобилей / Корпус ключа зажигания;Корпус ключа зажигания;фото отклонено;DESCRIPTION_DECLINE:4194
971049422;17028756;Автотовары / Запчасти для легковых автомобилей / Вискомуфта вентилятора;Вискомуфта вентилятора;фото отклонено;DESCRIPTION_DECLINE:4194
98823;17028756;Автотовары / Запчасти для легковых автомобилей / Диск сцепления;Диск сцепления;фото отклонено;DESCRIPTION_DECLINE:4194
970863584;17028756;Автотовары / Запчасти для легковых автомобилей / Форсунка омывателя;Форсунка омывателя;фото отклонено;DESCRIPTION_DECLINE:4194
971007501;17028756;Автотовары / Запчасти для легковых автомобилей / Компрессор пневмоподвески;Компрессор пневмоподвески;фото отклонено;DESCRIPTION_DECLINE:4194
970964785;17028756;Автотовары / Запчасти для легковых автомобилей / Проводка к прицепу;Проводка к прицепу;не создано;
971224716;17028756;Автотовары / Запчасти для легковых автомобилей / Прожектор автомобильный;Прожектор автомобильный;фото отклонено;DESCRIPTION_DECLINE:4194
971032883;17028756;Автотовары / Запчасти для легковых автомобилей / Рычаг тормоза;Рычаг тормоза;фото отклонено;DESCRIPTION_DECLINE:4194
98829;17028756;Автотовары / Запчасти для легковых автомобилей / Клапан выпускной;Клапан выпускной;не создано;
971289920;17028756;Автотовары / Запчасти для легковых автомобилей / Адсорбер;Адсорбер;не создано;
971092514;17028756;Автотовары / Запчасти для легковых автомобилей / Ремкомплект форсунки;Ремкомплект форсунки;фото отклонено;DESCRIPTION_DECLINE:4194
970744258;17028756;Автотовары / Запчасти для легковых автомобилей / Комплект пневмоподвески;Комплект пневмоподвески;фото отклонено;DESCRIPTION_DECLINE:4194
971049581;17028756;Автотовары / Запчасти для легковых автомобилей / Мост автомобильный;Мост автомобильный;фото отклонено;DESCRIPTION_DECLINE:4194
970943749;17028756;Автотовары / Запчасти для легковых автомобилей / Горловина топливного бака;Горловина топливного бака;фото отклонено;DESCRIPTION_DECLINE:4194
970964738;17028756;Автотовары / Запчасти для легковых автомобилей / Подушка крепления глушителя;Подушка крепления глушителя;фото отклонено;DESCRIPTION_DECLINE:4194
971047161;17028756;Автотовары / Запчасти для легковых автомобилей / Ремкомплект стояночного тормоза;Ремкомплект стояночного тормоза;фото отклонено;DESCRIPTION_DECLINE:4194
98805;17028756;Автотовары / Запчасти для легковых автомобилей / Вал карданный;Вал карданный;фото отклонено;DESCRIPTION_DECLINE:4194
970876402;17028756;Автотовары / Запчасти для легковых автомобилей / Щеткодержатель стартера;Щеткодержатель стартера;фото отклонено;DESCRIPTION_DECLINE:4194
970854831;17028756;Автотовары / Запчасти для легковых автомобилей / Вентилятор радиатора;Вентилятор радиатора;фото отклонено;DESCRIPTION_DECLINE:4194
68793832;17028756;Автотовары / Запчасти для легковых автомобилей / Защита трубок кондиционера;Защита трубок кондиционера;фото отклонено;DESCRIPTION_DECLINE:4194
98963;17028756;Автотовары / Запчасти для легковых автомобилей / Цилиндр сцепления;Цилиндр сцепления;фото отклонено;DESCRIPTION_DECLINE:4194
970863595;17028756;Автотовары / Запчасти для легковых автомобилей / Наконечник свечной;Наконечник свечной;фото отклонено;DESCRIPTION_DECLINE:4194
971047417;17028756;Автотовары / Запчасти для легковых автомобилей / Реле универсальное автомобильное;Реле универсальное автомобильное;фото отклонено;DESCRIPTION_DECLINE:4194
971095436;17028756;Автотовары / Запчасти для легковых автомобилей / Штуцер тормозной трубки;Штуцер тормозной трубки;фото отклонено;DESCRIPTION_DECLINE:4194
65454055;17028756;Автотовары / Запчасти для легковых автомобилей / Розетка прикуривателя;Розетка прикуривателя;фото отклонено;DESCRIPTION_DECLINE:4194
971072772;17028756;Автотовары / Запчасти для легковых автомобилей / Рампа топливная;Рампа топливная;фото отклонено;DESCRIPTION_DECLINE:4194
971072788;17028756;Автотовары / Запчасти для легковых автомобилей / Стекло фары;Стекло фары;фото отклонено;DESCRIPTION_DECLINE:4194
971749141;17028756;Автотовары / Запчасти для легковых автомобилей / Программатор для чип-тюнинга;Программатор для чип-тюнинга;фото отклонено;DESCRIPTION_DECLINE:4194
971058287;17028756;Автотовары / Запчасти для легковых автомобилей / Кольцо поршневое;Кольцо поршневое;не создано;
970876401;17028756;Автотовары / Запчасти для легковых автомобилей / Шкив генератора;Шкив генератора;не создано;
971047409;17028756;Автотовары / Запчасти для легковых автомобилей / Пружина сцепления;Пружина сцепления;фото отклонено;DESCRIPTION_DECLINE:4194
970831240;17028756;Автотовары / Запчасти для легковых автомобилей / Автономный отопитель автомобильный;Автономный отопитель автомобильный;фото отклонено;DESCRIPTION_DECLINE:4194
971072731;17028756;Автотовары / Запчасти для легковых автомобилей / Корректор фар;Корректор фар;фото отклонено;DESCRIPTION_DECLINE:4194
98840;17028756;Автотовары / Запчасти для легковых автомобилей / Комплект сцепления;Комплект сцепления;фото отклонено;DESCRIPTION_DECLINE:4194
970836768;17028756;Автотовары / Запчасти для легковых автомобилей / Мотор отопителя;Мотор отопителя;фото отклонено;DESCRIPTION_DECLINE:4194
970889770;17028756;Автотовары / Запчасти для легковых автомобилей / Втулка амортизатора;Втулка амортизатора;фото отклонено;DESCRIPTION_DECLINE:4194
95766;17028756;Автотовары / Запчасти для легковых автомобилей / Свеча нагрева охлаждающей жидкости;Свеча нагрева охлаждающей жидкости;другая ошибка;INCORRECT_DIMENSION:0
970896093;17028756;Автотовары / Запчасти для легковых автомобилей / Узел подшипниковый;Узел подшипниковый;фото отклонено;DESCRIPTION_DECLINE:4194
970889791;17028756;Автотовары / Запчасти для легковых автомобилей / Модуль зажигания;Модуль зажигания;фото отклонено;DESCRIPTION_DECLINE:4194
971072698;17028756;Автотовары / Запчасти для легковых автомобилей / Клапан кондиционера;Клапан кондиционера;фото отклонено;DESCRIPTION_DECLINE:4194
970889780;17028756;Автотовары / Запчасти для легковых автомобилей / Коллектор генератора;Коллектор генератора;не создано;
94668;17028756;Автотовары / Запчасти для легковых автомобилей / Утеплитель радиатора;Утеплитель радиатора;фото отклонено;DESCRIPTION_DECLINE:4194
970784816;17028756;Автотовары / Запчасти для легковых автомобилей / Ремень вариатора;Ремень вариатора;фото отклонено;DESCRIPTION_DECLINE:4194
970989394;17028756;Автотовары / Запчасти для легковых автомобилей / Муфта электромагнитная;Муфта электромагнитная;фото отклонено;DESCRIPTION_DECLINE:4194
970977925;17028756;Автотовары / Запчасти для легковых автомобилей / Проставка для увеличения клиренса;Проставка для увеличения клиренса;фото отклонено;DESCRIPTION_DECLINE:4194
660194641;17028756;Автотовары / Запчасти для легковых автомобилей / Защита рычагов подвески;Защита рычагов подвески;фото отклонено;DESCRIPTION_DECLINE:4194
970885011;17028756;Автотовары / Запчасти для легковых автомобилей / Мотор стеклоомывателя;Мотор стеклоомывателя;фото отклонено;DESCRIPTION_DECLINE:4194
971026650;17028756;Автотовары / Запчасти для легковых автомобилей / Блок цилиндров;Блок цилиндров;не создано;
971062550;17028756;Автотовары / Запчасти для легковых автомобилей / Поддомкратник;Поддомкратник;фото отклонено;DESCRIPTION_DECLINE:4194
970741865;17028756;Автотовары / Запчасти для легковых автомобилей / Двигатель бензонасоса;Двигатель бензонасоса;фото отклонено;DESCRIPTION_DECLINE:4194
971159268;17028756;Автотовары / Запчасти для легковых автомобилей / Комплект для вывода сапунов;Комплект для вывода сапунов;не создано;
971072743;17028756;Автотовары / Запчасти для легковых автомобилей / Кулиса КПП;Кулиса КПП;не создано;
98869;17028756;Автотовары / Запчасти для легковых автомобилей / Опора редуктора;Опора редуктора;фото отклонено;DESCRIPTION_DECLINE:4194
98906;17028756;Автотовары / Запчасти для легковых автомобилей / Резонатор глушителя;Резонатор глушителя;фото отклонено;DESCRIPTION_DECLINE:4194
971072767;17028756;Автотовары / Запчасти для легковых автомобилей / Полурессора;Полурессора;фото отклонено;DESCRIPTION_DECLINE:4194
970693185;17028756;Автотовары / Запчасти для легковых автомобилей / Омыватель фар;Омыватель фар;фото отклонено;DESCRIPTION_DECLINE:4194
971013346;17028756;Автотовары / Запчасти для легковых автомобилей / Автоконтроллер плавного включения фар;Автоконтроллер плавного включения фар;фото отклонено;DESCRIPTION_DECLINE:4194
970882084;17028756;Автотовары / Запчасти для легковых автомобилей / Блок ABS;Блок ABS;фото отклонено;DESCRIPTION_DECLINE:4194
98953;17028756;Автотовары / Запчасти для легковых автомобилей / Трос сцепления;Трос сцепления;фото отклонено;DESCRIPTION_DECLINE:4194
971362723;17028756;Автотовары / Запчасти для легковых автомобилей / Омыватель камеры автомобиля;Омыватель камеры автомобиля;фото отклонено;DESCRIPTION_DECLINE:4194
98918;17028756;Автотовары / Запчасти для легковых автомобилей / Ремкомплект тормозного механизма;Ремкомплект тормозного механизма;фото отклонено;DESCRIPTION_DECLINE:4194
970707037;17028756;Автотовары / Запчасти для легковых автомобилей / Генератор в сборе;Генератор в сборе;фото отклонено;DESCRIPTION_DECLINE:4194
970889793;17028756;Автотовары / Запчасти для легковых автомобилей / Бегунок распределителя зажигания;Бегунок распределителя зажигания;фото отклонено;DESCRIPTION_DECLINE:4194
971072792;17028756;Автотовары / Запчасти для легковых автомобилей / Топливозаборник;Топливозаборник;фото отклонено;DESCRIPTION_DECLINE:4194
971100632;17028756;Автотовары / Запчасти для легковых автомобилей / Ремкомплект глушителя;Ремкомплект глушителя;фото отклонено;DESCRIPTION_DECLINE:4194
971100605;17028756;Автотовары / Запчасти для легковых автомобилей / Ремкомплект КПП;Ремкомплект КПП;фото отклонено;DESCRIPTION_DECLINE:4194
970853203;17028756;Автотовары / Запчасти для легковых автомобилей / Цоколь автомобильной лампы;Цоколь автомобильной лампы;фото отклонено;DESCRIPTION_DECLINE:4194
971047411;17028756;Автотовары / Запчасти для легковых автомобилей / Пневморессора;Пневморессора;фото отклонено;DESCRIPTION_DECLINE:4194
970840966;17028756;Автотовары / Запчасти для легковых автомобилей / Втулка стабилизатора;Втулка стабилизатора;фото отклонено;DESCRIPTION_DECLINE:4194
971072791;17028756;Автотовары / Запчасти для легковых автомобилей / Толкатель клапана;Толкатель клапана;не создано;
970782175;17028756;Автотовары / Запчасти для легковых автомобилей / Электровентилятор отопления;Электровентилятор отопления;фото отклонено;DESCRIPTION_DECLINE:4194
970854835;17028756;Автотовары / Запчасти для легковых автомобилей / Жгут проводов;Жгут проводов;фото отклонено;DESCRIPTION_DECLINE:4194
971452664;17028756;Автотовары / Запчасти для легковых автомобилей / Ниппель автокондиционера;Ниппель автокондиционера;фото отклонено;DESCRIPTION_DECLINE:4194
970889788;17028756;Автотовары / Запчасти для легковых автомобилей / Муфта карданного вала;Муфта карданного вала;фото отклонено;DESCRIPTION_DECLINE:4194
970781671;17028756;Автотовары / Запчасти для легковых автомобилей / Радиатор кондиционера;Радиатор кондиционера;фото отклонено;DESCRIPTION_DECLINE:4194
971072758;17028756;Автотовары / Запчасти для легковых автомобилей / Панель приборная;Панель приборная;фото отклонено;DESCRIPTION_DECLINE:4194
970637221;17028756;Автотовары / Запчасти для легковых автомобилей / Информационное табло автомобильное;Информационное табло автомобильное;фото отклонено;DESCRIPTION_DECLINE:4194
971123163;17028756;Автотовары / Запчасти для легковых автомобилей / Тяга кулисы КПП;Тяга кулисы КПП;не создано;
970984897;17028756;Автотовары / Запчасти для легковых автомобилей / Соленоид КПП;Соленоид КПП;не создано;
971072679;17028756;Автотовары / Запчасти для легковых автомобилей / Втулка стартера;Втулка стартера;фото отклонено;DESCRIPTION_DECLINE:4194
970944609;17028756;Автотовары / Запчасти для легковых автомобилей / Проставка пружины подвески;Проставка пружины подвески;фото отклонено;DESCRIPTION_DECLINE:4194
971100600;17028756;Автотовары / Запчасти для легковых автомобилей / Ремкомплект стеклоомывателя;Ремкомплект стеклоомывателя;фото отклонено;DESCRIPTION_DECLINE:4194
971072701;17028756;Автотовары / Запчасти для легковых автомобилей / Клапан отопителя;Клапан отопителя;фото отклонено;DESCRIPTION_DECLINE:4194
970744063;17028756;Автотовары / Запчасти для легковых автомобилей / Амортизатор подвески;Амортизатор подвески;фото отклонено;DESCRIPTION_DECLINE:4194
971092515;17028756;Автотовары / Запчасти для легковых автомобилей / Ремкомплект фары;Ремкомплект фары;фото отклонено;DESCRIPTION_DECLINE:4194
970725995;17028756;Автотовары / Запчасти для легковых автомобилей / Насадка на глушитель;Насадка на глушитель;фото отклонено;DESCRIPTION_DECLINE:4194
971072774;17028756;Автотовары / Запчасти для легковых автомобилей / Рассеиватель фары;Рассеиватель фары;фото отклонено;DESCRIPTION_DECLINE:4194
970984776;17028756;Автотовары / Запчасти для легковых автомобилей / Трос акселератора;Трос акселератора;фото отклонено;DESCRIPTION_DECLINE:4194
971123162;17028756;Автотовары / Запчасти для легковых автомобилей / Пыльник шаровой опоры;Пыльник шаровой опоры;фото отклонено;DESCRIPTION_DECLINE:4194
971026649;17028756;Автотовары / Запчасти для легковых автомобилей / Гидротрансформатор;Гидротрансформатор;фото отклонено;DESCRIPTION_DECLINE:4194
98968;17028756;Автотовары / Запчасти для легковых автомобилей / ШРУС наружный;ШРУС наружный;фото отклонено;DESCRIPTION_DECLINE:4194
971061545;17028756;Автотовары / Запчасти для легковых автомобилей / Ремкомплект подвески;Ремкомплект подвески;фото отклонено;DESCRIPTION_DECLINE:4194
970583533;17028756;Автотовары / Запчасти для легковых автомобилей / Бак топливный;Бак топливный;фото отклонено;DESCRIPTION_DECLINE:4194
98916;17028756;Автотовары / Запчасти для легковых автомобилей / Ремкомплект рулевой рейки;Ремкомплект рулевой рейки;фото отклонено;DESCRIPTION_DECLINE:4194
971109199;17028756;Автотовары / Запчасти для легковых автомобилей / Шлейф подрулевой;Шлейф подрулевой;фото отклонено;DESCRIPTION_DECLINE:4194
970892944;17028756;Автотовары / Запчасти для легковых автомобилей / Регулятор тормозных сил;Регулятор тормозных сил;фото отклонено;DESCRIPTION_DECLINE:4194
971072672;17028756;Автотовары / Запчасти для легковых автомобилей / Втулка КПП;Втулка КПП;фото отклонено;DESCRIPTION_DECLINE:4194
98917;17028756;Автотовары / Запчасти для легковых автомобилей / Ремкомплект суппорта;Ремкомплект суппорта;фото отклонено;DESCRIPTION_DECLINE:4194
971437048;17028756;Автотовары / Запчасти для легковых автомобилей / Диафрагма тормозной камеры;Диафрагма тормозной камеры;фото отклонено;DESCRIPTION_DECLINE:4194
970889794;17028756;Автотовары / Запчасти для легковых автомобилей / Крышка радиатора;Крышка радиатора;фото отклонено;DESCRIPTION_DECLINE:4194
971049569;17028756;Автотовары / Запчасти для легковых автомобилей / Колесная муфта;Колесная муфта;фото отклонено;DESCRIPTION_DECLINE:4194
98873;17028756;Автотовары / Запчасти для легковых автомобилей / Патрубок автомобильный;Патрубок автомобильный;не создано;
970885012;17028756;Автотовары / Запчасти для легковых автомобилей / Мотор вентилятора;Мотор вентилятора;фото отклонено;DESCRIPTION_DECLINE:4194
98855;17028756;Автотовары / Запчасти для легковых автомобилей / Направляющая клапана;Направляющая клапана;не создано;
970889776;17028756;Автотовары / Запчасти для легковых автомобилей / Редуктор стартера;Редуктор стартера;фото отклонено;DESCRIPTION_DECLINE:4194
971156221;17028756;Автотовары / Запчасти для легковых автомобилей / Фланец охлаждения;Фланец охлаждения;фото отклонено;DESCRIPTION_DECLINE:4194
971217996;17028756;Автотовары / Запчасти для легковых автомобилей / Электродвигатель автомобильный;Электродвигатель автомобильный;не создано;
971072781;17028756;Автотовары / Запчасти для легковых автомобилей / Ремкомплект ТНВД;Ремкомплект ТНВД;фото отклонено;DESCRIPTION_DECLINE:4194
98818;17028756;Автотовары / Запчасти для легковых автомобилей / Гофра глушителя;Гофра глушителя;фото отклонено;DESCRIPTION_DECLINE:4194
971309738;17028756;Автотовары / Запчасти для легковых автомобилей / Тахометр автомобильный;Тахометр автомобильный;фото отклонено;DESCRIPTION_DECLINE:4194
971047422;17028756;Автотовары / Запчасти для легковых автомобилей / Вал тормознoй;Вал тормознoй;фото отклонено;DESCRIPTION_DECLINE:4194
970882087;17028756;Автотовары / Запчасти для легковых автомобилей / Пневмосистема тормозная;Пневмосистема тормозная;фото отклонено;DESCRIPTION_DECLINE:4194
98948;17028756;Автотовары / Запчасти для легковых автомобилей / ТНВД;ТНВД;другая ошибка;DESCRIPTION_DECLINE:4180
971157109;17028756;Автотовары / Запчасти для легковых автомобилей / Лента тормозная;Лента тормозная;фото отклонено;DESCRIPTION_DECLINE:4194
94671;17028756;Автотовары / Запчасти для легковых автомобилей / Блок розжига для ксеноновых ламп;Блок розжига для ксеноновых ламп;фото отклонено;DESCRIPTION_DECLINE:4194
98833;17028756;Автотовары / Запчасти для легковых автомобилей / Коллектор впускной;Коллектор впускной;не создано;
290836202;17028756;Автотовары / Запчасти для легковых автомобилей / Блок питания сети автомобиля;Блок питания сети автомобиля;фото отклонено;DESCRIPTION_DECLINE:4194
971049580;17028756;Автотовары / Запчасти для легковых автомобилей / Ремкомплект лючка бензобака;Ремкомплект лючка бензобака;фото отклонено;DESCRIPTION_DECLINE:4194
970889792;17028756;Автотовары / Запчасти для легковых автомобилей / Ремкомплект ШРУСа;Ремкомплект ШРУСа;фото отклонено;DESCRIPTION_DECLINE:4194
970892937;17028756;Автотовары / Запчасти для легковых автомобилей / Мотор стеклоочистителя;Мотор стеклоочистителя;фото отклонено;DESCRIPTION_DECLINE:4194
970863597;17028756;Автотовары / Запчасти для легковых автомобилей / Заглушка ГБЦ;Заглушка ГБЦ;не создано;
970889768;17028756;Автотовары / Запчасти для легковых автомобилей / Рычаг стеклоочистителя;Рычаг стеклоочистителя;фото отклонено;DESCRIPTION_DECLINE:4194
970892938;17028756;Автотовары / Запчасти для легковых автомобилей / Подрамник двигателя;Подрамник двигателя;фото отклонено;DESCRIPTION_DECLINE:4194
98801;17028756;Автотовары / Запчасти для легковых автомобилей / Привод ременный;Привод ременный;фото отклонено;DESCRIPTION_DECLINE:4194
98893;17028756;Автотовары / Запчасти для легковых автомобилей / Комплект высоковольтных проводов;Комплект высоковольтных проводов;фото отклонено;DESCRIPTION_DECLINE:4194
971072796;17028756;Автотовары / Запчасти для легковых автомобилей / Турбонагнетатель;Турбонагнетатель;не создано;
970594170;17028756;Автотовары / Запчасти для легковых автомобилей / Защита двигателя, КПП;Защита двигателя, КПП;фото отклонено;DESCRIPTION_DECLINE:4194
971072790;17028756;Автотовары / Запчасти для легковых автомобилей / Тарелка пружины подвески;Тарелка пружины подвески;фото отклонено;DESCRIPTION_DECLINE:4194
195889442;17028756;Автотовары / Запчасти для легковых автомобилей / Автобаферы;Автобаферы;не создано;
971309741;17028756;Автотовары / Запчасти для легковых автомобилей / Замок центральный автомобильный;Замок центральный автомобильный;фото отклонено;DESCRIPTION_DECLINE:4194
98902;17028756;Автотовары / Запчасти для легковых автомобилей / Пыльник рулевой рейки;Пыльник рулевой рейки;фото отклонено;DESCRIPTION_DECLINE:4194
970863599;17028756;Автотовары / Запчасти для легковых автомобилей / Актуатор сцепления;Актуатор сцепления;фото отклонено;DESCRIPTION_DECLINE:4194
68793835;17028756;Автотовары / Запчасти для легковых автомобилей / Защита дифференциала заднего моста;Защита дифференциала заднего моста;фото отклонено;DESCRIPTION_DECLINE:4194
970896094;17028756;Автотовары / Запчасти для легковых автомобилей / Запчасти автомобильных подшипников;Запчасти автомобильных подшипников;фото отклонено;DESCRIPTION_DECLINE:4194
98912;17028756;Автотовары / Запчасти для легковых автомобилей / Ремень ГРМ;Ремень ГРМ;не создано;
971072761;17028756;Автотовары / Запчасти для легковых автомобилей / Передача планетарная;Передача планетарная;другая ошибка;DESCRIPTION_DECLINE:22507
98901;17028756;Автотовары / Запчасти для легковых автомобилей / Пыльник наконечника рулевого;Пыльник наконечника рулевого;фото отклонено;DESCRIPTION_DECLINE:4194
98952;17028756;Автотовары / Запчасти для легковых автомобилей / Трос ручного тормоза;Трос ручного тормоза;фото отклонено;DESCRIPTION_DECLINE:4194
98874;17028756;Автотовары / Запчасти для легковых автомобилей / Педаль акселератора;Педаль акселератора;фото отклонено;DESCRIPTION_DECLINE:4194
971072704;17028756;Автотовары / Запчасти для легковых автомобилей / Клапан редукционный;Клапан редукционный;фото отклонено;DESCRIPTION_DECLINE:4194
971045568;17028756;Автотовары / Запчасти для легковых автомобилей / Редуктор моста;Редуктор моста;фото отклонено;DESCRIPTION_DECLINE:4194
971072736;17028756;Автотовары / Запчасти для легковых автомобилей / Крыльчатка вентилятора радиатора;Крыльчатка вентилятора радиатора;фото отклонено;DESCRIPTION_DECLINE:4194
971106653;17028756;Автотовары / Запчасти для легковых автомобилей / Поддон КПП;Поддон КПП;фото отклонено;DESCRIPTION_DECLINE:4194
382839438;17028756;Автотовары / Запчасти для легковых автомобилей / Модуль дальнего, ближнего света;Модуль дальнего, ближнего света;фото отклонено;DESCRIPTION_DECLINE:4194
970744686;17028756;Автотовары / Запчасти для легковых автомобилей / Катушка зажигания;Катушка зажигания;фото отклонено;DESCRIPTION_DECLINE:4194
971100633;17028756;Автотовары / Запчасти для легковых автомобилей / Ремкомплект сцепления;Ремкомплект сцепления;фото отклонено;DESCRIPTION_DECLINE:4194
98814;17028756;Автотовары / Запчасти для легковых автомобилей / Головка блока цилиндров;Головка блока цилиндров;не создано;
98939;17028756;Автотовары / Запчасти для легковых автомобилей / Стабилизатор поперечной устойчивости;Стабилизатор поперечной устойчивости;фото отклонено;DESCRIPTION_DECLINE:4194
970799804;17028756;Автотовары / Запчасти для легковых автомобилей / Запчасти автомобильные;Запчасти автомобильные;не создано;
970882211;17028756;Автотовары / Запчасти для легковых автомобилей / Дизельный отопитель автономный;Дизельный отопитель автономный;фото отклонено;DESCRIPTION_DECLINE:4194
970889769;17028756;Автотовары / Запчасти для легковых автомобилей / Замок зажигания;Замок зажигания;фото отклонено;DESCRIPTION_DECLINE:4194
971749367;17028756;Автотовары / Запчасти для легковых автомобилей / Трубка ДВС;Трубка ДВС;не создано;
971009111;17028756;Автотовары / Запчасти для легковых автомобилей / Запчасти для ГБО;Запчасти для ГБО;фото отклонено;DESCRIPTION_DECLINE:4194
971049316;17028756;Автотовары / Запчасти для легковых автомобилей / Муфта КПП;Муфта КПП;фото отклонено;DESCRIPTION_DECLINE:4194
98859;17028756;Автотовары / Запчасти для легковых автомобилей / Насос масляный;Насос масляный;не создано;
98870;17028756;Автотовары / Запчасти для легковых автомобилей / Опора шаровая;Опора шаровая;фото отклонено;DESCRIPTION_DECLINE:4194
971852452;17028756;Автотовары / Запчасти для легковых автомобилей / Накладки тормозные;Накладки тормозные;не создано;
68793836;17028756;Автотовары / Запчасти для легковых автомобилей / Защита абсорбера;Защита абсорбера;фото отклонено;DESCRIPTION_DECLINE:4194
971818474;17028756;Автотовары / Запчасти для легковых автомобилей / Ремкомплект двигателя;Ремкомплект двигателя;не создано;
971006424;17028756;Автотовары / Запчасти для легковых автомобилей / Корректор педали газа;Корректор педали газа;фото отклонено;DESCRIPTION_DECLINE:4194
193084524;17028756;Автотовары / Запчасти для легковых автомобилей / Проектор на лобовое стекло;Проектор на лобовое стекло;фото отклонено;DESCRIPTION_DECLINE:4194
98900;17028756;Автотовары / Запчасти для легковых автомобилей / Пыльник амортизатора;Пыльник амортизатора;фото отклонено;DESCRIPTION_DECLINE:4194
971008241;17028756;Автотовары / Запчасти для легковых автомобилей / Колонка рулевая;Колонка рулевая;фото отклонено;DESCRIPTION_DECLINE:4194
277254736;17028756;Автотовары / Запчасти для легковых автомобилей / Комплект для подогрева сиденья;Комплект для подогрева сиденья;фото отклонено;DESCRIPTION_DECLINE:4194
970889771;17028756;Автотовары / Запчасти для легковых автомобилей / Скоба крепления рессоры;Скоба крепления рессоры;фото отклонено;DESCRIPTION_DECLINE:4194
970785802;17028756;Автотовары / Запчасти для легковых автомобилей / Моторокомплект;Моторокомплект;не создано;
970885008;17028756;Автотовары / Запчасти для легковых автомобилей / Регулятор холостого хода;Регулятор холостого хода;фото отклонено;DESCRIPTION_DECLINE:4194
98847;17028756;Автотовары / Запчасти для легковых автомобилей / Крышка клапана;Крышка клапана;не создано;
970892940;17028756;Автотовары / Запчасти для легковых автомобилей / Кожух тормозного диска;Кожух тормозного диска;фото отклонено;DESCRIPTION_DECLINE:4194
971072760;17028756;Автотовары / Запчасти для легковых автомобилей / Панель радиатора;Панель радиатора;фото отклонено;DESCRIPTION_DECLINE:4194
98894;17028756;Автотовары / Запчасти для легковых автомобилей / Прокладка двигателя;Прокладка двигателя;не создано;
971049571;17028756;Автотовары / Запчасти для легковых автомобилей / Маслоотделитель вентиляции картера;Маслоотделитель вентиляции картера;не создано;
971109202;17028756;Автотовары / Запчасти для легковых автомобилей / Втулка рейки рулевой;Втулка рейки рулевой;фото отклонено;DESCRIPTION_DECLINE:4194
971314204;17028756;Автотовары / Запчасти для легковых автомобилей / Выключатель массы АКБ;Выключатель массы АКБ;фото отклонено;DESCRIPTION_DECLINE:4194
970781727;17028756;Автотовары / Запчасти для легковых автомобилей / Радиатор отопителя салона;Радиатор отопителя салона;фото отклонено;DESCRIPTION_DECLINE:4194
970863601;17028756;Автотовары / Запчасти для легковых автомобилей / Сальник дифференциала;Сальник дифференциала;фото отклонено;DESCRIPTION_DECLINE:4194
971123170;17028756;Автотовары / Запчасти для легковых автомобилей / Шестерня коленвала;Шестерня коленвала;не создано;
970863585;17028756;Автотовары / Запчасти для легковых автомобилей / Усилитель тормозов вакуумный;Усилитель тормозов вакуумный;фото отклонено;DESCRIPTION_DECLINE:4194
971072711;17028756;Автотовары / Запчасти для легковых автомобилей / Клапан ГБЦ;Клапан ГБЦ;не создано;
971005681;17028756;Автотовары / Запчасти для легковых автомобилей / Блок управления;Блок управления;не создано;
971024816;17028756;Автотовары / Запчасти для легковых автомобилей / Запчасти для автономного отопителя;Запчасти для автономного отопителя;фото отклонено;DESCRIPTION_DECLINE:4194
971159065;17028756;Автотовары / Запчасти для легковых автомобилей / Доводчик автомобильный;Доводчик автомобильный;фото отклонено;DESCRIPTION_DECLINE:4194
971047429;17028756;Автотовары / Запчасти для легковых автомобилей / Опора карданного вала;Опора карданного вала;фото отклонено;DESCRIPTION_DECLINE:4194
970892939;17028756;Автотовары / Запчасти для легковых автомобилей / Крышка генератора;Крышка генератора;не создано;
971041399;17028756;Автотовары / Запчасти для легковых автомобилей / Розетка врезная автомобильная;Розетка врезная автомобильная;фото отклонено;DESCRIPTION_DECLINE:4194
971072710;17028756;Автотовары / Запчасти для легковых автомобилей / Клапан холостого хода;Клапан холостого хода;не создано;
970957814;17028756;Автотовары / Запчасти для легковых автомобилей / Переходник для светодиодных ламп;Переходник для светодиодных ламп;фото отклонено;DESCRIPTION_DECLINE:4194
98905;17028756;Автотовары / Запчасти для легковых автомобилей / Распредвал;Распредвал;не создано;
970741867;17028756;Автотовары / Запчасти для легковых автомобилей / Насос топливный низкого давления;Насос топливный низкого давления;фото отклонено;DESCRIPTION_DECLINE:4194
971403742;17028756;Автотовары / Запчасти для легковых автомобилей / Кулак поворотный;Кулак поворотный;фото отклонено;DESCRIPTION_DECLINE:4194
970889764;17028756;Автотовары / Запчасти для легковых автомобилей / Маслоуловитель;Маслоуловитель;не создано;
970584071;17028756;Автотовары / Запчасти для легковых автомобилей / Шланг автомобильный;Шланг автомобильный;фото отклонено;DESCRIPTION_DECLINE:4194
98858;17028756;Автотовары / Запчасти для легковых автомобилей / Насос ГУР;Насос ГУР;фото отклонено;DESCRIPTION_DECLINE:4194
970782977;17028756;Автотовары / Запчасти для легковых автомобилей / Ремень генератора;Ремень генератора;не создано;
970892936;17028756;Автотовары / Запчасти для легковых автомобилей / Запчасти турбокомпрессора автомобиля;Запчасти турбокомпрессора автомобиля;не создано;
971092865;17028756;Автотовары / Запчасти для легковых автомобилей / Вентиль для автокондиционера;Вентиль для автокондиционера;фото отклонено;DESCRIPTION_DECLINE:4194
971072692;17028756;Автотовары / Запчасти для легковых автомобилей / Испаритель кондиционера;Испаритель кондиционера;фото отклонено;DESCRIPTION_DECLINE:4194
94672;17028756;Автотовары / Запчасти для легковых автомобилей / Блок согласования электропроводки;Блок согласования электропроводки;фото отклонено;DESCRIPTION_DECLINE:4194
971047419;17028756;Автотовары / Запчасти для легковых автомобилей / Ремкомплект насоса водяного;Ремкомплект насоса водяного;фото отклонено;DESCRIPTION_DECLINE:4194
971067991;17028756;Автотовары / Запчасти для легковых автомобилей / Коробка раздаточная;Коробка раздаточная;фото отклонено;DESCRIPTION_DECLINE:4194
971749394;17028756;Автотовары / Запчасти для легковых автомобилей / Кожух рулевой колонки;Кожух рулевой колонки;фото отклонено;DESCRIPTION_DECLINE:4194
971984388;80189074;Автотовары / Мотоаксессуары / Мотономер сувенирный;Мотономер сувенирный;фото отклонено;DESCRIPTION_DECLINE:4194
971454529;80189074;Автотовары / Мотоаксессуары / Крепление на мотокофр;Крепление на мотокофр;фото отклонено;DESCRIPTION_DECLINE:4194
98169;80189074;Автотовары / Мотоаксессуары / Номера для шлема;Номера для шлема;другая ошибка;DESCRIPTION_DECLINE:22507
971094493;80189074;Автотовары / Мотоаксессуары / Чека безопасности для снегохода;Чека безопасности для снегохода;фото отклонено;DESCRIPTION_DECLINE:4194
971409150;80189074;Автотовары / Мотоаксессуары / Резак для лыжни;Резак для лыжни;фото отклонено;"DESCRIPTION_DECLINE:4194;DESCRIPTION_DECLINE:22507"
971311148;80189074;Автотовары / Мотоаксессуары / Стропа для мототехники;Стропа для мототехники;фото отклонено;DESCRIPTION_DECLINE:4194
92177;80189074;Автотовары / Мотоаксессуары / Мотокофр;Мотокофр;фото отклонено;DESCRIPTION_DECLINE:4194
971100145;80189074;Автотовары / Мотоаксессуары / Аксессуар для хранения мотоэкипировки;Аксессуар для хранения мотоэкипировки;фото отклонено;DESCRIPTION_DECLINE:4194
971094489;80189074;Автотовары / Мотоаксессуары / Скребки для снегохода;Скребки для снегохода;фото отклонено;DESCRIPTION_DECLINE:4194
970967837;80189074;Автотовары / Мотоаксессуары / Пульт для мотогарнитуры;Пульт для мотогарнитуры;другая ошибка;DESCRIPTION_DECLINE:22507
94675;17028904;Автотовары / Автозвук / Контакт-коннектор;Контакт-коннектор;не создано;
971034793;17028904;Автотовары / Автозвук / Bluetooth-адаптер автомобильный;Bluetooth-адаптер автомобильный;не создано;
65454046;17028904;Автотовары / Автозвук / Кольца проставочные;Кольца проставочные;фото отклонено;DESCRIPTION_DECLINE:4194
970859626;17028904;Автотовары / Автозвук / Разветвитель для автоакустики;Разветвитель для автоакустики;не создано;
970859623;17028904;Автотовары / Автозвук / Держатель предохранителя для автомобиля;Держатель предохранителя для автомобиля;не создано;
970859632;17028904;Автотовары / Автозвук / Распределитель питания для автоакустики;Распределитель питания для автоакустики;не создано;
91919;17028904;Автотовары / Автозвук / Усилитель автомобильный;Усилитель автомобильный;не создано;
970879949;17028904;Автотовары / Автозвук / Адаптер для автоусилителя;Адаптер для автоусилителя;не создано;
971440269;17028904;Автотовары / Автозвук / Преобразователь для автоакустики;Преобразователь для автоакустики;не создано;
970724822;17028904;Автотовары / Автозвук / Мотоакустика;Мотоакустика;не создано;
971152341;17028904;Автотовары / Автозвук / Аудиопроцессор автомобильный;Аудиопроцессор автомобильный;не создано;
970859627;17028904;Автотовары / Автозвук / Шумоподавитель для автоакустики;Шумоподавитель для автоакустики;не создано;
91288;17028904;Автотовары / Автозвук / Громкая связь автомобильная;Громкая связь автомобильная;не создано;
970870449;17028904;Автотовары / Автозвук / Корпус автомобильного сабвуфера;Корпус автомобильного сабвуфера;не создано;
970859635;17028904;Автотовары / Автозвук / Кабель для автоакустики;Кабель для автоакустики;не создано;
970859622;17028904;Автотовары / Автозвук / Чашка сабвуферная;Чашка сабвуферная;не создано;
970859639;17028904;Автотовары / Автозвук / Набор установочный для автоакустики;Набор установочный для автоакустики;не создано;
94832;17028758;Автотовары / Колесные диски / Колесный диск;Колесный диск;другая ошибка;BR_brand_attribute_required:85
970886887;17028758;Автотовары / Колесные диски / Проставка для колесных дисков;Проставка для колесных дисков;не создано;
65454045;17028750;Автотовары / Автоковрики и авточехлы / Шумоизоляция автомобильная;Шумоизоляция автомобильная;не создано;
970976073;17028750;Автотовары / Автоковрики и авточехлы / Крепления для авточехлов;Крепления для авточехлов;фото отклонено;DESCRIPTION_DECLINE:4194
970885291;17028750;Автотовары / Автоковрики и авточехлы / Чехол на автобокс;Чехол на автобокс;не создано;
93593;17028750;Автотовары / Автоковрики и авточехлы / Чехол для прицепа;Чехол для прицепа;фото отклонено;DESCRIPTION_DECLINE:4194
93590;17028750;Автотовары / Автоковрики и авточехлы / Чехол на запасное колесо;Чехол на запасное колесо;не создано;
703080057;17028750;Автотовары / Автоковрики и авточехлы / Антискрип автомобильный;Антискрип автомобильный;не создано;
703080058;17028750;Автотовары / Автоковрики и авточехлы / Теплоизоляция автомобильная;Теплоизоляция автомобильная;фото отклонено;DESCRIPTION_DECLINE:4194
971215899;17028750;Автотовары / Автоковрики и авточехлы / Фурнитура для автомобильного чехла;Фурнитура для автомобильного чехла;не создано;
96162;17028760;Автотовары / Автомобильные масла / Масло промывочное;Масло промывочное;другая ошибка;"BR_CRITICAL_OIL_BRAND:85;BR_hazard_class1:9782"
92229;17028760;Автотовары / Автомобильные масла / Жидкость для гидроусилителя;Жидкость для гидроусилителя;другая ошибка;"BR_CRITICAL_OIL_BRAND:85;BR_hazard_class1:9782"
96163;17028760;Автотовары / Автомобильные масла / Масло трансмиссионное;Масло трансмиссионное;другая ошибка;"BR_CRITICAL_OIL_BRAND:85;BR_hazard_class1:9782"
971292002;17028760;Автотовары / Автомобильные масла / Масло для вакуумного насоса;Масло для вакуумного насоса;другая ошибка;"BR_CRITICAL_OIL_BRAND:85;BR_hazard_class1:9782"
96160;17028760;Автотовары / Автомобильные масла / Масло гидравлическое;Масло гидравлическое;другая ошибка;"BR_CRITICAL_OIL_BRAND:85;BR_hazard_class1:9782"
96161;17028760;Автотовары / Автомобильные масла / Масло моторное;Масло моторное;другая ошибка;"BR_CRITICAL_OIL_BRAND:85;BR_brand_attribute_required:85;BR_hazard_class1:9782"
630154628;17028760;Автотовары / Автомобильные масла / Масло компрессорное;Масло компрессорное;другая ошибка;"BR_CRITICAL_OIL_BRAND:85;BR_hazard_class1:9782"
970637220;17028760;Автотовары / Автомобильные масла / Масло индустриальное;Масло индустриальное;другая ошибка;"BR_CRITICAL_OIL_BRAND:85;BR_hazard_class1:9782"
96159;17028760;Автотовары / Автомобильные масла / Масло вилочное для мотоцикла;Масло вилочное для мотоцикла;другая ошибка;"BR_CRITICAL_OIL_BRAND:85;BR_hazard_class1:9782"
970621654;17028760;Автотовары / Автомобильные масла / Масло редукторное;Масло редукторное;другая ошибка;"BR_CRITICAL_OIL_BRAND:85;BR_hazard_class1:9782"
94763;17027949;Автотовары / Шины / Шины для грузовых автомобилей;Шины для грузовых автомобилей;другая ошибка;BR_brand_attribute_required:85
94762;17027949;Автотовары / Шины / Шины для внедорожника;Шины для внедорожника;другая ошибка;BR_brand_attribute_required:85
94767;17027949;Автотовары / Шины / Шины для садовой техники;Шины для садовой техники;другая ошибка;BR_brand_attribute_required:85
97884;17027949;Автотовары / Шины / Шины для коммерческого транспорта;Шины для коммерческого транспорта;другая ошибка;ML_INCORRECT_VOLUME_WEIGHT:0
94765;17027949;Автотовары / Шины / Шины для легковых автомобилей;Шины для легковых автомобилей;другая ошибка;BR_brand_attribute_required:85
971980009;17027949;Автотовары / Шины / Шины для спецтехники;Шины для спецтехники;другая ошибка;ML_INCORRECT_VOLUME_WEIGHT:0
971012137;200001175;Благотворительность / Благотворительность. Дом и сад / Палочки для аромадиффузора;Палочки для аромадиффузора;не создано;
92029;200001175;Благотворительность / Благотворительность. Дом и сад / Мыльница;Мыльница;не создано;
92521;200001175;Благотворительность / Благотворительность. Дом и сад / Сервиз кофейный;Сервиз кофейный;не создано;
93870;200001175;Благотворительность / Благотворительность. Дом и сад / Фартук кухонный;Фартук кухонный;не создано;
96259;200001175;Благотворительность / Благотворительность. Дом и сад / Подставка для цветов;Подставка для цветов;не создано;
92684;200001175;Благотворительность / Благотворительность. Дом и сад / Полотенце кухонное;Полотенце кухонное;не создано;
92404;200001175;Благотворительность / Благотворительность. Дом и сад / Салфетница;Салфетница;не создано;
92358;200001175;Благотворительность / Благотворительность. Дом и сад / Держатель кухонный;Держатель кухонный;не создано;
92495;200001175;Благотворительность / Благотворительность. Дом и сад / Конфетница;Конфетница;не создано;
92718;200001175;Благотворительность / Благотворительность. Дом и сад / Ароматический диффузор;Ароматический диффузор;не создано;
92721;200001175;Благотворительность / Благотворительность. Дом и сад / Ароматизатор для дома;Ароматизатор для дома;не создано;
92634;200001175;Благотворительность / Благотворительность. Дом и сад / Плед;Плед;не создано;
92546;200001175;Благотворительность / Благотворительность. Дом и сад / Вилка столовая;Вилка столовая;не создано;
96251;200001175;Благотворительность / Благотворительность. Дом и сад / Кашпо;Кашпо;не создано;
93682;200001175;Благотворительность / Благотворительность. Дом и сад / Сушилка для белья;Сушилка для белья;не создано;
95474;200001175;Благотворительность / Благотворительность. Дом и сад / Ключница настенная;Ключница настенная;не создано;
447957738;200001175;Благотворительность / Благотворительность. Дом и сад / Сервировочная доска;Сервировочная доска;не создано;
93796;200001175;Благотворительность / Благотворительность. Дом и сад / Открытка;Открытка;не создано;
370189574;200001175;Благотворительность / Благотворительность. Дом и сад / Именные столовые приборы;Именные столовые приборы;не создано;
98469;200001175;Благотворительность / Благотворительность. Дом и сад / Ароматический воск;Ароматический воск;не создано;
95446;200001175;Благотворительность / Благотворительность. Дом и сад / Гирлянда растяжка;Гирлянда растяжка;не создано;
92607;200001175;Благотворительность / Благотворительность. Дом и сад / Наволочка декоративная;Наволочка декоративная;не создано;
93712;200001175;Благотворительность / Благотворительность. Дом и сад / Контейнер пищевой;Контейнер пищевой;не создано;
92484;200001175;Благотворительность / Благотворительность. Дом и сад / Стакан;Стакан;не создано;
92538;200001175;Благотворительность / Благотворительность. Дом и сад / Чайник заварочный;Чайник заварочный;не создано;
92402;200001175;Благотворительность / Благотворительность. Дом и сад / Разделочная доска;Разделочная доска;не создано;
970629291;200001175;Благотворительность / Благотворительность. Дом и сад / Подставка для благовоний;Подставка для благовоний;не создано;
92603;200001175;Благотворительность / Благотворительность. Дом и сад / Комплект постельного белья;Комплект постельного белья;не создано;
92376;200001175;Благотворительность / Благотворительность. Дом и сад / Лопатка кулинарная;Лопатка кулинарная;не создано;
92499;200001175;Благотворительность / Благотворительность. Дом и сад / Кружка;Кружка;не создано;
92520;200001175;Благотворительность / Благотворительность. Дом и сад / Сахарница;Сахарница;не создано;
93670;200001175;Благотворительность / Благотворительность. Дом и сад / Вешалка напольная;Вешалка напольная;не создано;
92516;200001175;Благотворительность / Благотворительность. Дом и сад / Пиала;Пиала;не создано;
92620;200001175;Благотворительность / Благотворительность. Дом и сад / Подушка декоративная;Подушка декоративная;не создано;
93785;200001175;Благотворительность / Благотворительность. Дом и сад / Магнит на холодильник;Магнит на холодильник;не создано;
92414;200001175;Благотворительность / Благотворительность. Дом и сад / Сушилка для посуды;Сушилка для посуды;не создано;
92493;200001175;Благотворительность / Благотворительность. Дом и сад / Блюдце;Блюдце;не создано;
95478;200001175;Благотворительность / Благотворительность. Дом и сад / Корзина для белья;Корзина для белья;не создано;
92638;200001175;Благотворительность / Благотворительность. Дом и сад / Покрывало;Покрывало;не создано;
91936;200001175;Благотворительность / Благотворительность. Дом и сад / Ваза;Ваза;не создано;
91987;200001175;Благотворительность / Благотворительность. Дом и сад / Постер;Постер;не создано;
92528;200001175;Благотворительность / Благотворительность. Дом и сад / Тарелка;Тарелка;не создано;
95481;200001175;Благотворительность / Благотворительность. Дом и сад / Корзина для хранения;Корзина для хранения;не создано;
91759;200001175;Благотворительность / Благотворительность. Дом и сад / Настенные часы;Настенные часы;не создано;
93720;200001175;Благотворительность / Благотворительность. Дом и сад / Набор для специй;Набор для специй;не создано;
95421;200001175;Благотворительность / Благотворительность. Дом и сад / Елочные украшения;Елочные украшения;не создано;
970671325;200001175;Благотворительность / Благотворительность. Дом и сад / Пакет подарочный;Пакет подарочный;не создано;
92524;200001175;Благотворительность / Благотворительность. Дом и сад / Соусник;Соусник;не создано;
92728;200001175;Благотворительность / Благотворительность. Дом и сад / Кормушка;Кормушка;не создано;
91996;200001175;Благотворительность / Благотворительность. Дом и сад / Фигурка декоративная;Фигурка декоративная;не создано;
95737;200001175;Благотворительность / Благотворительность. Дом и сад / Подсвечник;Подсвечник;не создано;
92398;200001175;Благотворительность / Благотворительность. Дом и сад / Подставка под горячее;Подставка под горячее;не создано;
971078631;200001175;Благотворительность / Благотворительность. Дом и сад / Мешок для хранения;Мешок для хранения;не создано;
93704;200001175;Благотворительность / Благотворительность. Дом и сад / Солонка;Солонка;не создано;
970709377;200001175;Благотворительность / Благотворительность. Дом и сад / Экомешочки;Экомешочки;не создано;
98504;200001175;Благотворительность / Благотворительность. Дом и сад / Держатель для фото;Держатель для фото;не создано;
95741;200001175;Благотворительность / Благотворительность. Дом и сад / Свеча;Свеча;не создано;
95429;200001175;Благотворительность / Благотворительность. Дом и сад / Мешок для подарков;Мешок для подарков;не создано;
92565;200001175;Благотворительность / Благотворительность. Дом и сад / Нож столовый;Нож столовый;не создано;
970840794;200001175;Благотворительность / Благотворительность. Дом и сад / Поднос-столик;Поднос-столик;не создано;
115947006;200001175;Благотворительность / Благотворительность. Дом и сад / Шкатулка;Шкатулка;не создано;
92540;200001175;Благотворительность / Благотворительность. Дом и сад / Чашка;Чашка;не создано;
970959847;200001175;Благотворительность / Благотворительность. Дом и сад / Интерьерное украшение;Интерьерное украшение;не создано;
92505;200001175;Благотворительность / Благотворительность. Дом и сад / Менажница;Менажница;не создано;
115946973;200001175;Благотворительность / Благотворительность. Дом и сад / Фоторамка;Фоторамка;не создано;
93676;200001175;Благотворительность / Благотворительность. Дом и сад / Крючок для дома;Крючок для дома;не создано;
92732;200001175;Благотворительность / Благотворительность. Дом и сад / Скворечник;Скворечник;не создано;
92851;200001172;Благотворительность / Благотворительность. Детские товары / Мягкая игрушка;Мягкая игрушка;не создано;
92833;200001172;Благотворительность / Благотворительность. Детские товары / Интерактивная игрушка;Интерактивная игрушка;не создано;
92818;200001172;Благотворительность / Благотворительность. Детские товары / Кукольный домик;Кукольный домик;не создано;
92811;200001172;Благотворительность / Благотворительность. Детские товары / Игрушка-антистресс;Игрушка-антистресс;не создано;
92950;200001172;Благотворительность / Благотворительность. Детские товары / Пазл;Пазл;не создано;
92866;200001172;Благотворительность / Благотворительность. Детские товары / Игрушечный самолет;Игрушечный самолет;не создано;
970693320;200001203;Благотворительность / Благотворительность. Мебель / Этажерка для обуви;Этажерка для обуви;не создано;
95098;200001203;Благотворительность / Благотворительность. Мебель / Стеллаж;Стеллаж;не создано;
95048;200001203;Благотворительность / Благотворительность. Мебель / Стул;Стул;не создано;
95015;200001203;Благотворительность / Благотворительность. Мебель / Стол обеденный;Стол обеденный;не создано;
613346845;200001203;Благотворительность / Благотворительность. Мебель / Скамья;Скамья;не создано;
971162059;200001203;Благотворительность / Благотворительность. Мебель / Тумба;Тумба;не создано;
970709003;200001203;Благотворительность / Благотворительность. Мебель / Табурет-стремянка;Табурет-стремянка;не создано;
91637;200001218;Благотворительность / Благотворительность. Ремонт и строительство / Настольный светильник;Настольный светильник;не создано;
95339;200001220;Благотворительность / Благотворительность. Спорт и отдых / Палки для скандинавской ходьбы;Палки для скандинавской ходьбы;не создано;
94423;200001220;Благотворительность / Благотворительность. Спорт и отдых / Туристическая бутылка для воды;Туристическая бутылка для воды;не создано;
91456;200001164;Благотворительность / Благотворительность. Бытовая техника / Увлажнитель воздуха;Увлажнитель воздуха;не создано;
971445087;200001515;Благотворительность / Благотворительность. Книги / Печатная книга;Печатная книга;не создано;
97641;200001201;Благотворительность / Благотворительность. Красота / Шиньон;Шиньон;не создано;
93437;200001201;Благотворительность / Благотворительность. Красота / Временная татуировка;Временная татуировка;не создано;
97643;200001201;Благотворительность / Благотворительность. Красота / Аксессуар для парика;Аксессуар для парика;не создано;
970626281;200001201;Благотворительность / Благотворительность. Красота / Накладные усы, бороды, брови;Накладные усы, бороды, брови;не создано;
93903;200001201;Благотворительность / Благотворительность. Красота / Соль для ванны;Соль для ванны;не создано;
115949136;200001201;Благотворительность / Благотворительность. Красота / Парик;Парик;не создано;
93482;200001201;Благотворительность / Благотворительность. Красота / Твердое мыло;Твердое мыло;не создано;
93411;200001201;Благотворительность / Благотворительность. Красота / Бальзам для губ;Бальзам для губ;не создано;
971151445;200001201;Благотворительность / Благотворительность. Красота / Волосы для наращивания;Волосы для наращивания;не создано;
971123837;200001222;Благотворительность / Благотворительность. Хобби и творчество / Наклейки;Наклейки;не создано;
92894;200001222;Благотворительность / Благотворительность. Хобби и творчество / Обучающая игра;Обучающая игра;не создано;
92893;200001222;Благотворительность / Благотворительность. Хобби и творчество / Настольная игра;Настольная игра;не создано;
98636;200001226;Благотворительность / Благотворительность. Электроника / Держатель для телефона;Держатель для телефона;не создано;
97011;200001226;Благотворительность / Благотворительность. Электроника / Чехол для смартфона;Чехол для смартфона;не создано;
91342;200001226;Благотворительность / Благотворительность. Электроника / Сумка для ноутбука;Сумка для ноутбука;не создано;
91302;200001226;Благотворительность / Благотворительность. Электроника / USB-флеш-накопитель;USB-флеш-накопитель;не создано;
268217788;200001226;Благотворительность / Благотворительность. Электроника / Попсокет;Попсокет;не создано;
87458883;200001166;Благотворительность / Благотворительность. Галантерея и украшения / Браслет;Браслет;не создано;
970575517;200001166;Благотворительность / Благотворительность. Галантерея и украшения / Сумка;Сумка;не создано;
93337;200001166;Благотворительность / Благотворительность. Галантерея и украшения / Косметичка;Косметичка;не создано;
87593412;200001166;Благотворительность / Благотворительность. Галантерея и украшения / Серьги;Серьги;не создано;
93341;200001166;Благотворительность / Благотворительность. Галантерея и украшения / Обложка для документов;Обложка для документов;не создано;
115945533;200001166;Благотворительность / Благотворительность. Галантерея и украшения / Рюкзак;Рюкзак;не создано;
93334;200001166;Благотворительность / Благотворительность. Галантерея и украшения / Ключница карманная;Ключница карманная;не создано;
93338;200001166;Благотворительность / Благотворительность. Галантерея и украшения / Кошелек;Кошелек;не создано;
87458885;200001166;Благотворительность / Благотворительность. Галантерея и украшения / Брелок;Брелок;не создано;
93762;200001166;Благотворительность / Благотворительность. Галантерея и украшения / Значок;Значок;не создано;
93352;200001166;Благотворительность / Благотворительность. Галантерея и украшения / Зонт;Зонт;не создано;
971092190;200001166;Благотворительность / Благотворительность. Галантерея и украшения / Картхолдер;Картхолдер;не создано;
87597164;200001166;Благотворительность / Благотворительность. Галантерея и украшения / Чокер;Чокер;не создано;
87458895;200001166;Благотворительность / Благотворительность. Галантерея и украшения / Кольцо;Кольцо;не создано;
87458886;200001166;Благотворительность / Благотворительность. Галантерея и украшения / Брошь;Брошь;не создано;
95234;200001193;Благотворительность / Благотворительность. Зоотовары / Шлейка;Шлейка;не создано;
95224;200001193;Благотворительность / Благотворительность. Зоотовары / Ошейник;Ошейник;не создано;
95199;200001193;Благотворительность / Благотворительность. Зоотовары / Домик для животных;Домик для животных;не создано;
95168;200001193;Благотворительность / Благотворительность. Зоотовары / Наполнитель;Наполнитель;не создано;
308023;200001193;Благотворительность / Благотворительность. Зоотовары / Диспенсер для гигиенических пакетов для животных;Диспенсер для гигиенических пакетов для животных;не создано;
970957412;200001193;Благотворительность / Благотворительность. Зоотовары / Шнурок для адресника;Шнурок для адресника;не создано;
95226;200001193;Благотворительность / Благотворительность. Зоотовары / Поводок;Поводок;не создано;
95225;200001193;Благотворительность / Благотворительность. Зоотовары / Пакет гигиенический для животных;Пакет гигиенический для животных;не создано;
95203;200001193;Благотворительность / Благотворительность. Зоотовары / Лежак для животных;Лежак для животных;не создано;
115946763;200001193;Благотворительность / Благотворительность. Зоотовары / Удалитель клещей;Удалитель клещей;не создано;
95944;200001193;Благотворительность / Благотворительность. Зоотовары / Паспорт ветеринарный;Паспорт ветеринарный;не создано;
95213;200001193;Благотворительность / Благотворительность. Зоотовары / Адресник;Адресник;не создано;
94091;200001196;Благотворительность / Благотворительность. Канцелярские товары / Блокнот;Блокнот;не создано;
970680513;200001196;Благотворительность / Благотворительность. Канцелярские товары / Сертификат прививок;Сертификат прививок;не создано;
707053704;200001196;Благотворительность / Благотворительность. Канцелярские товары / Папка;Папка;не создано;
94066;200001196;Благотворительность / Благотворительность. Канцелярские товары / Ручка;Ручка;не создано;
94064;200001196;Благотворительность / Благотворительность. Канцелярские товары / Набор ручек;Набор ручек;не создано;
93298;200001196;Благотворительность / Благотворительность. Канцелярские товары / Линейка;Линейка;не создано;
94105;200001196;Благотворительность / Благотворительность. Канцелярские товары / Пенал;Пенал;не создано;
94094;200001196;Благотворительность / Благотворительность. Канцелярские товары / Ежедневник;Ежедневник;не создано;
94054;200001196;Благотворительность / Благотворительность. Канцелярские товары / Карандаш;Карандаш;не создано;
92929;200001196;Благотворительность / Благотворительность. Канцелярские товары / Раскраска;Раскраска;не создано;
115951185;200001196;Благотворительность / Благотворительность. Канцелярские товары / Календарь;Календарь;не создано;
94696;200001214;Благотворительность / Благотворительность. Продукты питания / Чай листовой;Чай листовой;не создано;
94693;200001214;Благотворительность / Благотворительность. Продукты питания / Чай в пакетиках;Чай в пакетиках;не создано;
970939983;200001214;Благотворительность / Благотворительность. Продукты питания / Сюрприз-бокс кондитерский;Сюрприз-бокс кондитерский;не создано;
97051;200001214;Благотворительность / Благотворительность. Продукты питания / Орехи;Орехи;не создано;
97034;200001214;Благотворительность / Благотворительность. Продукты питания / Пастила;Пастила;не создано;
97030;200001214;Благотворительность / Благотворительность. Продукты питания / Горячий шоколад;Горячий шоколад;не создано;
96156;200001214;Благотворительность / Благотворительность. Продукты питания / Сухофрукты;Сухофрукты;не создано;
96059;200001214;Благотворительность / Благотворительность. Продукты питания / Смесь приправ, специй и трав;Смесь приправ, специй и трав;не создано;
97580;200001161;Благотворительность / Благотворительность. Одежда и аксессуары / Шпильки для волос;Шпильки для волос;не создано;
97581;200001161;Благотворительность / Благотворительность. Одежда и аксессуары / Набор аксессуаров для волос;Набор аксессуаров для волос;не создано;
93181;200001161;Благотворительность / Благотворительность. Одежда и аксессуары / Платок;Платок;не создано;
93137;200001161;Благотворительность / Благотворительность. Одежда и аксессуары / Куртка;Куртка;не создано;
93258;200001161;Благотворительность / Благотворительность. Одежда и аксессуары / Шапка;Шапка;не создано;
93238;200001161;Благотворительность / Благотворительность. Одежда и аксессуары / Трусы;Трусы;не создано;
97571;200001161;Благотворительность / Благотворительность. Одежда и аксессуары / Резинка для волос;Резинка для волос;не создано;
93232;200001161;Благотворительность / Благотворительность. Одежда и аксессуары / Толстовка;Толстовка;не создано;
97574;200001161;Благотворительность / Благотворительность. Одежда и аксессуары / Ободок;Ободок;не создано;
93040;200001161;Благотворительность / Благотворительность. Одежда и аксессуары / Бейсболка;Бейсболка;не создано;
97572;200001161;Благотворительность / Благотворительность. Одежда и аксессуары / Гребень;Гребень;не создано;
97576;200001161;Благотворительность / Благотворительность. Одежда и аксессуары / Заколка для волос;Заколка для волос;не создано;
93150;200001161;Благотворительность / Благотворительность. Одежда и аксессуары / Майка;Майка;не создано;
93157;200001161;Благотворительность / Благотворительность. Одежда и аксессуары / Носки;Носки;не создано;
93241;200001161;Благотворительность / Благотворительность. Одежда и аксессуары / Туника;Туника;не создано;
93167;200001161;Благотворительность / Благотворительность. Одежда и аксессуары / Панама;Панама;не создано;
93066;200001161;Благотворительность / Благотворительность. Одежда и аксессуары / Варежки;Варежки;не создано;
93208;200001161;Благотворительность / Благотворительность. Одежда и аксессуары / Ремень;Ремень;не создано;
93272;200001161;Благотворительность / Благотворительность. Одежда и аксессуары / Шорты;Шорты;не создано;
93182;200001161;Благотворительность / Благотворительность. Одежда и аксессуары / Платье;Платье;не создано;
970617577;200001161;Благотворительность / Благотворительность. Одежда и аксессуары / Комплект трусов;Комплект трусов;не создано;
97575;200001161;Благотворительность / Благотворительность. Одежда и аксессуары / Повязка для волос;Повязка для волос;не создано;
93236;200001161;Благотворительность / Благотворительность. Одежда и аксессуары / Топ;Топ;не создано;
93251;200001161;Благотворительность / Благотворительность. Одежда и аксессуары / Халат;Халат;не создано;
93253;200001161;Благотворительность / Благотворительность. Одежда и аксессуары / Худи;Худи;не создано;
93216;200001161;Благотворительность / Благотворительность. Одежда и аксессуары / Свитшот;Свитшот;не создано;
93055;200001161;Благотворительность / Благотворительность. Одежда и аксессуары / Брюки;Брюки;не создано;
93244;200001161;Благотворительность / Благотворительность. Одежда и аксессуары / Футболка;Футболка;не создано;
94295;200001161;Благотворительность / Благотворительность. Одежда и аксессуары / Маска для сна;Маска для сна;не создано;
970676618;200001161;Благотворительность / Благотворительность. Одежда и аксессуары / Маска-повязка на лицо;Маска-повязка на лицо;не создано;
95397;17028979;Детские товары / Молокоотсосы / Молокоотсос;Молокоотсос;другая ошибка;error_card_with_deleted_photos:0
971748875;17028683;Детские товары / Радио- и видеоняни / Монитор дыхания;Монитор дыхания;фото отклонено;DESCRIPTION_DECLINE:4194
92977;63444126;Детские товары / Электромобили детские / Электромобиль детский;Электромобиль детский;другая ошибка;ML_INCORRECT_VOLUME_WEIGHT:0
94327;78284142;Детские товары / Велосипеды, беговелы и самокаты / Беговел;Беговел;другая ошибка;SPU_ALREADY_EXISTS_IN_ANOTHER_ACCOUNT:0
971739850;78284142;Детские товары / Велосипеды, беговелы и самокаты / Детский велосипед;Детский велосипед;фото отклонено;"DESCRIPTION_DECLINE:4194;SPU_ALREADY_EXISTS_IN_ANOTHER_ACCOUNT:0;warning_all_image_failed:4194"
971046367;78284142;Детские товары / Велосипеды, беговелы и самокаты / Аксессуар для детского транспорта;Аксессуар для детского транспорта;фото отклонено;"DESCRIPTION_DECLINE:4194;SPU_ALREADY_EXISTS_IN_ANOTHER_ACCOUNT:0;warning_all_image_failed:4194"
971014516;78284142;Детские товары / Велосипеды, беговелы и самокаты / Велосипед-коляска;Велосипед-коляска;фото отклонено;"DESCRIPTION_DECLINE:4194;SPU_ALREADY_EXISTS_IN_ANOTHER_ACCOUNT:0;warning_all_image_failed:4194"
92970;17028975;Детские товары / Детский транспорт / Ходунки детские;Ходунки детские;фото отклонено;"DESCRIPTION_DECLINE:4194;SPU_ALREADY_EXISTS_IN_ANOTHER_ACCOUNT:0;warning_all_image_failed:4194"
91951;92496473;Детские товары / Безопасность ребенка / Защитный уголок для мебели;Защитный уголок для мебели;не создано;
628997053;200000862;Детские товары / Детская комната / Москитная сетка на кроватку;Москитная сетка на кроватку;другая ошибка;SPU_ALREADY_EXISTS_IN_ANOTHER_ACCOUNT:0
91932;200000862;Детские товары / Детская комната / Балдахин в кроватку;Балдахин в кроватку;фото отклонено;DESCRIPTION_DECLINE:4194
99007;17028676;Детские товары / Переноски для детей / Накидка для кормления грудью;Накидка для кормления грудью;другая ошибка;INCORRECT_DIMENSION:0
970662051;17028676;Детские товары / Переноски для детей / Набор в роддом;Набор в роддом;не создано;
92989;17028980;Детские товары / Подвижные игры / Дартс детский;Дартс детский;не создано;
93014;17028971;Детские товары / Бутылочки и соски / Пакет для сбора молока;Пакет для сбора молока;другая ошибка;INCORRECT_DIMENSION:0
93025;17028971;Детские товары / Бутылочки и соски / Футляр для пустышки;Футляр для пустышки;не создано;
93006;17028971;Детские товары / Бутылочки и соски / Контейнер для детского питания;Контейнер для детского питания;не создано;
970952817;17028973;Детские товары / Игрушки / Автогородок детский;Автогородок детский;другая ошибка;error_card_with_deleted_photos:0
92834;17028973;Детские товары / Игрушки / Йо-йо;Йо-йо;другая ошибка;DESCRIPTION_DECLINE:4180
97238;17028973;Детские товары / Игрушки / Пистоны для игрушечного оружия;Пистоны для игрушечного оружия;другая ошибка;"BR_hazard_class1:9782;error_card_with_deleted_photos:0"
92821;17028973;Детские товары / Игрушки / Заводная игрушка;Заводная игрушка;фото отклонено;"DESCRIPTION_DECLINE:4194;SPU_ALREADY_EXISTS_IN_ANOTHER_ACCOUNT:0;warning_all_image_failed:4194"
94844;17028681;Детские товары / Игровые и спортивные комплексы / Площадка детская;Площадка детская;фото отклонено;"DESCRIPTION_DECLINE:4194;SPU_ALREADY_EXISTS_IN_ANOTHER_ACCOUNT:0;warning_all_image_failed:4194"
94851;17028681;Детские товары / Игровые и спортивные комплексы / Спортивный комплекс для детей;Спортивный комплекс для детей;фото отклонено;"DESCRIPTION_DECLINE:4194;SPU_ALREADY_EXISTS_IN_ANOTHER_ACCOUNT:0;warning_all_image_failed:4194"
94842;17028681;Детские товары / Игровые и спортивные комплексы / Горка детская;Горка детская;фото отклонено;"DESCRIPTION_DECLINE:4194;SPU_ALREADY_EXISTS_IN_ANOTHER_ACCOUNT:0;warning_all_image_failed:4194"
96127;17028972;Детские товары / Железные дороги / Паровоз;Паровоз;другая ошибка;SPU_ALREADY_EXISTS_IN_ANOTHER_ACCOUNT:0
92963;200000323;Детские товары / Коляски и аксессуары к ним / Коляска универсальная;Коляска универсальная;другая ошибка;ML_INCORRECT_VOLUME_WEIGHT:0
93602;200000323;Детские товары / Коляски и аксессуары к ним / Санки-коляска;Санки-коляска;не создано;
92965;200000323;Детские товары / Коляски и аксессуары к ним / Коляска-трансформер;Коляска-трансформер;другая ошибка;ML_INCORRECT_VOLUME_WEIGHT:0
92983;17028970;Детские товары / Детские автокресла / Бустер;Бустер;другая ошибка;error_card_with_deleted_photos:0
92980;17028970;Детские товары / Детские автокресла / Аксессуар для автокресла;Аксессуар для автокресла;другая ошибка;SPU_ALREADY_EXISTS_IN_ANOTHER_ACCOUNT:0
92979;17028970;Детские товары / Детские автокресла / Автокресло;Автокресло;фото отклонено;"DESCRIPTION_DECLINE:4194;SPU_ALREADY_EXISTS_IN_ANOTHER_ACCOUNT:0;warning_all_image_failed:4194"
93480;56253658;Детские товары / Подгузники и гигиена / Многоразовый подгузник;Многоразовый подгузник;другая ошибка;SPU_ALREADY_EXISTS_IN_ANOTHER_ACCOUNT:0
93492;56253658;Детские товары / Подгузники и гигиена / Пеленка одноразовая;Пеленка одноразовая;другая ошибка;error_card_with_deleted_photos:0
970968749;80731485;Мебель / Полки и стеллажи / Запчасти для стеллажа;Запчасти для стеллажа;другая ошибка;ML_INCORRECT_VOLUME_WEIGHT:0
970666031;80731485;Мебель / Полки и стеллажи / Стеллаж для ванной;Стеллаж для ванной;другая ошибка;ML_INCORRECT_VOLUME_WEIGHT:0
95098;80731485;Мебель / Полки и стеллажи / Стеллаж;Стеллаж;другая ошибка;ML_INCORRECT_VOLUME_WEIGHT:0
971095277;53884411;Мебель / Мебельная фурнитура и комплектующие / Держатель для штанги;Держатель для штанги;фото отклонено;"DESCRIPTION_DECLINE:4194;DESCRIPTION_DECLINE:22507"
971296070;53884411;Мебель / Мебельная фурнитура и комплектующие / Профиль для стекла;Профиль для стекла;фото отклонено;DESCRIPTION_DECLINE:4194
970718860;53884411;Мебель / Мебельная фурнитура и комплектующие / Щеточный уплотнитель;Щеточный уплотнитель;фото отклонено;"DESCRIPTION_DECLINE:4194;DESCRIPTION_DECLINE:22507"
970871928;53884411;Мебель / Мебельная фурнитура и комплектующие / Шток для эксцентриковой стяжки;Шток для эксцентриковой стяжки;фото отклонено;"DESCRIPTION_DECLINE:4194;warning_all_image_failed:4194"
970991002;53884411;Мебель / Мебельная фурнитура и комплектующие / Полка для клавиатуры;Полка для клавиатуры;не создано;
98768;53884411;Мебель / Мебельная фурнитура и комплектующие / Подпятник;Подпятник;не создано;
94530;53884411;Мебель / Мебельная фурнитура и комплектующие / Петля мебельная;Петля мебельная;не создано;
298512288;53884411;Мебель / Мебельная фурнитура и комплектующие / Ножка для мебели;Ножка для мебели;не создано;
970744442;53884411;Мебель / Мебельная фурнитура и комплектующие / Планка для столешницы;Планка для столешницы;не создано;
971075626;53884411;Мебель / Мебельная фурнитура и комплектующие / Запчасти для барной стойки;Запчасти для барной стойки;не создано;
970804430;53884411;Мебель / Мебельная фурнитура и комплектующие / Столешница;Столешница;не создано;
98788;53884411;Мебель / Мебельная фурнитура и комплектующие / Шляпка для саморезов;Шляпка для саморезов;не создано;
970872286;53884411;Мебель / Мебельная фурнитура и комплектующие / Изголовье кровати;Изголовье кровати;не создано;
971285252;53884411;Мебель / Мебельная фурнитура и комплектующие / Пружинный блок;Пружинный блок;не создано;
504866275;53884411;Мебель / Мебельная фурнитура и комплектующие / Толкатель мебельный;Толкатель мебельный;не создано;
971093305;53884411;Мебель / Мебельная фурнитура и комплектующие / Цоколь для кухни;Цоколь для кухни;не создано;
971025231;53884411;Мебель / Мебельная фурнитура и комплектующие / Кромка мебельная безклеевая;Кромка мебельная безклеевая;не создано;
98759;53884411;Мебель / Мебельная фурнитура и комплектующие / Стяжка мебельная;Стяжка мебельная;не создано;
970941858;53884411;Мебель / Мебельная фурнитура и комплектующие / Плинтус для столешницы;Плинтус для столешницы;не создано;
971312699;53884411;Мебель / Мебельная фурнитура и комплектующие / Набор мебельной фурнитуры;Набор мебельной фурнитуры;не создано;
971303632;53884411;Мебель / Мебельная фурнитура и комплектующие / Фурнитура для мягкой мебели;Фурнитура для мягкой мебели;не создано;
970695424;53884411;Мебель / Мебельная фурнитура и комплектующие / Латодержатель;Латодержатель;не создано;
971751527;53884411;Мебель / Мебельная фурнитура и комплектующие / Пружина мебельная;Пружина мебельная;не создано;
971371061;53884411;Мебель / Мебельная фурнитура и комплектующие / Ограничитель угла открывания;Ограничитель угла открывания;не создано;
504866274;53884411;Мебель / Мебельная фурнитура и комплектующие / Направляющие;Направляющие;не создано;
970866476;53884411;Мебель / Мебельная фурнитура и комплектующие / Кромка мебельная клеевая;Кромка мебельная клеевая;не создано;
971225344;53884411;Мебель / Мебельная фурнитура и комплектующие / Фиксатор фасада мебельный;Фиксатор фасада мебельный;не создано;
970713341;53884411;Мебель / Мебельная фурнитура и комплектующие / Демпфер мебельный;Демпфер мебельный;не создано;
970798612;53884411;Мебель / Мебельная фурнитура и комплектующие / Крестовина для компьютерного кресла;Крестовина для компьютерного кресла;не создано;
970943103;53884411;Мебель / Мебельная фурнитура и комплектующие / Термоизоляционная планка;Термоизоляционная планка;не создано;
94525;53884411;Мебель / Мебельная фурнитура и комплектующие / Доводчик мебельный;Доводчик мебельный;не создано;
971421251;53884411;Мебель / Мебельная фурнитура и комплектующие / Фурнитура для шкафа-купе;Фурнитура для шкафа-купе;не создано;
94532;53884411;Мебель / Мебельная фурнитура и комплектующие / Ручка мебельная;Ручка мебельная;не создано;
971161297;17027919;Мебель / Шкафы / Антресоль мебельная;Антресоль мебельная;другая ошибка;ML_INCORRECT_VOLUME_WEIGHT:0
95110;17027919;Мебель / Шкафы / Шкаф-пенал;Шкаф-пенал;другая ошибка;ML_INCORRECT_VOLUME_WEIGHT:0
504866300;17027919;Мебель / Шкафы / Шкаф книжный;Шкаф книжный;другая ошибка;ML_INCORRECT_VOLUME_WEIGHT:0
970679785;17027919;Мебель / Шкафы / Шкаф-купе;Шкаф-купе;другая ошибка;ML_INCORRECT_VOLUME_WEIGHT:0
970977423;17027919;Мебель / Шкафы / Шкаф навесной;Шкаф навесной;другая ошибка;ML_INCORRECT_VOLUME_WEIGHT:0
95109;17027919;Мебель / Шкафы / Шкаф-витрина;Шкаф-витрина;другая ошибка;ML_INCORRECT_VOLUME_WEIGHT:0
95108;17027919;Мебель / Шкафы / Шкаф распашной;Шкаф распашной;другая ошибка;ML_INCORRECT_VOLUME_WEIGHT:0
95484;17027919;Мебель / Шкафы / Шкаф складной;Шкаф складной;не создано;
95083;17027919;Мебель / Шкафы / Буфет;Буфет;другая ошибка;ML_INCORRECT_VOLUME_WEIGHT:0
971288195;17027919;Мебель / Шкафы / Барная стойка;Барная стойка;не создано;
95472;17027919;Мебель / Шкафы / Гардеробная система;Гардеробная система;не создано;
970796918;17027919;Мебель / Шкафы / Корпус шкафа;Корпус шкафа;не создано;
970615714;17027917;Мебель / Кровати / Двухъярусная кровать;Двухъярусная кровать;другая ошибка;ML_INCORRECT_VOLUME_WEIGHT:0
971414986;17027917;Мебель / Кровати / Трехъярусная кровать;Трехъярусная кровать;другая ошибка;ML_INCORRECT_VOLUME_WEIGHT:0
94995;17027917;Мебель / Кровати / Двуспальная кровать;Двуспальная кровать;другая ошибка;ML_INCORRECT_VOLUME_WEIGHT:0
970968734;17027917;Мебель / Кровати / Кровать раздвижная;Кровать раздвижная;другая ошибка;ML_INCORRECT_VOLUME_WEIGHT:0
94992;17027917;Мебель / Кровати / Каркас кровати;Каркас кровати;другая ошибка;ML_INCORRECT_VOLUME_WEIGHT:0
970713329;17027917;Мебель / Кровати / Односпальная кровать;Односпальная кровать;другая ошибка;ML_INCORRECT_VOLUME_WEIGHT:0
94997;17027917;Мебель / Кровати / Раскладушка;Раскладушка;не создано;
94996;17027917;Мебель / Кровати / Кровать детская;Кровать детская;другая ошибка;ML_INCORRECT_VOLUME_WEIGHT:0
99456;17027917;Мебель / Кровати / Маятник для кроватки;Маятник для кроватки;не создано;
97193;17027917;Мебель / Кровати / Кровать-чердак;Кровать-чердак;другая ошибка;ML_INCORRECT_VOLUME_WEIGHT:0
971082810;17027917;Мебель / Кровати / Шкаф-кровать;Шкаф-кровать;другая ошибка;ML_INCORRECT_VOLUME_WEIGHT:0
94993;17027917;Мебель / Кровати / Колыбель;Колыбель;не создано;
94999;17027917;Мебель / Кровати / Тахта;Тахта;другая ошибка;ML_INCORRECT_VOLUME_WEIGHT:0
94998;17027917;Мебель / Кровати / Реечное дно;Реечное дно;другая ошибка;ML_INCORRECT_VOLUME_WEIGHT:0
95021;17027916;Мебель / Стулья, скамьи, табуреты, пуфики / Банкетка;Банкетка;другая ошибка;SPU_ALREADY_EXISTS_IN_ANOTHER_ACCOUNT:0
970709003;17027916;Мебель / Стулья, скамьи, табуреты, пуфики / Табурет-стремянка;Табурет-стремянка;другая ошибка;SPU_ALREADY_EXISTS_IN_ANOTHER_ACCOUNT:0
95053;17027916;Мебель / Стулья, скамьи, табуреты, пуфики / Табурет;Табурет;другая ошибка;SPU_ALREADY_EXISTS_IN_ANOTHER_ACCOUNT:0
95048;17027916;Мебель / Стулья, скамьи, табуреты, пуфики / Стул;Стул;другая ошибка;SPU_ALREADY_EXISTS_IN_ANOTHER_ACCOUNT:0
970685469;17027916;Мебель / Стулья, скамьи, табуреты, пуфики / Комплект стульев;Комплект стульев;другая ошибка;SPU_ALREADY_EXISTS_IN_ANOTHER_ACCOUNT:0
970685472;17027916;Мебель / Стулья, скамьи, табуреты, пуфики / Комплект табуретов;Комплект табуретов;другая ошибка;SPU_ALREADY_EXISTS_IN_ANOTHER_ACCOUNT:0
970685471;17027916;Мебель / Стулья, скамьи, табуреты, пуфики / Комплект барных стульев;Комплект барных стульев;другая ошибка;SPU_ALREADY_EXISTS_IN_ANOTHER_ACCOUNT:0
95023;17027916;Мебель / Стулья, скамьи, табуреты, пуфики / Барный стул;Барный стул;другая ошибка;SPU_ALREADY_EXISTS_IN_ANOTHER_ACCOUNT:0
971476428;17027916;Мебель / Стулья, скамьи, табуреты, пуфики / Стул откидной;Стул откидной;другая ошибка;SPU_ALREADY_EXISTS_IN_ANOTHER_ACCOUNT:0
95049;17027916;Мебель / Стулья, скамьи, табуреты, пуфики / Детский стул;Детский стул;фото отклонено;"DESCRIPTION_DECLINE:4194;SPU_ALREADY_EXISTS_IN_ANOTHER_ACCOUNT:0;warning_all_image_failed:4194"
970591528;17027916;Мебель / Стулья, скамьи, табуреты, пуфики / Складной стул;Складной стул;другая ошибка;SPU_ALREADY_EXISTS_IN_ANOTHER_ACCOUNT:0
95009;80770870;Мебель / Комплекты мебели / Обеденная группа;Обеденная группа;другая ошибка;ML_INCORRECT_VOLUME_WEIGHT:0
95008;80770870;Мебель / Комплекты мебели / Комплект детской мебели;Комплект детской мебели;не создано;
971079565;80770870;Мебель / Комплекты мебели / Модуль стенки для гостиной;Модуль стенки для гостиной;другая ошибка;ML_INCORRECT_VOLUME_WEIGHT:0
970872419;80770870;Мебель / Комплекты мебели / Комплект офисной мебели;Комплект офисной мебели;другая ошибка;ML_INCORRECT_VOLUME_WEIGHT:0
970671812;80770870;Мебель / Комплекты мебели / Комплект мебели для спальни;Комплект мебели для спальни;другая ошибка;ML_INCORRECT_VOLUME_WEIGHT:0
95092;80770870;Мебель / Комплекты мебели / Стенка для гостиной;Стенка для гостиной;другая ошибка;ML_INCORRECT_VOLUME_WEIGHT:0
95090;80770870;Мебель / Комплекты мебели / Комплект мебели для прихожей;Комплект мебели для прихожей;другая ошибка;ML_INCORRECT_VOLUME_WEIGHT:0
970744412;85282223;Мебель / Мебель для бизнеса / Защитный экран для офиса;Защитный экран для офиса;фото отклонено;"DESCRIPTION_DECLINE:4194;DESCRIPTION_DECLINE:22507"
971951883;85282223;Мебель / Мебель для бизнеса / Аксессуары для медицинской мебели;Аксессуары для медицинской мебели;другая ошибка;ML_INCORRECT_VOLUME_WEIGHT:0
95034;85282223;Мебель / Мебель для бизнеса / Кресло педикюрное;Кресло педикюрное;другая ошибка;ML_INCORRECT_VOLUME_WEIGHT:0
970996040;85282223;Мебель / Мебель для бизнеса / Мебель медицинская;Мебель медицинская;другая ошибка;ML_INCORRECT_VOLUME_WEIGHT:0
970988636;85282223;Мебель / Мебель для бизнеса / Мойка производственная;Мойка производственная;фото отклонено;"DESCRIPTION_DECLINE:4194;DESCRIPTION_DECLINE:22507"
970993837;85282223;Мебель / Мебель для бизнеса / Полка производственная;Полка производственная;другая ошибка;DESCRIPTION_DECLINE:22507
95032;85282223;Мебель / Мебель для бизнеса / Кушетка косметологическая;Кушетка косметологическая;другая ошибка;ML_INCORRECT_VOLUME_WEIGHT:0
971363893;85282223;Мебель / Мебель для бизнеса / Швейный уголок;Швейный уголок;не создано;
970988643;85282223;Мебель / Мебель для бизнеса / Стол производственный;Стол производственный;не создано;
971108795;85282223;Мебель / Мебель для бизнеса / Стойка ресепшн для ПВЗ;Стойка ресепшн для ПВЗ;не создано;
970988648;85282223;Мебель / Мебель для бизнеса / Шкаф производственный;Шкаф производственный;не создано;
95088;76107195;Мебель / Мебель для ванной / Комплект мебели для ванной;Комплект мебели для ванной;другая ошибка;ML_INCORRECT_VOLUME_WEIGHT:0
970666036;76107195;Мебель / Мебель для ванной / Тумба для ванной;Тумба для ванной;другая ошибка;ML_INCORRECT_VOLUME_WEIGHT:0
970665788;76107195;Мебель / Мебель для ванной / Шкаф для ванной;Шкаф для ванной;другая ошибка;SPU_ALREADY_EXISTS_IN_ANOTHER_ACCOUNT:0
970943565;92265029;Мебель / Мебель бескаркасная / Бескаркасный пуф;Бескаркасный пуф;другая ошибка;"error_attribute_values_empty:9048;error_attribute_values_empty:10596;error_attribute_values_empty:22232;error_attribute_values_out_of_range:85"
970943564;92265029;Мебель / Мебель бескаркасная / Бескаркасный диван;Бескаркасный диван;другая ошибка;"error_attribute_values_empty:9048;error_attribute_values_empty:10596;error_attribute_values_empty:22232;error_attribute_values_out_of_range:85"
95037;92265029;Мебель / Мебель бескаркасная / Кресло-мешок;Кресло-мешок;другая ошибка;"error_attribute_values_empty:9048;error_attribute_values_empty:10596;error_attribute_values_empty:22232;error_attribute_values_out_of_range:85"
971842440;92265029;Мебель / Мебель бескаркасная / Чехол для бескаркасной мебели;Чехол для бескаркасной мебели;другая ошибка;"error_attribute_values_empty:9048;error_attribute_values_empty:10596;error_attribute_values_empty:22232;error_attribute_values_out_of_range:85"
97582;79164512;Мебель / Компьютерные и офисные кресла / Ортопедический стул;Ортопедический стул;другая ошибка;"SPU_ALREADY_EXISTS_IN_ANOTHER_ACCOUNT:0;marking_auto_corrected:23536"
970685072;79164512;Мебель / Компьютерные и офисные кресла / Детское компьютерное кресло;Детское компьютерное кресло;другая ошибка;"SPU_ALREADY_EXISTS_IN_ANOTHER_ACCOUNT:0;marking_auto_corrected:23536"
95041;79164512;Мебель / Компьютерные и офисные кресла / Офисное кресло;Офисное кресло;другая ошибка;"SPU_ALREADY_EXISTS_IN_ANOTHER_ACCOUNT:0;marking_auto_corrected:23536"
95026;79164512;Мебель / Компьютерные и офисные кресла / Игровое компьютерное кресло;Игровое компьютерное кресло;другая ошибка;"SPU_ALREADY_EXISTS_IN_ANOTHER_ACCOUNT:0;marking_auto_corrected:23536"
97388;17027918;Мебель / Столы / Столик для ноутбука;Столик для ноутбука;другая ошибка;ML_INCORRECT_VOLUME_WEIGHT:0
95005;17027918;Мебель / Столы / Компьютерный стол;Компьютерный стол;другая ошибка;ML_INCORRECT_VOLUME_WEIGHT:0
970941908;17027918;Мебель / Столы / Кронштейн откидного стола;Кронштейн откидного стола;фото отклонено;"DESCRIPTION_DECLINE:4194;SPU_ALREADY_EXISTS_IN_ANOTHER_ACCOUNT:0;warning_all_image_failed:4194"
95001;17027918;Мебель / Столы / Офисный стол;Офисный стол;другая ошибка;ML_INCORRECT_VOLUME_WEIGHT:0
970713712;17027918;Мебель / Столы / Приставной столик;Приставной столик;другая ошибка;SPU_ALREADY_EXISTS_IN_ANOTHER_ACCOUNT:0
95010;17027918;Мебель / Столы / Парта;Парта;другая ошибка;SPU_ALREADY_EXISTS_IN_ANOTHER_ACCOUNT:0
504866270;17027918;Мебель / Столы / Письменный стол;Письменный стол;другая ошибка;ML_INCORRECT_VOLUME_WEIGHT:0
97452;17027918;Мебель / Столы / Стойка ресепшн;Стойка ресепшн;другая ошибка;ML_INCORRECT_VOLUME_WEIGHT:0
971430403;80771432;Мебель / Мебель для кухни / Наполнение для кухонного модуля;Наполнение для кухонного модуля;не создано;
970782258;80771432;Мебель / Мебель для кухни / Кухонный модуль навесной;Кухонный модуль навесной;не создано;
970782257;80771432;Мебель / Мебель для кухни / Кухонный модуль напольный;Кухонный модуль напольный;другая ошибка;ML_INCORRECT_VOLUME_WEIGHT:0
95089;80771432;Мебель / Мебель для кухни / Кухонный гарнитур;Кухонный гарнитур;другая ошибка;ML_INCORRECT_VOLUME_WEIGHT:0
98427;17027914;Мебель / Матрасы / Топпер-наматрасник;Топпер-наматрасник;другая ошибка;"error_attribute_values_empty:9048;error_attribute_values_empty:12035;error_attribute_values_empty:22232;error_attribute_values_out_of_range:85"
970859602;17027914;Мебель / Матрасы / Медицинский матрас;Медицинский матрас;другая ошибка;BR_no_shelf_life:22364
504866279;17027914;Мебель / Матрасы / Матрас для садовой мебели;Матрас для садовой мебели;не создано;
115946522;17027914;Мебель / Матрасы / Матрас;Матрас;другая ошибка;BR_no_shelf_life:22364
971162059;80711064;Мебель / Комоды и тумбы / Тумба;Тумба;другая ошибка;SPU_ALREADY_EXISTS_IN_ANOTHER_ACCOUNT:0
970693320;80711064;Мебель / Комоды и тумбы / Этажерка для обуви;Этажерка для обуви;другая ошибка;SPU_ALREADY_EXISTS_IN_ANOTHER_ACCOUNT:0
95086;80711064;Мебель / Комоды и тумбы / Комод;Комод;другая ошибка;ML_INCORRECT_VOLUME_WEIGHT:0
95062;80443823;Мебель / Садовая мебель / Садовый диван;Садовый диван;другая ошибка;ML_INCORRECT_VOLUME_WEIGHT:0
970713678;80443823;Мебель / Садовая мебель / Шкаф для газового баллона;Шкаф для газового баллона;фото отклонено;DESCRIPTION_DECLINE:4194
95069;80443823;Мебель / Садовая мебель / Стенка для садовой постройки;Стенка для садовой постройки;фото отклонено;"DESCRIPTION_DECLINE:4194;SPU_ALREADY_EXISTS_IN_ANOTHER_ACCOUNT:0;warning_all_image_failed:4194"
95059;80443823;Мебель / Садовая мебель / Аксессуары для гамака;Аксессуары для гамака;фото отклонено;"DESCRIPTION_DECLINE:4194;SPU_ALREADY_EXISTS_IN_ANOTHER_ACCOUNT:0;warning_all_image_failed:4194"
95028;80443823;Мебель / Садовая мебель / Набор садовой мебели;Набор садовой мебели;другая ошибка;ML_INCORRECT_VOLUME_WEIGHT:0
95038;80375615;Мебель / Диваны и кресла / Кухонный уголок;Кухонный уголок;другая ошибка;ML_INCORRECT_VOLUME_WEIGHT:0
97632;80375615;Мебель / Диваны и кресла / Угловой диван;Угловой диван;другая ошибка;ML_INCORRECT_VOLUME_WEIGHT:0
95030;80375615;Мебель / Диваны и кресла / Кресло;Кресло;другая ошибка;SPU_ALREADY_EXISTS_IN_ANOTHER_ACCOUNT:0
970797824;80375615;Мебель / Диваны и кресла / Запчасти для дивана;Запчасти для дивана;другая ошибка;SPU_ALREADY_EXISTS_IN_ANOTHER_ACCOUNT:0
95025;80375615;Мебель / Диваны и кресла / Диван раскладной;Диван раскладной;другая ошибка;SPU_ALREADY_EXISTS_IN_ANOTHER_ACCOUNT:0
971105392;80375615;Мебель / Диваны и кресла / Запчасти для кресла;Запчасти для кресла;другая ошибка;ML_INCORRECT_VOLUME_WEIGHT:0
95035;80375615;Мебель / Диваны и кресла / Кресло-качалка;Кресло-качалка;другая ошибка;SPU_ALREADY_EXISTS_IN_ANOTHER_ACCOUNT:0
971102746;200001500;Товары для взрослых / Уход и хранение секс игрушек / Хранение секс игрушек;Хранение секс игрушек;другая ошибка;INCORRECT_DIMENSION:0
96566;200001500;Товары для взрослых / Уход и хранение секс игрушек / Средство для чистки игрушек;Средство для чистки игрушек;другая ошибка;INCORRECT_DIMENSION:0
971363842;200001462;Товары для взрослых / Кондитерские изделия 18+ / Кондитерское изделие для взрослых;Кондитерское изделие для взрослых;другая ошибка;"error_attribute_values_empty:9048;error_attribute_values_empty:10350;error_attribute_values_empty:10351;error_attribute_values_empty:22232;error_attribute_values_out_of_range:85"
970669701;200001461;Товары для взрослых / БДСМ / Расширитель уретральный;Расширитель уретральный;другая ошибка;INCORRECT_DIMENSION:0
96517;200001461;Товары для взрослых / БДСМ / Зажим, стимулятор для сосков;Зажим, стимулятор для сосков;другая ошибка;INCORRECT_DIMENSION:0
96540;200001461;Товары для взрослых / БДСМ / Растяжитель, разделитель мошонки;Растяжитель, разделитель мошонки;другая ошибка;INCORRECT_DIMENSION:0
96536;200001461;Товары для взрослых / БДСМ / Плетка;Плетка;не создано;
96529;200001461;Товары для взрослых / БДСМ / Фиксатор БДСМ;Фиксатор БДСМ;не создано;
96546;200001461;Товары для взрослых / БДСМ / Стек БДСМ;Стек БДСМ;не создано;
97194;17028960;Товары для взрослых / Интимная косметика / Крем интимный;Крем интимный;другая ошибка;"error_attribute_values_empty:8050;error_attribute_values_empty:8205;error_attribute_values_empty:9048;error_attribute_values_empty:22232;error_attribute_values_out_of_range:85"
971749423;17028960;Товары для взрослых / Интимная косметика / Массажное масло эротическое;Массажное масло эротическое;другая ошибка;INCORRECT_DIMENSION:0
96565;17028960;Товары для взрослых / Интимная косметика / Пролонгатор;Пролонгатор;другая ошибка;INCORRECT_DIMENSION:0
96562;17028960;Товары для взрослых / Интимная косметика / Возбуждающее средство;Возбуждающее средство;не создано;
96541;17028959;Товары для взрослых / Секс игрушки / Расширитель;Расширитель;другая ошибка;DESCRIPTION_DECLINE:22507
96508;17028959;Товары для взрослых / Секс игрушки / Страпон;Страпон;не создано;
96503;17028959;Товары для взрослых / Секс игрушки / Анальный стимулятор;Анальный стимулятор;не создано;
96501;17028959;Товары для взрослых / Секс игрушки / Анальный крюк;Анальный крюк;не создано;
97674;85697584;Товары для взрослых / Парфюмерия с феромонами / Парфюмерия с феромонами;Парфюмерия с феромонами;другая ошибка;INCORRECT_DIMENSION:0
971093239;200001546;Аптека / Одежда медицинская / Одежда адаптивная;Одежда адаптивная;другая ошибка;error_card_with_deleted_photos:0
970625783;200001546;Аптека / Одежда медицинская / Аппарат для надевания бахил;Аппарат для надевания бахил;фото отклонено;"DESCRIPTION_DECLINE:4194;DESCRIPTION_DECLINE:22507"
970976284;200001546;Аптека / Одежда медицинская / Респиратор медицинский;Респиратор медицинский;другая ошибка;error_card_with_deleted_photos:0
970865456;200001546;Аптека / Одежда медицинская / Набородник, защитный экран;Набородник, защитный экран;другая ошибка;error_card_with_deleted_photos:0
970857138;200001546;Аптека / Одежда медицинская / Комплект СИЗ;Комплект СИЗ;другая ошибка;error_card_with_deleted_photos:0
971033079;200001546;Аптека / Одежда медицинская / Медицинские защитные очки;Медицинские защитные очки;фото отклонено;DESCRIPTION_DECLINE:4194
970741701;200001546;Аптека / Одежда медицинская / Нарукавники гигиенические;Нарукавники гигиенические;другая ошибка;error_card_with_deleted_photos:0
98050;200001546;Аптека / Одежда медицинская / Шапочка медицинская;Шапочка медицинская;фото отклонено;DESCRIPTION_DECLINE:4194
98221;200001546;Аптека / Одежда медицинская / Одежда для медицинских процедур;Одежда для медицинских процедур;фото отклонено;DESCRIPTION_DECLINE:4194
971093241;200001546;Аптека / Одежда медицинская / Головные уборы адаптивные;Головные уборы адаптивные;фото отклонено;DESCRIPTION_DECLINE:4194
970835975;200001546;Аптека / Одежда медицинская / Аксессуар для медицинской маски;Аксессуар для медицинской маски;другая ошибка;error_card_with_deleted_photos:0
97460;200001546;Аптека / Одежда медицинская / Перчатки медицинские;Перчатки медицинские;другая ошибка;error_card_with_deleted_photos:0
971093242;200001546;Аптека / Одежда медицинская / Аксессуары адаптивные;Аксессуары адаптивные;другая ошибка;error_card_with_deleted_photos:0
970841017;200001546;Аптека / Одежда медицинская / Послеоперационное белье;Послеоперационное белье;фото отклонено;DESCRIPTION_DECLINE:4194
97464;200001546;Аптека / Одежда медицинская / Маска медицинская;Маска медицинская;другая ошибка;error_card_with_deleted_photos:0
97466;200001546;Аптека / Одежда медицинская / Бахилы медицинские;Бахилы медицинские;другая ошибка;error_card_with_deleted_photos:0
97465;200001545;Аптека / Текстиль медицинский / Салфетка медицинская для процедур;Салфетка медицинская для процедур;фото отклонено;DESCRIPTION_DECLINE:4194
970955704;200001545;Аптека / Текстиль медицинский / Подушка медицинская;Подушка медицинская;другая ошибка;error_card_with_deleted_photos:0
93487;200001545;Аптека / Текстиль медицинский / Пеленка медицинская;Пеленка медицинская;другая ошибка;error_card_with_deleted_photos:0
91850;200001545;Аптека / Текстиль медицинский / Матрас медицинский;Матрас медицинский;фото отклонено;"DESCRIPTION_DECLINE:4194;DESCRIPTION_DECLINE:22507"
971327062;200001533;Аптека / Материалы и средства стоматологические / Штифт внутриканальный;Штифт внутриканальный;другая ошибка;INCORRECT_DIMENSION:0
970960727;200001533;Аптека / Материалы и средства стоматологические / Компонент для зубного импланта;Компонент для зубного импланта;другая ошибка;INCORRECT_DIMENSION:0
970894584;200001533;Аптека / Материалы и средства стоматологические / Имплант зубной;Имплант зубной;другая ошибка;INCORRECT_DIMENSION:0
858113084;200001533;Аптека / Материалы и средства стоматологические / Виниры;Виниры;другая ошибка;INCORRECT_DIMENSION:0
364200928;200001533;Аптека / Материалы и средства стоматологические / Капа, трейнер;Капа, трейнер;другая ошибка;INCORRECT_DIMENSION:0
971978891;200001533;Аптека / Материалы и средства стоматологические / Скайсы для зубов;Скайсы для зубов;другая ошибка;INCORRECT_DIMENSION:0
97364;17054870;Аптека / Лекарственные средства / Лекарственное средство рецептурное;Лекарственное средство рецептурное;не создано;
971449842;17054870;Аптека / Лекарственные средства / Лекарственное средство безрецептурное;Лекарственное средство безрецептурное;не создано;
97223;52620370;Аптека / Личная гигиена / Уход за брекетами, протезами;Уход за брекетами, протезами;фото отклонено;DESCRIPTION_DECLINE:4194
97209;52620370;Аптека / Личная гигиена / Фиксирующие вкладыши для зубных протезов;Фиксирующие вкладыши для зубных протезов;фото отклонено;DESCRIPTION_DECLINE:4194
94575;52620370;Аптека / Личная гигиена / Спринцовка;Спринцовка;другая ошибка;error_card_with_deleted_photos:0
971425673;52620370;Аптека / Личная гигиена / Ректальная насадка;Ректальная насадка;другая ошибка;error_card_with_deleted_photos:0
93498;52620370;Аптека / Личная гигиена / Презервативы;Презервативы;фото отклонено;DESCRIPTION_DECLINE:4194
712115221;52620370;Аптека / Личная гигиена / Средство отбеливающее;Средство отбеливающее;другая ошибка;INCORRECT_DIMENSION:0
970996407;52620370;Аптека / Личная гигиена / Вагинальная диафрагма;Вагинальная диафрагма;другая ошибка;error_card_with_deleted_photos:0
97330;52620370;Аптека / Личная гигиена / Беруши;Беруши;другая ошибка;error_card_with_deleted_photos:0
970957521;52620370;Аптека / Личная гигиена / Спираль внутриматочная;Спираль внутриматочная;фото отклонено;DESCRIPTION_DECLINE:4194
971306914;52620370;Аптека / Личная гигиена / Презервативы для УЗИ;Презервативы для УЗИ;другая ошибка;error_card_with_deleted_photos:0
970631770;52620370;Аптека / Личная гигиена / Косметическое средство по уходу за больными;Косметическое средство по уходу за больными;фото отклонено;DESCRIPTION_DECLINE:4194
970879616;52620370;Аптека / Личная гигиена / Средство для индикации зубного налета;Средство для индикации зубного налета;другая ошибка;INCORRECT_DIMENSION:0
93496;52620370;Аптека / Личная гигиена / Подгузники, трусы для взрослых;Подгузники, трусы для взрослых;фото отклонено;DESCRIPTION_DECLINE:4194
93503;52620370;Аптека / Личная гигиена / Антисептическое средство;Антисептическое средство;фото отклонено;"DESCRIPTION_DECLINE:4194;SPU_ALREADY_EXISTS_IN_ANOTHER_ACCOUNT:0;warning_all_image_failed:4194"
971104962;52620370;Аптека / Личная гигиена / Кружка Эсмарха;Кружка Эсмарха;другая ошибка;error_card_with_deleted_photos:0
93511;52620370;Аптека / Личная гигиена / Капли для глаз;Капли для глаз;другая ошибка;INCORRECT_DIMENSION:0
94573;52620370;Аптека / Личная гигиена / Пластырь;Пластырь;другая ошибка;error_card_with_deleted_photos:0
99441;52620370;Аптека / Личная гигиена / Прокладки урологические;Прокладки урологические;фото отклонено;DESCRIPTION_DECLINE:4194
970807542;200001537;Аптека / Сопутствующие товары / Диспенсер для средств индивидуальной защиты;Диспенсер для средств индивидуальной защиты;фото отклонено;DESCRIPTION_DECLINE:4194
95568;52619056;Аптека / Аптечка / Аптечка медицинская;Аптечка медицинская;другая ошибка;error_card_with_deleted_photos:0
971300818;200000896;Аптека / БАДы и витамины / БАД для ЖКТ;БАД для ЖКТ;другая ошибка;error_card_with_deleted_photos:0
971300817;200000896;Аптека / БАДы и витамины / БАД при аденоме простаты;БАД при аденоме простаты;фото отклонено;"DESCRIPTION_DECLINE:4194;DESCRIPTION_DECLINE:22507"
971300821;200000896;Аптека / БАДы и витамины / БАД для щитовидной железы;БАД для щитовидной железы;фото отклонено;DESCRIPTION_DECLINE:4194
971300843;200000896;Аптека / БАДы и витамины / БАД жирные кислоты;БАД жирные кислоты;фото отклонено;DESCRIPTION_DECLINE:4194
971390830;200000896;Аптека / БАДы и витамины / БАД для поджелудочной железы;БАД для поджелудочной железы;другая ошибка;error_card_with_deleted_photos:0
96770;200000896;Аптека / БАДы и витамины / БАД пребиотик;БАД пребиотик;другая ошибка;error_card_with_deleted_photos:0
971300838;200000896;Аптека / БАДы и витамины / БАД для ускорения обмена веществ;БАД для ускорения обмена веществ;фото отклонено;DESCRIPTION_DECLINE:4194
971300828;200000896;Аптека / БАДы и витамины / БАД при никотиновой зависимости;БАД при никотиновой зависимости;фото отклонено;DESCRIPTION_DECLINE:4194
971300826;200000896;Аптека / БАДы и витамины / БАД при алкогольной зависимости;БАД при алкогольной зависимости;фото отклонено;DESCRIPTION_DECLINE:4194
971390829;200000896;Аптека / БАДы и витамины / БАД для повышения либидо;БАД для повышения либидо;фото отклонено;DESCRIPTION_DECLINE:4194
971300831;200000896;Аптека / БАДы и витамины / БАД для хрящевой ткани;БАД для хрящевой ткани;фото отклонено;DESCRIPTION_DECLINE:4194
971300840;200000896;Аптека / БАДы и витамины / БАД моно-и-мульти-аминокислота;БАД моно-и-мульти-аминокислота;фото отклонено;"DESCRIPTION_DECLINE:4194;DESCRIPTION_DECLINE:22507"
971300819;200000896;Аптека / БАДы и витамины / БАД от паразитов;БАД от паразитов;фото отклонено;DESCRIPTION_DECLINE:4194
971300820;200000896;Аптека / БАДы и витамины / БАД для печени;БАД для печени;другая ошибка;error_card_with_deleted_photos:0
971300814;200000896;Аптека / БАДы и витамины / БАД при гинекологических нарушениях;БАД при гинекологических нарушениях;фото отклонено;DESCRIPTION_DECLINE:4194
971300837;200000896;Аптека / БАДы и витамины / БАД для снижения веса;БАД для снижения веса;фото отклонено;DESCRIPTION_DECLINE:4194
971300816;200000896;Аптека / БАДы и витамины / БАД при эректильной дисфункции;БАД при эректильной дисфункции;фото отклонено;DESCRIPTION_DECLINE:4194
971390832;200000896;Аптека / БАДы и витамины / БАД для зрения;БАД для зрения;фото отклонено;DESCRIPTION_DECLINE:4194
115949376;200000896;Аптека / БАДы и витамины / Витамины;Витамины;другая ошибка;error_card_with_deleted_photos:0
971300825;200000896;Аптека / БАДы и витамины / БАД при простуде и гриппе;БАД при простуде и гриппе;фото отклонено;DESCRIPTION_DECLINE:4194
971300833;200000896;Аптека / БАДы и витамины / БАД для вен и сосудов;БАД для вен и сосудов;другая ошибка;error_card_with_deleted_photos:0
971300839;200000896;Аптека / БАДы и витамины / БАД при урологических нарушениях;БАД при урологических нарушениях;другая ошибка;error_card_with_deleted_photos:0
971300836;200000896;Аптека / БАДы и витамины / БАД для контроля аппетита;БАД для контроля аппетита;фото отклонено;DESCRIPTION_DECLINE:4194
971148086;200000896;Аптека / БАДы и витамины / БАД пробиотик;БАД пробиотик;другая ошибка;error_card_with_deleted_photos:0
971300823;200000896;Аптека / БАДы и витамины / БАД для поддержания иммунитета;БАД для поддержания иммунитета;фото отклонено;DESCRIPTION_DECLINE:4194
971300824;200000896;Аптека / БАДы и витамины / БАД тонизирующий и общеукрепляющий;БАД тонизирующий и общеукрепляющий;другая ошибка;error_card_with_deleted_photos:0
971300815;200000896;Аптека / БАДы и витамины / БАД для поддержания здоровья волос, ногтей и кожи;БАД для поддержания здоровья волос, ногтей и кожи;фото отклонено;DESCRIPTION_DECLINE:4194
971300832;200000896;Аптека / БАДы и витамины / БАД для костей и суставов;БАД для костей и суставов;фото отклонено;DESCRIPTION_DECLINE:4194
971300829;200000896;Аптека / БАДы и витамины / БАД успокоительный;БАД успокоительный;другая ошибка;error_card_with_deleted_photos:0
971300834;200000896;Аптека / БАДы и витамины / БАД для головного мозга;БАД для головного мозга;другая ошибка;error_card_with_deleted_photos:0
971892822;200001534;Аптека / Комплектующее для медицинского оборудования, техники, приборов / Комплектующие для медицинской техники;Комплектующие для медицинской техники;другая ошибка;error_card_with_deleted_photos:0
970961563;200001536;Аптека / Расходные материалы для оборудования, техники, приборов / Расходные материалы для рентгенологии;Расходные материалы для рентгенологии;другая ошибка;error_card_with_deleted_photos:0
971098208;52620255;Аптека / Медицинские приборы / Медицинский ростомер;Медицинский ростомер;другая ошибка;error_card_with_deleted_photos:0
971298192;52620255;Аптека / Медицинские приборы / Аппарат зуботехнический;Аппарат зуботехнический;другая ошибка;error_card_with_deleted_photos:0
252555517;52620255;Аптека / Медицинские приборы / Слуховой аппарат;Слуховой аппарат;другая ошибка;error_card_with_deleted_photos:0
971043353;52620255;Аптека / Медицинские приборы / Голосообразующий аппарат;Голосообразующий аппарат;другая ошибка;error_card_with_deleted_photos:0
971959765;52620255;Аптека / Медицинские приборы / Анализатор медицинский;Анализатор медицинский;другая ошибка;error_card_with_deleted_photos:0
971304484;52620255;Аптека / Медицинские приборы / Расходник для медицинских приборов;Расходник для медицинских приборов;не создано;
707801193;52620255;Аптека / Медицинские приборы / Галогенератор;Галогенератор;другая ошибка;error_card_with_deleted_photos:0
971749982;52620255;Аптека / Медицинские приборы / Капсулятор ручной;Капсулятор ручной;другая ошибка;error_card_with_deleted_photos:0
971824226;52620255;Аптека / Медицинские приборы / Ортодонтический прибор;Ортодонтический прибор;другая ошибка;error_card_with_deleted_photos:0
971167360;52620255;Аптека / Медицинские приборы / Коагулометр портативный;Коагулометр портативный;другая ошибка;error_card_with_deleted_photos:0
971452805;52620255;Аптека / Медицинские приборы / Подоскоп;Подоскоп;другая ошибка;error_card_with_deleted_photos:0
412778335;52620255;Аптека / Медицинские приборы / Рефлектор лобный;Рефлектор лобный;другая ошибка;error_card_with_deleted_photos:0
412623543;52620255;Аптека / Медицинские приборы / Диагностический фонарик;Диагностический фонарик;другая ошибка;error_card_with_deleted_photos:0
91860;52620255;Аптека / Медицинские приборы / Тонометр;Тонометр;другая ошибка;error_card_with_deleted_photos:0
412714295;52620255;Аптека / Медицинские приборы / Налобный осветитель;Налобный осветитель;другая ошибка;error_card_with_deleted_photos:0
91857;52620255;Аптека / Медицинские приборы / Стетоскоп;Стетоскоп;другая ошибка;error_card_with_deleted_photos:0
370309949;52620255;Аптека / Медицинские приборы / Пульсоксиметр;Пульсоксиметр;другая ошибка;error_card_with_deleted_photos:0
971081512;52620255;Аптека / Медицинские приборы / Расходные материалы для инфузионной системы;Расходные материалы для инфузионной системы;другая ошибка;error_card_with_deleted_photos:0
504866194;52620255;Аптека / Медицинские приборы / Дерматоскоп;Дерматоскоп;фото отклонено;DESCRIPTION_DECLINE:4194
970693057;52620255;Аптека / Медицинские приборы / Помпа микроинфузионная;Помпа микроинфузионная;другая ошибка;error_card_with_deleted_photos:0
970939575;52620255;Аптека / Медицинские приборы / Оборудование для слабовидящих;Оборудование для слабовидящих;не создано;
94570;52620255;Аптека / Медицинские приборы / Ланцеты для глюкометра;Ланцеты для глюкометра;не создано;
970827264;52620255;Аптека / Медицинские приборы / Измельчитель таблеток;Измельчитель таблеток;не создано;
504866193;52620255;Аптека / Медицинские приборы / Лупа бинокулярная;Лупа бинокулярная;другая ошибка;error_card_with_deleted_photos:0
91822;52620255;Аптека / Медицинские приборы / Глюкометр, датчик глюкозы;Глюкометр, датчик глюкозы;не создано;
94574;52620255;Аптека / Медицинские приборы / Полоски для глюкометра, коагулометра;Полоски для глюкометра, коагулометра;другая ошибка;error_card_with_deleted_photos:0
630450956;52620255;Аптека / Медицинские приборы / Отоскоп;Отоскоп;другая ошибка;error_card_with_deleted_photos:0
971228580;52620255;Аптека / Медицинские приборы / Стоматологический прибор;Стоматологический прибор;другая ошибка;error_card_with_deleted_photos:0
91824;52620255;Аптека / Медицинские приборы / Ингалятор;Ингалятор;не создано;
970824816;52620255;Аптека / Медицинские приборы / Инсулиновая помпа;Инсулиновая помпа;другая ошибка;error_card_with_deleted_photos:0
528186209;52620255;Аптека / Медицинские приборы / Усилитель звука;Усилитель звука;другая ошибка;error_card_with_deleted_photos:0
96493;52620255;Аптека / Медицинские приборы / Медицинский термометр;Медицинский термометр;другая ошибка;INCORRECT_DIMENSION:0
970904865;52620255;Аптека / Медицинские приборы / Монитор здоровья;Монитор здоровья;не создано;
91864;52620255;Аптека / Медицинские приборы / Устройство антихрап;Устройство антихрап;другая ошибка;INCORRECT_DIMENSION:0
91851;52620255;Аптека / Медицинские приборы / Пульсотахометр;Пульсотахометр;другая ошибка;error_card_with_deleted_photos:0
94569;200001548;Аптека / Массажеры, коврики, акупунктура / Грелка;Грелка;другая ошибка;error_card_with_deleted_photos:0
99046;200001548;Аптека / Массажеры, коврики, акупунктура / Массажные банки;Массажные банки;другая ошибка;error_card_with_deleted_photos:0
971082391;200001548;Аптека / Массажеры, коврики, акупунктура / Браслет медицинский;Браслет медицинский;другая ошибка;error_card_with_deleted_photos:0
314014908;200001548;Аптека / Массажеры, коврики, акупунктура / Массажный коврик;Массажный коврик;другая ошибка;error_card_with_deleted_photos:0
970978680;200001548;Аптека / Массажеры, коврики, акупунктура / Массажер ручной;Массажер ручной;другая ошибка;error_card_with_deleted_photos:0
970985976;200001548;Аптека / Массажеры, коврики, акупунктура / Мяч массажный;Мяч массажный;не создано;
971943242;200001548;Аптека / Массажеры, коврики, акупунктура / Массажный валик;Массажный валик;не создано;
970877711;200001548;Аптека / Массажеры, коврики, акупунктура / Игла акупунктурная;Игла акупунктурная;не создано;
970621839;200001548;Аптека / Массажеры, коврики, акупунктура / Ванночка глазная;Ванночка глазная;не создано;
971049315;200000035;Аптека / Эстетическая косметология / Препарат для интимной пластики;Препарат для интимной пластики;другая ошибка;error_card_with_deleted_photos:0
98199;200000035;Аптека / Эстетическая косметология / Мезонити;Мезонити;другая ошибка;error_card_with_deleted_photos:0
971117712;200000035;Аптека / Эстетическая косметология / Филлер для контурной пластики;Филлер для контурной пластики;другая ошибка;error_card_with_deleted_photos:0
971913304;200000035;Аптека / Эстетическая косметология / Пептидный препарат;Пептидный препарат;другая ошибка;error_card_with_deleted_photos:0
971117570;200000035;Аптека / Эстетическая косметология / Набор для карбокситерапии;Набор для карбокситерапии;другая ошибка;error_card_with_deleted_photos:0
971117735;200000035;Аптека / Эстетическая косметология / Мультикомпонентный коктейль;Мультикомпонентный коктейль;фото отклонено;"DESCRIPTION_DECLINE:4194;DESCRIPTION_DECLINE:22507"
971117732;200000035;Аптека / Эстетическая косметология / Монопрепарат;Монопрепарат;другая ошибка;error_card_with_deleted_photos:0
971116755;200000035;Аптека / Эстетическая косметология / Биоревитализант;Биоревитализант;другая ошибка;error_card_with_deleted_photos:0
971306441;200000035;Аптека / Эстетическая косметология / Липолитик;Липолитик;другая ошибка;DESCRIPTION_DECLINE:22507
971913305;200000035;Аптека / Эстетическая косметология / Плацентарный препарат;Плацентарный препарат;не создано;
971913242;200000035;Аптека / Эстетическая косметология / Биорепарант;Биорепарант;не создано;
91825;200001540;Аптека / Медицинское оборудование / Облучатель медицинский;Облучатель медицинский;другая ошибка;error_card_with_deleted_photos:0
971293437;200001540;Аптека / Медицинское оборудование / Стерилизатор медицинский;Стерилизатор медицинский;другая ошибка;error_card_with_deleted_photos:0
970996038;200001540;Аптека / Медицинское оборудование / Светильник медицинский;Светильник медицинский;другая ошибка;error_card_with_deleted_photos:0
971116182;200001540;Аптека / Медицинское оборудование / Аппарат для анестезии, реанимации;Аппарат для анестезии, реанимации;другая ошибка;error_card_with_deleted_photos:0
971405118;200001540;Аптека / Медицинское оборудование / Стоматологическая установка;Стоматологическая установка;другая ошибка;error_card_with_deleted_photos:0
970996395;200001540;Аптека / Медицинское оборудование / Шприцевой дозатор;Шприцевой дозатор;другая ошибка;error_card_with_deleted_photos:0
971426428;200001540;Аптека / Медицинское оборудование / Насос медицинский;Насос медицинский;другая ошибка;error_card_with_deleted_photos:0
970710055;200001540;Аптека / Медицинское оборудование / Эндоскопическое оборудование;Эндоскопическое оборудование;другая ошибка;error_card_with_deleted_photos:0
630450955;200001540;Аптека / Медицинское оборудование / Офтальмодиагностическое оборудование;Офтальмодиагностическое оборудование;другая ошибка;error_card_with_deleted_photos:0
98395;200001540;Аптека / Медицинское оборудование / Кварцевая лампа;Кварцевая лампа;другая ошибка;error_card_with_deleted_photos:0
362877971;200001540;Аптека / Медицинское оборудование / Концентратор кислорода;Концентратор кислорода;другая ошибка;error_card_with_deleted_photos:0
971812043;200001540;Аптека / Медицинское оборудование / Офтальмологическое оборудование;Офтальмологическое оборудование;другая ошибка;error_card_with_deleted_photos:0
970886447;200001540;Аптека / Медицинское оборудование / Дыхательный тренажер;Дыхательный тренажер;фото отклонено;"DESCRIPTION_DECLINE:4194;DESCRIPTION_DECLINE:22507"
971134247;200001540;Аптека / Медицинское оборудование / Аппарат хирургический;Аппарат хирургический;другая ошибка;error_card_with_deleted_photos:0
970905531;200001540;Аптека / Медицинское оборудование / Аппарат УЗИ;Аппарат УЗИ;другая ошибка;error_card_with_deleted_photos:0
971115617;200001540;Аптека / Медицинское оборудование / Аудиологический аппарат;Аудиологический аппарат;не создано;
971115020;200001540;Аптека / Медицинское оборудование / Медицинский томограф;Медицинский томограф;другая ошибка;error_card_with_deleted_photos:0
971033374;200001540;Аптека / Медицинское оборудование / Аппарат ИВЛ;Аппарат ИВЛ;другая ошибка;INCORRECT_DIMENSION:0
971123329;200001540;Аптека / Медицинское оборудование / Расходник для анестезии, реанимации;Расходник для анестезии, реанимации;не создано;
971277630;200001540;Аптека / Медицинское оборудование / Запечатывающее устройство;Запечатывающее устройство;не создано;
971307418;200001540;Аптека / Медицинское оборудование / Учебное медицинское оборудование;Учебное медицинское оборудование;не создано;
255584722;200001540;Аптека / Медицинское оборудование / Аппарат для очистки, обогащения воды;Аппарат для очистки, обогащения воды;не создано;
504866198;200001540;Аптека / Медицинское оборудование / Лампа Вуда;Лампа Вуда;не создано;
971154622;200001540;Аптека / Медицинское оборудование / Холодильник, морозильник медицинский;Холодильник, морозильник медицинский;другая ошибка;error_card_with_deleted_photos:0
971167645;200001540;Аптека / Медицинское оборудование / Аксессуары для аппарата ЭКГ;Аксессуары для аппарата ЭКГ;не создано;
971074160;200001540;Аптека / Медицинское оборудование / Лампа для прогревания;Лампа для прогревания;не создано;
971115128;200001540;Аптека / Медицинское оборудование / Аппарат ЭКГ;Аппарат ЭКГ;другая ошибка;error_card_with_deleted_photos:0
91852;200001540;Аптека / Медицинское оборудование / Рециркулятор;Рециркулятор;не создано;
416294478;200001535;Аптека / Аксессуары для медицинского оборудования, техники, приборов / Стойка, штатив медицинский;Стойка, штатив медицинский;другая ошибка;error_card_with_deleted_photos:0
970865524;200001544;Аптека / Уход за линзами, очками / Приспособление для закапывания в глаза;Приспособление для закапывания в глаза;фото отклонено;DESCRIPTION_DECLINE:4194
96687;200001544;Аптека / Уход за линзами, очками / Салфетка для очков;Салфетка для очков;другая ошибка;INCORRECT_DIMENSION:0
93514;200001544;Аптека / Уход за линзами, очками / Раствор для линз;Раствор для линз;не создано;
504866199;200001544;Аптека / Уход за линзами, очками / Спрей для очков;Спрей для очков;не создано;
971151486;200001544;Аптека / Уход за линзами, очками / Набор для контактных линз;Набор для контактных линз;другая ошибка;INCORRECT_DIMENSION:0
971806595;200000122;Аптека / Профессиональные аппараты для косметологии / Аппарат для микродермабразии;Аппарат для микродермабразии;другая ошибка;error_card_with_deleted_photos:0
971304957;200000122;Аптека / Профессиональные аппараты для косметологии / Салфетки для криолиполиза;Салфетки для криолиполиза;другая ошибка;error_card_with_deleted_photos:0
971123856;200000122;Аптека / Профессиональные аппараты для косметологии / Аппарат Liposonix;Аппарат Liposonix;другая ошибка;error_card_with_deleted_photos:0
971806589;200000122;Аптека / Профессиональные аппараты для косметологии / RF-лифтинг профессиональный;RF-лифтинг профессиональный;фото отклонено;"DESCRIPTION_DECLINE:4194;DESCRIPTION_DECLINE:22507"
971196295;200000122;Аптека / Профессиональные аппараты для косметологии / Электрод для коагуляции;Электрод для коагуляции;фото отклонено;"DESCRIPTION_DECLINE:4194;DESCRIPTION_DECLINE:22507"
971123867;200000122;Аптека / Профессиональные аппараты для косметологии / Коагулятор косметический;Коагулятор косметический;другая ошибка;error_card_with_deleted_photos:0
971806593;200000122;Аптека / Профессиональные аппараты для косметологии / Аппарат для мезотерапии профессиональный;Аппарат для мезотерапии профессиональный;другая ошибка;error_card_with_deleted_photos:0
971123865;200000122;Аптека / Профессиональные аппараты для косметологии / Аппарат кавитации;Аппарат кавитации;другая ошибка;error_card_with_deleted_photos:0
971123859;200000122;Аптека / Профессиональные аппараты для косметологии / Аппарат Thermage;Аппарат Thermage;другая ошибка;error_card_with_deleted_photos:0
971806600;200000122;Аптека / Профессиональные аппараты для косметологии / Аппарат для микротоковой терапии профессиональный;Аппарат для микротоковой терапии профессиональный;не создано;
971123862;200000122;Аптека / Профессиональные аппараты для косметологии / Аппарат газожидкостного пилинга;Аппарат газожидкостного пилинга;другая ошибка;error_card_with_deleted_photos:0
971806603;200000122;Аптека / Профессиональные аппараты для косметологии / Аппарат ФДТ профессиональный;Аппарат ФДТ профессиональный;не создано;
971304959;200000122;Аптека / Профессиональные аппараты для косметологии / Аппарат для криолиполиза;Аппарат для криолиполиза;другая ошибка;error_card_with_deleted_photos:0
97698;52620708;Аптека / Ортопедия, бандажи, компрессионные изделия, протезирование / Массажные тапочки;Массажные тапочки;фото отклонено;DESCRIPTION_DECLINE:4194
970892651;52620708;Аптека / Ортопедия, бандажи, компрессионные изделия, протезирование / Пояс согревающий;Пояс согревающий;другая ошибка;error_card_with_deleted_photos:0
97489;52620708;Аптека / Ортопедия, бандажи, компрессионные изделия, протезирование / Корсет ортопедический;Корсет ортопедический;другая ошибка;error_card_with_deleted_photos:0
971924155;52620708;Аптека / Ортопедия, бандажи, компрессионные изделия, протезирование / Колпачки, силиконовые трубки;Колпачки, силиконовые трубки;другая ошибка;error_card_with_deleted_photos:0
971105582;52620708;Аптека / Ортопедия, бандажи, компрессионные изделия, протезирование / Барука;Барука;другая ошибка;error_card_with_deleted_photos:0
971445262;52620708;Аптека / Ортопедия, бандажи, компрессионные изделия, протезирование / Протез;Протез;другая ошибка;error_card_with_deleted_photos:0
971046705;52620708;Аптека / Ортопедия, бандажи, компрессионные изделия, протезирование / Компрессионное изделие;Компрессионное изделие;другая ошибка;error_card_with_deleted_photos:0
97485;52620708;Аптека / Ортопедия, бандажи, компрессионные изделия, протезирование / Корректор осанки;Корректор осанки;другая ошибка;error_card_with_deleted_photos:0
504866248;52620708;Аптека / Ортопедия, бандажи, компрессионные изделия, протезирование / Ортопедические стельки;Ортопедические стельки;другая ошибка;error_card_with_deleted_photos:0
970829679;52620708;Аптека / Ортопедия, бандажи, компрессионные изделия, протезирование / Искусственные соски;Искусственные соски;другая ошибка;error_card_with_deleted_photos:0
971094050;52620708;Аптека / Ортопедия, бандажи, компрессионные изделия, протезирование / Живот накладной силиконовый;Живот накладной силиконовый;другая ошибка;error_card_with_deleted_photos:0
970987053;52620708;Аптека / Ортопедия, бандажи, компрессионные изделия, протезирование / Корректор для ног;Корректор для ног;другая ошибка;error_card_with_deleted_photos:0
970946773;52620708;Аптека / Ортопедия, бандажи, компрессионные изделия, протезирование / Пояс иммобилизационный;Пояс иммобилизационный;фото отклонено;DESCRIPTION_DECLINE:4194
971410746;52620708;Аптека / Ортопедия, бандажи, компрессионные изделия, протезирование / Аксессуар для протеза;Аксессуар для протеза;другая ошибка;error_card_with_deleted_photos:0
971067133;52620708;Аптека / Ортопедия, бандажи, компрессионные изделия, протезирование / Силикон для изготовления ортезов;Силикон для изготовления ортезов;не создано;
91829;52620708;Аптека / Ортопедия, бандажи, компрессионные изделия, протезирование / Корректор стопы;Корректор стопы;другая ошибка;error_card_with_deleted_photos:0
971924157;52620708;Аптека / Ортопедия, бандажи, компрессионные изделия, протезирование / Межпальцевый разделитель;Межпальцевый разделитель;другая ошибка;error_card_with_deleted_photos:0
970680698;52620708;Аптека / Ортопедия, бандажи, компрессионные изделия, протезирование / Подметка для ходьбы в гипсовой повязке;Подметка для ходьбы в гипсовой повязке;другая ошибка;INCORRECT_DIMENSION:0
98198;52620708;Аптека / Ортопедия, бандажи, компрессионные изделия, протезирование / Ортопедическая шина;Ортопедическая шина;не создано;
971314467;52620708;Аптека / Ортопедия, бандажи, компрессионные изделия, протезирование / Пяткоудерживатель;Пяткоудерживатель;не создано;
91814;52620708;Аптека / Ортопедия, бандажи, компрессионные изделия, протезирование / Бандаж;Бандаж;другая ошибка;error_card_with_deleted_photos:0
971924191;52620708;Аптека / Ортопедия, бандажи, компрессионные изделия, протезирование / Массажные стельки;Массажные стельки;не создано;
971913343;52620708;Аптека / Ортопедия, бандажи, компрессионные изделия, протезирование / Шина иммобилизационная;Шина иммобилизационная;фото отклонено;DESCRIPTION_DECLINE:4194
97483;52620708;Аптека / Ортопедия, бандажи, компрессионные изделия, протезирование / Ортез;Ортез;другая ошибка;error_card_with_deleted_photos:0
971078296;52620708;Аптека / Ортопедия, бандажи, компрессионные изделия, протезирование / Корректор для пальца;Корректор для пальца;другая ошибка;error_card_with_deleted_photos:0
971125594;52620708;Аптека / Ортопедия, бандажи, компрессионные изделия, протезирование / Протез молочной железы;Протез молочной железы;другая ошибка;error_card_with_deleted_photos:0
970685352;52620587;Аптека / Товары для реабилитации / Реабилитационный тренажер;Реабилитационный тренажер;другая ошибка;error_card_with_deleted_photos:0
91832;52620587;Аптека / Товары для реабилитации / Костыли;Костыли;другая ошибка;error_card_with_deleted_photos:0
97491;52620587;Аптека / Товары для реабилитации / Кресло-коляска;Кресло-коляска;другая ошибка;ML_INCORRECT_VOLUME_WEIGHT:0
972745485;52620587;Аптека / Товары для реабилитации / Уличный транспорт для детей с ДЦП;Уличный транспорт для детей с ДЦП;не создано;
91833;52620587;Аптека / Товары для реабилитации / Кресло-туалет;Кресло-туалет;другая ошибка;error_card_with_deleted_photos:0
298840670;52620587;Аптека / Товары для реабилитации / Вертикализатор;Вертикализатор;другая ошибка;error_card_with_deleted_photos:0
971895953;52620587;Аптека / Товары для реабилитации / Автокресло для детей с ДЦП;Автокресло для детей с ДЦП;другая ошибка;ML_INCORRECT_VOLUME_WEIGHT:0
970879612;52620587;Аптека / Товары для реабилитации / Носилки медицинские;Носилки медицинские;другая ошибка;error_card_with_deleted_photos:0
91861;52620587;Аптека / Товары для реабилитации / Трость;Трость;другая ошибка;error_card_with_deleted_photos:0
970996843;52620587;Аптека / Товары для реабилитации / Доска для пересадки;Доска для пересадки;не создано;
971133360;52620587;Аптека / Товары для реабилитации / Ходунки;Ходунки;другая ошибка;error_card_with_deleted_photos:0
970573787;52620587;Аптека / Товары для реабилитации / Опора под спину;Опора под спину;не создано;
504866211;200001543;Аптека / Оправы, комплектующее для очков / Оправа для очков;Оправа для очков;другая ошибка;INCORRECT_DIMENSION:0
971302043;200001543;Аптека / Оправы, комплектующее для очков / Запчасти для очков;Запчасти для очков;другая ошибка;INCORRECT_DIMENSION:0
970825490;200001543;Аптека / Оправы, комплектующее для очков / Окклюдер;Окклюдер;другая ошибка;INCORRECT_DIMENSION:0
97484;200001542;Аптека / Линзы контактные, для очков, корригирующие очки / Астигматические линзы;Астигматические линзы;другая ошибка;error_card_with_deleted_photos:0
970996037;200001542;Аптека / Линзы контактные, для очков, корригирующие очки / Набор пробных очковых линз;Набор пробных очковых линз;другая ошибка;error_card_with_deleted_photos:0
970956118;200001542;Аптека / Линзы контактные, для очков, корригирующие очки / Линзы для очков;Линзы для очков;фото отклонено;DESCRIPTION_DECLINE:4194
96686;200001542;Аптека / Линзы контактные, для очков, корригирующие очки / Очки для зрения;Очки для зрения;другая ошибка;error_card_with_deleted_photos:0
93515;200001542;Аптека / Линзы контактные, для очков, корригирующие очки / Цветные контактные линзы;Цветные контактные линзы;другая ошибка;error_card_with_deleted_photos:0
93512;200001542;Аптека / Линзы контактные, для очков, корригирующие очки / Контактные линзы с диоптриями;Контактные линзы с диоптриями;не создано;
34255927;200001542;Аптека / Линзы контактные, для очков, корригирующие очки / Мультифокальные линзы;Мультифокальные линзы;другая ошибка;error_card_with_deleted_photos:0
970851072;200001539;Аптека / Медицинская техника / Тренажер для глаз;Тренажер для глаз;другая ошибка;INCORRECT_DIMENSION:0
240467509;200001539;Аптека / Медицинская техника / Нейростимулятор;Нейростимулятор;другая ошибка;error_card_with_deleted_photos:0
99430;200001539;Аптека / Медицинская техника / Галитометр;Галитометр;другая ошибка;error_card_with_deleted_photos:0
91843;200001539;Аптека / Медицинская техника / Остеопатический аппарат;Остеопатический аппарат;другая ошибка;error_card_with_deleted_photos:0
971125503;200001539;Аптека / Медицинская техника / Эхоэнцефалограф;Эхоэнцефалограф;другая ошибка;error_card_with_deleted_photos:0
971125502;200001539;Аптека / Медицинская техника / Электронейромиограф;Электронейромиограф;другая ошибка;error_card_with_deleted_photos:0
970904983;200001539;Аптека / Медицинская техника / Аппарат для дезинфекции;Аппарат для дезинфекции;другая ошибка;error_card_with_deleted_photos:0
971031826;200001539;Аптека / Медицинская техника / Негатоскоп;Негатоскоп;другая ошибка;error_card_with_deleted_photos:0
971125504;200001539;Аптека / Медицинская техника / Электроэнцефалограф;Электроэнцефалограф;не создано;
971006746;200001539;Аптека / Медицинская техника / Фетальный допплер;Фетальный допплер;не создано;
97758;200001539;Аптека / Медицинская техника / Физиотерапевтический аппарат;Физиотерапевтический аппарат;не создано;
971093975;200001539;Аптека / Медицинская техника / Аппарат для прессотерапии;Аппарат для прессотерапии;не создано;
97474;17028986;Аптека / Медицинские расходные материалы / Шприц;Шприц;другая ошибка;error_card_with_deleted_photos:0
971906275;17028986;Аптека / Медицинские расходные материалы / Пакет медицинский;Пакет медицинский;другая ошибка;error_card_with_deleted_photos:0
97629;17028986;Аптека / Медицинские расходные материалы / Инъектор;Инъектор;другая ошибка;error_card_with_deleted_photos:0
94571;17028986;Аптека / Медицинские расходные материалы / Марля;Марля;другая ошибка;DESCRIPTION_DECLINE:22507
970948196;17028986;Аптека / Медицинские расходные материалы / Набор для самокатетеризации;Набор для самокатетеризации;другая ошибка;error_card_with_deleted_photos:0
971010718;17028986;Аптека / Медицинские расходные материалы / Нефростома;Нефростома;другая ошибка;error_card_with_deleted_photos:0
97467;17028986;Аптека / Медицинские расходные материалы / Мочеприемник;Мочеприемник;другая ошибка;error_card_with_deleted_photos:0
971287161;17028986;Аптека / Медицинские расходные материалы / Контейнер для медицинских отходов;Контейнер для медицинских отходов;другая ошибка;error_card_with_deleted_photos:0
91867;17028986;Аптека / Медицинские расходные материалы / Эластичный бинт;Эластичный бинт;фото отклонено;"DESCRIPTION_DECLINE:4194;DESCRIPTION_DECLINE:22507"
971057729;17028986;Аптека / Медицинские расходные материалы / Складная шина медицинская;Складная шина медицинская;другая ошибка;error_card_with_deleted_photos:0
970877891;17028986;Аптека / Медицинские расходные материалы / Аппликатор для инъекций;Аппликатор для инъекций;другая ошибка;error_card_with_deleted_photos:0
97468;17028986;Аптека / Медицинские расходные материалы / Инфузионная система;Инфузионная система;другая ошибка;error_card_with_deleted_photos:0
971371351;17028986;Аптека / Медицинские расходные материалы / Средство гемостатическое;Средство гемостатическое;другая ошибка;error_card_with_deleted_photos:0
970978012;17028986;Аптека / Медицинские расходные материалы / Подушка для забора крови;Подушка для забора крови;фото отклонено;"DESCRIPTION_DECLINE:4194;DESCRIPTION_DECLINE:22507"
971890999;17028986;Аптека / Медицинские расходные материалы / Гипс медицинский;Гипс медицинский;другая ошибка;error_card_with_deleted_photos:0
392638732;17028986;Аптека / Медицинские расходные материалы / Средство, аксессуар для ухода за стомой;Средство, аксессуар для ухода за стомой;другая ошибка;INCORRECT_DIMENSION:0
409350049;17028986;Аптека / Медицинские расходные материалы / Калоприемник;Калоприемник;не создано;
97975;17028986;Аптека / Медицинские расходные материалы / Повязка на рану;Повязка на рану;другая ошибка;error_card_with_deleted_photos:0
970952799;17028986;Аптека / Медицинские расходные материалы / Пессарий гинекологический;Пессарий гинекологический;другая ошибка;error_card_with_deleted_photos:0
97461;17028986;Аптека / Медицинские расходные материалы / Контейнер для анализов;Контейнер для анализов;не создано;
94576;17028986;Аптека / Медицинские расходные материалы / Судно подкладное;Судно подкладное;другая ошибка;error_card_with_deleted_photos:0
970861796;17028986;Аптека / Медицинские расходные материалы / Гигиенический пакет для рвотных масс;Гигиенический пакет для рвотных масс;не создано;
970629868;17028986;Аптека / Медицинские расходные материалы / Трахеостомическая трубка;Трахеостомическая трубка;другая ошибка;INCORRECT_DIMENSION:0
504866180;17028986;Аптека / Медицинские расходные материалы / Напальчник медицинский;Напальчник медицинский;другая ошибка;error_card_with_deleted_photos:0
94568;17028986;Аптека / Медицинские расходные материалы / Вата;Вата;другая ошибка;error_card_with_deleted_photos:0
971892284;17028986;Аптека / Медицинские расходные материалы / Расходный материал для хирургии;Расходный материал для хирургии;не создано;
98226;17028986;Аптека / Медицинские расходные материалы / Поильник медицинский;Поильник медицинский;не создано;
970948193;17028986;Аптека / Медицинские расходные материалы / Катетер медицинский;Катетер медицинский;не создано;
461234946;17028986;Аптека / Медицинские расходные материалы / Игла инъекционная, канюля;Игла инъекционная, канюля;другая ошибка;error_card_with_deleted_photos:0
971315958;17028986;Аптека / Медицинские расходные материалы / Жгут медицинский;Жгут медицинский;другая ошибка;error_card_with_deleted_photos:0
94567;17028986;Аптека / Медицинские расходные материалы / Бинт медицинский;Бинт медицинский;фото отклонено;DESCRIPTION_DECLINE:4194
971893116;200001541;Аптека / Лабораторное обеспечение / Лабораторные расходные материалы;Лабораторные расходные материалы;другая ошибка;error_card_with_deleted_photos:0
972028670;200001541;Аптека / Лабораторное обеспечение / Лабораторное оборудование;Лабораторное оборудование;другая ошибка;error_card_with_deleted_photos:0
95358;200001663;Аптека / Спортивные добавки / Витамины спортивные;Витамины спортивные;другая ошибка;"error_attribute_values_empty:8050;error_attribute_values_empty:8205;error_attribute_values_empty:9048;error_attribute_values_empty:22232;error_attribute_values_out_of_range:85"
95375;200001663;Аптека / Спортивные добавки / Железо;Железо;другая ошибка;"error_attribute_values_empty:8050;error_attribute_values_empty:8205;error_attribute_values_empty:9048;error_attribute_values_empty:22232;error_attribute_values_out_of_range:85"
970889524;200001663;Аптека / Спортивные добавки / Магний;Магний;другая ошибка;"error_attribute_values_empty:8050;error_attribute_values_empty:8205;error_attribute_values_empty:9048;error_attribute_values_empty:22232;error_attribute_values_out_of_range:85"
970889523;200001663;Аптека / Спортивные добавки / Кальций;Кальций;другая ошибка;"error_attribute_values_empty:8050;error_attribute_values_empty:8205;error_attribute_values_empty:9048;error_attribute_values_empty:22232;error_attribute_values_out_of_range:85"
95353;200001663;Аптека / Спортивные добавки / Антиоксидант;Антиоксидант;другая ошибка;"error_attribute_values_empty:8050;error_attribute_values_empty:8205;error_attribute_values_empty:9048;error_attribute_values_empty:22232;error_attribute_values_out_of_range:85"
95371;200001663;Аптека / Спортивные добавки / Креатин;Креатин;другая ошибка;"error_attribute_values_empty:8050;error_attribute_values_empty:8205;error_attribute_values_empty:9048;error_attribute_values_empty:22232;error_attribute_values_out_of_range:85"
970889526;200001663;Аптека / Спортивные добавки / Хром;Хром;другая ошибка;"error_attribute_values_empty:8050;error_attribute_values_empty:8205;error_attribute_values_empty:9048;error_attribute_values_empty:22232;error_attribute_values_out_of_range:85"
95384;200001663;Аптека / Спортивные добавки / Препарат для суставов, связок;Препарат для суставов, связок;другая ошибка;"error_attribute_values_empty:8050;error_attribute_values_empty:8205;error_attribute_values_empty:22232;error_attribute_values_out_of_range:85"
95387;200001663;Аптека / Спортивные добавки / Релаксант;Релаксант;другая ошибка;"error_attribute_values_empty:8050;error_attribute_values_empty:8205;error_attribute_values_empty:9048;error_attribute_values_empty:22232;error_attribute_values_out_of_range:85"
971291473;200001663;Аптека / Спортивные добавки / Селен;Селен;другая ошибка;"error_attribute_values_empty:8050;error_attribute_values_empty:8205;error_attribute_values_empty:9048;error_attribute_values_empty:22232;error_attribute_values_out_of_range:85"
970889521;200001663;Аптека / Спортивные добавки / Рутин;Рутин;другая ошибка;"error_attribute_values_empty:8050;error_attribute_values_empty:8205;error_attribute_values_empty:9048;error_attribute_values_empty:22232;error_attribute_values_out_of_range:85"
970889522;200001663;Аптека / Спортивные добавки / Калий;Калий;другая ошибка;"error_attribute_values_empty:8050;error_attribute_values_empty:8205;error_attribute_values_empty:9048;error_attribute_values_empty:22232;error_attribute_values_out_of_range:85"
95370;200001663;Аптека / Спортивные добавки / Коэнзим Q10;Коэнзим Q10;другая ошибка;"error_attribute_values_empty:8050;error_attribute_values_empty:8205;error_attribute_values_empty:9048;error_attribute_values_empty:22232;error_attribute_values_out_of_range:85"
970889518;200001663;Аптека / Спортивные добавки / ALA;ALA;другая ошибка;"error_attribute_values_empty:8050;error_attribute_values_empty:8205;error_attribute_values_empty:9048;error_attribute_values_empty:22232;error_attribute_values_out_of_range:85"
95347;200001663;Аптека / Спортивные добавки / BCAA;BCAA;другая ошибка;"error_attribute_values_empty:8050;error_attribute_values_empty:8205;error_attribute_values_empty:9048;error_attribute_values_empty:22232;error_attribute_values_out_of_range:85"
970889525;200001663;Аптека / Спортивные добавки / Цинк;Цинк;другая ошибка;"error_attribute_values_empty:8050;error_attribute_values_empty:8205;error_attribute_values_empty:9048;error_attribute_values_empty:22232;error_attribute_values_out_of_range:85"
95365;200001663;Аптека / Спортивные добавки / Жиросжигатель;Жиросжигатель;другая ошибка;"error_attribute_values_empty:8050;error_attribute_values_empty:8205;error_attribute_values_empty:9048;error_attribute_values_empty:22232;error_attribute_values_out_of_range:85"
971062700;200001663;Аптека / Спортивные добавки / Жирные кислоты;Жирные кислоты;другая ошибка;"error_attribute_values_empty:8050;error_attribute_values_empty:8205;error_attribute_values_empty:9048;error_attribute_values_empty:22232;error_attribute_values_out_of_range:85"
971168007;200001663;Аптека / Спортивные добавки / Йод;Йод;другая ошибка;"error_attribute_values_empty:8050;error_attribute_values_empty:8205;error_attribute_values_empty:9048;error_attribute_values_empty:22232;error_attribute_values_out_of_range:85"
970889519;200001663;Аптека / Спортивные добавки / Лецитин;Лецитин;другая ошибка;"error_attribute_values_empty:8050;error_attribute_values_empty:8205;error_attribute_values_empty:9048;error_attribute_values_empty:22232;error_attribute_values_out_of_range:85"
95351;200001663;Аптека / Спортивные добавки / Аминокислотный комплекс;Аминокислотный комплекс;другая ошибка;"error_attribute_values_empty:8050;error_attribute_values_empty:8205;error_attribute_values_empty:9048;error_attribute_values_empty:22232;error_attribute_values_out_of_range:85"
95376;200001663;Аптека / Спортивные добавки / Мочегонное;Мочегонное;не создано;
970889520;200001663;Аптека / Спортивные добавки / Гинкго билоба;Гинкго билоба;не создано;
95368;200001663;Аптека / Спортивные добавки / L-карнитин;L-карнитин;не создано;
95383;200001663;Аптека / Спортивные добавки / Предтренировочный комплекс;Предтренировочный комплекс;не создано;
971211913;200001663;Аптека / Спортивные добавки / Моно аминокислота спортивная;Моно аминокислота спортивная;не создано;
95382;200001663;Аптека / Спортивные добавки / Послетренировочный комплекс;Послетренировочный комплекс;не создано;
95392;200001663;Аптека / Спортивные добавки / Ферменты;Ферменты;не создано;
95357;200001663;Аптека / Спортивные добавки / Витаминно-минеральный комплекс спортивный;Витаминно-минеральный комплекс спортивный;не создано;
96788;200001663;Аптека / Спортивные добавки / Фитококтейль;Фитококтейль;не создано;
970823818;200001551;Аптека / Аксессуары для людей с ограниченными возможностями / Сидячая ванночка на унитаз;Сидячая ванночка на унитаз;не создано;
970885456;200001552;Аптека / Тест гинекологический, лабораторный, медицинский / Тест медицинский;Тест медицинский;фото отклонено;DESCRIPTION_DECLINE:4194
341668698;65190449;Аптека / Медицинские инструменты / Инструмент гинекологический;Инструмент гинекологический;другая ошибка;error_card_with_deleted_photos:0
971921091;65190449;Аптека / Медицинские инструменты / Инструмент неврологический;Инструмент неврологический;другая ошибка;INCORRECT_DIMENSION:0
971891645;65190449;Аптека / Медицинские инструменты / Инструмент хирургический;Инструмент хирургический;другая ошибка;error_card_with_deleted_photos:0
971301192;65190449;Аптека / Медицинские инструменты / Инструмент для оториноларингологии;Инструмент для оториноларингологии;другая ошибка;error_card_with_deleted_photos:0
971229623;65190449;Аптека / Медицинские инструменты / Расходные материалы для брекетов;Расходные материалы для брекетов;другая ошибка;error_card_with_deleted_photos:0
971229613;65190449;Аптека / Медицинские инструменты / Брекеты;Брекеты;не создано;
971228055;65190449;Аптека / Медицинские инструменты / Инструмент для биопсии;Инструмент для биопсии;не создано;
346629822;65190449;Аптека / Медицинские инструменты / Инструмент стоматологический;Инструмент стоматологический;другая ошибка;error_card_with_deleted_photos:0
970862358;88739730;Аптека / Парафармацевтика / Вода с прополисом;Вода с прополисом;другая ошибка;"error_attribute_values_empty:8050;error_attribute_values_empty:8205;error_attribute_values_empty:9048;error_attribute_values_empty:22232;error_attribute_values_out_of_range:85"
970881575;88739730;Аптека / Парафармацевтика / Маточное молочко;Маточное молочко;другая ошибка;"error_attribute_values_empty:8050;error_attribute_values_empty:8205;error_attribute_values_empty:9048;error_attribute_values_empty:22232;error_attribute_values_out_of_range:85"
971156892;88739730;Аптека / Парафармацевтика / Грязь лечебная;Грязь лечебная;другая ошибка;"error_attribute_values_empty:8205;error_attribute_values_empty:9048;error_attribute_values_empty:22232;error_attribute_values_out_of_range:85"
971156548;88739730;Аптека / Парафармацевтика / Лечебный экстракт;Лечебный экстракт;другая ошибка;"error_attribute_values_empty:8205;error_attribute_values_empty:9048;error_attribute_values_empty:22232;error_attribute_values_out_of_range:85"
971202432;88739730;Аптека / Парафармацевтика / Средство от похмелья;Средство от похмелья;другая ошибка;"error_attribute_values_empty:8050;error_attribute_values_empty:8205;error_attribute_values_empty:9048;error_attribute_values_empty:22232;error_attribute_values_out_of_range:85"
97198;88739730;Аптека / Парафармацевтика / Пищевая добавка;Пищевая добавка;другая ошибка;"error_attribute_values_empty:8050;error_attribute_values_empty:8205;error_attribute_values_empty:9048;error_attribute_values_empty:22232;error_attribute_values_out_of_range:85"
645165051;88739730;Аптека / Парафармацевтика / Профилактическое средство;Профилактическое средство;другая ошибка;"error_attribute_values_empty:8050;error_attribute_values_empty:8205;error_attribute_values_empty:9048;error_attribute_values_empty:22232;error_attribute_values_out_of_range:85"
970877576;88739730;Аптека / Парафармацевтика / Имплантат синовиальной жидкости;Имплантат синовиальной жидкости;другая ошибка;"error_attribute_values_empty:8050;error_attribute_values_empty:8205;error_attribute_values_empty:9048;error_attribute_values_empty:22232;error_attribute_values_out_of_range:85"
971806646;88739730;Аптека / Парафармацевтика / Средство для мышц охлаждающие;Средство для мышц охлаждающие;другая ошибка;"error_attribute_values_empty:8050;error_attribute_values_empty:8205;error_attribute_values_empty:9048;error_attribute_values_empty:22232;error_attribute_values_out_of_range:85"
971156551;88739730;Аптека / Парафармацевтика / Смесь для ванны медицинская;Смесь для ванны медицинская;другая ошибка;"error_attribute_values_empty:8205;error_attribute_values_empty:9048;error_attribute_values_empty:22232;error_attribute_values_out_of_range:85"
98977;88739730;Аптека / Парафармацевтика / Горчичники;Горчичники;другая ошибка;"error_attribute_values_empty:8050;error_attribute_values_empty:8205;error_attribute_values_empty:9048;error_attribute_values_empty:22232;error_attribute_values_out_of_range:85"
93943;88739730;Аптека / Парафармацевтика / Средство для лечения кожи головы, волос;Средство для лечения кожи головы, волос;другая ошибка;"error_attribute_values_empty:8050;error_attribute_values_empty:8205;error_attribute_values_empty:9048;error_attribute_values_empty:22232;error_attribute_values_out_of_range:85"
970861845;88739730;Аптека / Парафармацевтика / Концентрированный сухой напиток;Концентрированный сухой напиток;другая ошибка;"error_attribute_values_empty:8050;error_attribute_values_empty:8205;error_attribute_values_empty:9048;error_attribute_values_empty:22232;error_attribute_values_out_of_range:85"
221096045;88739730;Аптека / Парафармацевтика / Специализированное питание;Специализированное питание;другая ошибка;"error_attribute_values_empty:8050;error_attribute_values_empty:8205;error_attribute_values_empty:9048;error_attribute_values_empty:22232;error_attribute_values_out_of_range:85"
971026884;88739730;Аптека / Парафармацевтика / Гребень педикулицидный;Гребень педикулицидный;другая ошибка;"error_attribute_values_empty:8050;error_attribute_values_empty:8205;error_attribute_values_empty:9048;error_attribute_values_empty:22232;error_attribute_values_out_of_range:85"
99009;88739730;Аптека / Парафармацевтика / Компресс;Компресс;не создано;
954971574;88739730;Аптека / Парафармацевтика / Гематоген;Гематоген;другая ошибка;error_card_with_deleted_photos:0
971806638;88739730;Аптека / Парафармацевтика / Лечебное средство;Лечебное средство;не создано;
971065803;88739730;Аптека / Парафармацевтика / Антипаразитарное средство;Антипаразитарное средство;не создано;
95352;17028704;Аптека / Спортивное питание / Анаболический комплекс;Анаболический комплекс;другая ошибка;"error_attribute_values_empty:8205;error_attribute_values_empty:9048;error_attribute_values_empty:9528;error_attribute_values_empty:22232;error_attribute_values_out_of_range:85"
95394;17028704;Аптека / Спортивное питание / Энергетический батончик;Энергетический батончик;другая ошибка;"error_attribute_values_empty:8205;error_attribute_values_empty:9048;error_attribute_values_empty:9528;error_attribute_values_empty:22232;error_attribute_values_out_of_range:85"
95380;17028704;Аптека / Спортивное питание / Спортивное питание;Спортивное питание;другая ошибка;"error_attribute_values_empty:8205;error_attribute_values_empty:9048;error_attribute_values_empty:9528;error_attribute_values_empty:22232;error_attribute_values_out_of_range:85"
95389;17028704;Аптека / Спортивное питание / Средства для повышения тестостерона;Средства для повышения тестостерона;другая ошибка;"error_attribute_values_empty:8205;error_attribute_values_empty:9048;error_attribute_values_empty:9528;error_attribute_values_empty:22232;error_attribute_values_out_of_range:85"
95391;17028704;Аптека / Спортивное питание / Углеводы;Углеводы;другая ошибка;"error_attribute_values_empty:8205;error_attribute_values_empty:9048;error_attribute_values_empty:9528;error_attribute_values_empty:22232;error_attribute_values_out_of_range:85"
972893664;17028704;Аптека / Спортивное питание / Энергетические паучи и конфеты;Энергетические паучи и конфеты;другая ошибка;"error_attribute_values_empty:8205;error_attribute_values_empty:9048;error_attribute_values_empty:9528;error_attribute_values_empty:22232;error_attribute_values_out_of_range:85"
971005245;17028704;Аптека / Спортивное питание / Спортивные электролиты;Спортивные электролиты;другая ошибка;"error_attribute_values_empty:8205;error_attribute_values_empty:9048;error_attribute_values_empty:9528;error_attribute_values_empty:22232;error_attribute_values_out_of_range:85"
95395;17028704;Аптека / Спортивное питание / Спортивный энергетический напиток;Спортивный энергетический напиток;другая ошибка;"error_attribute_values_empty:8205;error_attribute_values_empty:9048;error_attribute_values_empty:9528;error_attribute_values_empty:22232;error_attribute_values_out_of_range:85"
95385;17028704;Аптека / Спортивное питание / Протеин;Протеин;другая ошибка;"error_attribute_values_empty:8205;error_attribute_values_empty:9048;error_attribute_values_empty:9528;error_attribute_values_empty:22232;error_attribute_values_out_of_range:85"
95359;17028704;Аптека / Спортивное питание / Гейнер;Гейнер;другая ошибка;"error_attribute_values_empty:8205;error_attribute_values_empty:9048;error_attribute_values_empty:9528;error_attribute_values_empty:22232;error_attribute_values_out_of_range:85"
95386;17028704;Аптека / Спортивное питание / Протеиновый батончик;Протеиновый батончик;не создано;
95363;17028704;Аптека / Спортивное питание / Диетический батончик;Диетический батончик;не создано;
971074216;200001547;Аптека / Хим средства для дезинфекции, терапии и процедур / Гель для УЗИ;Гель для УЗИ;другая ошибка;error_card_with_deleted_photos:0
970690850;200001547;Аптека / Хим средства для дезинфекции, терапии и процедур / Дезинфицирующее средство;Дезинфицирующее средство;другая ошибка;SPU_ALREADY_EXISTS_IN_ANOTHER_ACCOUNT:0
95994;79869785;Продукты питания Ozon Fresh / Цветы живые Ozon Fresh / Комнатное растение;Комнатное растение;не создано;
96182;79869785;Продукты питания Ozon Fresh / Цветы живые Ozon Fresh / Букет;Букет;не создано;
970587313;17028762;Продукты питания Ozon Fresh / Молочная продукция, сыры и яйца Ozon Fresh / Топленое масло;Топленое масло;не создано;
96580;17028762;Продукты питания Ozon Fresh / Молочная продукция, сыры и яйца Ozon Fresh / Мороженое;Мороженое;другая ошибка;INCORRECT_DIMENSION:0
96577;17028762;Продукты питания Ozon Fresh / Молочная продукция, сыры и яйца Ozon Fresh / Сливочное масло;Сливочное масло;другая ошибка;INCORRECT_DIMENSION:0
96587;17028762;Продукты питания Ozon Fresh / Молочная продукция, сыры и яйца Ozon Fresh / Сыр;Сыр;другая ошибка;INCORRECT_DIMENSION:0
925318593;17028762;Продукты питания Ozon Fresh / Молочная продукция, сыры и яйца Ozon Fresh / Шоколадное масло;Шоколадное масло;другая ошибка;INCORRECT_DIMENSION:0
96586;17028762;Продукты питания Ozon Fresh / Молочная продукция, сыры и яйца Ozon Fresh / Сметана;Сметана;другая ошибка;INCORRECT_DIMENSION:0
96588;17028762;Продукты питания Ozon Fresh / Молочная продукция, сыры и яйца Ozon Fresh / Творог;Творог;другая ошибка;INCORRECT_DIMENSION:0
96585;17028762;Продукты питания Ozon Fresh / Молочная продукция, сыры и яйца Ozon Fresh / Сливки;Сливки;не создано;
96574;17028762;Продукты питания Ozon Fresh / Молочная продукция, сыры и яйца Ozon Fresh / Йогурт;Йогурт;не создано;
971280134;17028762;Продукты питания Ozon Fresh / Молочная продукция, сыры и яйца Ozon Fresh / Фермент сычужный;Фермент сычужный;не создано;
96776;17028762;Продукты питания Ozon Fresh / Молочная продукция, сыры и яйца Ozon Fresh / Закваска;Закваска;не создано;
97723;17028762;Продукты питания Ozon Fresh / Молочная продукция, сыры и яйца Ozon Fresh / Творожный продукт;Творожный продукт;другая ошибка;INCORRECT_DIMENSION:0
97715;17028762;Продукты питания Ozon Fresh / Молочная продукция, сыры и яйца Ozon Fresh / Сметанный продукт;Сметанный продукт;другая ошибка;INCORRECT_DIMENSION:0
98232;17028762;Продукты питания Ozon Fresh / Молочная продукция, сыры и яйца Ozon Fresh / Творожная масса;Творожная масса;другая ошибка;INCORRECT_DIMENSION:0
96578;17028762;Продукты питания Ozon Fresh / Молочная продукция, сыры и яйца Ozon Fresh / Молоко;Молоко;не создано;
97876;17028762;Продукты питания Ozon Fresh / Молочная продукция, сыры и яйца Ozon Fresh / Растительный напиток;Растительный напиток;не создано;
971107894;17028762;Продукты питания Ozon Fresh / Молочная продукция, сыры и яйца Ozon Fresh / Сметана растительная;Сметана растительная;другая ошибка;INCORRECT_DIMENSION:0
970669339;200001387;Продукты питания Ozon Fresh / Соки, воды, напитки Ozon Fresh / Холодный кофе;Холодный кофе;не создано;
97026;200001387;Продукты питания Ozon Fresh / Соки, воды, напитки Ozon Fresh / Кофейный напиток;Кофейный напиток;не создано;
97100;200001387;Продукты питания Ozon Fresh / Соки, воды, напитки Ozon Fresh / Компот;Компот;не создано;
97126;200001387;Продукты питания Ozon Fresh / Соки, воды, напитки Ozon Fresh / Холодный чай;Холодный чай;другая ошибка;VALUE_MIN_LIMIT:8163
97101;200001387;Продукты питания Ozon Fresh / Соки, воды, напитки Ozon Fresh / Сок;Сок;не создано;
954647288;200001387;Продукты питания Ozon Fresh / Соки, воды, напитки Ozon Fresh / Чайный гриб;Чайный гриб;не создано;
96785;200001387;Продукты питания Ozon Fresh / Соки, воды, напитки Ozon Fresh / Смузи;Смузи;не создано;
97143;200001387;Продукты питания Ozon Fresh / Соки, воды, напитки Ozon Fresh / Энергетический напиток;Энергетический напиток;не создано;
96778;200001387;Продукты питания Ozon Fresh / Соки, воды, напитки Ozon Fresh / Газированный напиток;Газированный напиток;не создано;
94686;200001387;Продукты питания Ozon Fresh / Соки, воды, напитки Ozon Fresh / Вода;Вода;не создано;
96779;200001387;Продукты питания Ozon Fresh / Соки, воды, напитки Ozon Fresh / Кисель;Кисель;не создано;
96960;200001387;Продукты питания Ozon Fresh / Соки, воды, напитки Ozon Fresh / Квас;Квас;не создано;
96787;200001387;Продукты питания Ozon Fresh / Соки, воды, напитки Ozon Fresh / Тоник;Тоник;не создано;
96782;200001387;Продукты питания Ozon Fresh / Соки, воды, напитки Ozon Fresh / Морс;Морс;не создано;
970843306;200001387;Продукты питания Ozon Fresh / Соки, воды, напитки Ozon Fresh / Сывороточный напиток;Сывороточный напиток;не создано;
96783;200001387;Продукты питания Ozon Fresh / Соки, воды, напитки Ozon Fresh / Напиток сокосодержащий;Напиток сокосодержащий;не создано;
96156;200001502;Продукты питания Ozon Fresh / Сухие завтраки, снэки, суперфудс Ozon Fresh / Сухофрукты;Сухофрукты;не создано;
970986912;17028774;Продукты питания Ozon Fresh / Замороженные и охлажденные полуфабрикаты Ozon Fresh / Основа для напитка;Основа для напитка;не создано;
970742838;17028774;Продукты питания Ozon Fresh / Замороженные и охлажденные полуфабрикаты Ozon Fresh / Мясо растительное замороженное;Мясо растительное замороженное;фото отклонено;DESCRIPTION_DECLINE:4194
971435123;17028774;Продукты питания Ozon Fresh / Замороженные и охлажденные полуфабрикаты Ozon Fresh / Выпечка замороженная;Выпечка замороженная;фото отклонено;DESCRIPTION_DECLINE:4194
97853;17028774;Продукты питания Ozon Fresh / Замороженные и охлажденные полуфабрикаты Ozon Fresh / Рыбные палочки;Рыбные палочки;другая ошибка;INCORRECT_DIMENSION:0
97842;17028774;Продукты питания Ozon Fresh / Замороженные и охлажденные полуфабрикаты Ozon Fresh / Наггетсы;Наггетсы;другая ошибка;INCORRECT_DIMENSION:0
972866984;17028774;Продукты питания Ozon Fresh / Замороженные и охлажденные полуфабрикаты Ozon Fresh / Полуфабрикат замороженный;Полуфабрикат замороженный;другая ошибка;INCORRECT_DIMENSION:0
863562504;17028765;Продукты питания Ozon Fresh / Овощи, фрукты, зелень Ozon Fresh / Набор зелени;Набор зелени;другая ошибка;INCORRECT_DIMENSION:0
97086;17028765;Продукты питания Ozon Fresh / Овощи, фрукты, зелень Ozon Fresh / Ягоды перетертые;Ягоды перетертые;не создано;
96771;200001389;Продукты питания Ozon Fresh / Детское питание Ozon Fresh / Молочная смесь;Молочная смесь;не создано;
96588;200001389;Продукты питания Ozon Fresh / Детское питание Ozon Fresh / Творог;Творог;не создано;
96574;200001389;Продукты питания Ozon Fresh / Детское питание Ozon Fresh / Йогурт;Йогурт;не создано;
97869;200001389;Продукты питания Ozon Fresh / Детское питание Ozon Fresh / Кисломолочный продукт;Кисломолочный продукт;не создано;
97810;200000404;Продукты питания Ozon Fresh / Хлебобулочные изделия Ozon Fresh / Маца;Маца;не создано;
97812;200000404;Продукты питания Ozon Fresh / Хлебобулочные изделия Ozon Fresh / Лепешка;Лепешка;не создано;
98432;200000404;Продукты питания Ozon Fresh / Хлебобулочные изделия Ozon Fresh / Тарталетки;Тарталетки;не создано;
97850;200000404;Продукты питания Ozon Fresh / Хлебобулочные изделия Ozon Fresh / Пончики;Пончики;не создано;
97800;200000404;Продукты питания Ozon Fresh / Хлебобулочные изделия Ozon Fresh / Хлеб;Хлеб;не создано;
97808;200000404;Продукты питания Ozon Fresh / Хлебобулочные изделия Ozon Fresh / Пирожок;Пирожок;не создано;
97802;200000404;Продукты питания Ozon Fresh / Хлебобулочные изделия Ozon Fresh / Сушки;Сушки;не создано;
96048;200000404;Продукты питания Ozon Fresh / Хлебобулочные изделия Ozon Fresh / Пряники;Пряники;не создано;
97799;200000404;Продукты питания Ozon Fresh / Хлебобулочные изделия Ozon Fresh / Баранки;Баранки;не создано;
97813;200000404;Продукты питания Ozon Fresh / Хлебобулочные изделия Ozon Fresh / Лаваш;Лаваш;не создано;
97849;200000404;Продукты питания Ozon Fresh / Хлебобулочные изделия Ozon Fresh / Пицца;Пицца;не создано;
97061;200000404;Продукты питания Ozon Fresh / Хлебобулочные изделия Ozon Fresh / Хлебцы;Хлебцы;не создано;
970634996;200000404;Продукты питания Ozon Fresh / Хлебобулочные изделия Ozon Fresh / Чак-чак;Чак-чак;не создано;
97712;200000404;Продукты питания Ozon Fresh / Хлебобулочные изделия Ozon Fresh / Кекс;Кекс;не создано;
97803;200000404;Продукты питания Ozon Fresh / Хлебобулочные изделия Ozon Fresh / Сухари;Сухари;не создано;
96047;200000404;Продукты питания Ozon Fresh / Хлебобулочные изделия Ozon Fresh / Печенье;Печенье;не создано;
115949302;200000404;Продукты питания Ozon Fresh / Хлебобулочные изделия Ozon Fresh / Рулет;Рулет;не создано;
97805;200000404;Продукты питания Ozon Fresh / Хлебобулочные изделия Ozon Fresh / Сдоба;Сдоба;не создано;
97804;200000404;Продукты питания Ozon Fresh / Хлебобулочные изделия Ozon Fresh / Слойка;Слойка;не создано;
97134;200000404;Продукты питания Ozon Fresh / Хлебобулочные изделия Ozon Fresh / Круассан;Круассан;не создано;
96041;200000404;Продукты питания Ozon Fresh / Хлебобулочные изделия Ozon Fresh / Вафли;Вафли;не создано;
97818;200000404;Продукты питания Ozon Fresh / Хлебобулочные изделия Ozon Fresh / Ватрушка;Ватрушка;не создано;
98332;200000404;Продукты питания Ozon Fresh / Хлебобулочные изделия Ozon Fresh / Кулич;Кулич;не создано;
970591369;200000404;Продукты питания Ozon Fresh / Хлебобулочные изделия Ozon Fresh / Профитроли;Профитроли;не создано;
971889008;200001285;Продукты питания Ozon Fresh / Продукты весовые Ozon Fresh / Овощи;Овощи;не создано;
97051;200001285;Продукты питания Ozon Fresh / Продукты весовые Ozon Fresh / Орехи;Орехи;не создано;
971889005;200001285;Продукты питания Ozon Fresh / Продукты весовые Ozon Fresh / Фрукты;Фрукты;не создано;
970587345;200001285;Продукты питания Ozon Fresh / Продукты весовые Ozon Fresh / Птица замороженная;Птица замороженная;другая ошибка;INCORRECT_DIMENSION:0
96634;200001285;Продукты питания Ozon Fresh / Продукты весовые Ozon Fresh / Копченая птица;Копченая птица;фото отклонено;"DESCRIPTION_DECLINE:4194;warning_attribute_values_empty:8933;warning_attribute_values_empty:8934;warning_attribute_values_empty:8962"
971393856;200001285;Продукты питания Ozon Fresh / Продукты весовые Ozon Fresh / Пресервы рыбные;Пресервы рыбные;фото отклонено;"DESCRIPTION_DECLINE:4194;warning_attribute_values_empty:8933;warning_attribute_values_empty:8934"
96587;200001285;Продукты питания Ozon Fresh / Продукты весовые Ozon Fresh / Сыр;Сыр;не создано;
972866984;200001285;Продукты питания Ozon Fresh / Продукты весовые Ozon Fresh / Полуфабрикат замороженный;Полуфабрикат замороженный;не создано;
970587344;200001285;Продукты питания Ozon Fresh / Продукты весовые Ozon Fresh / Мясо замороженное;Мясо замороженное;фото отклонено;"DESCRIPTION_DECLINE:4194;warning_attribute_values_empty:8933;warning_attribute_values_empty:8934"
970587343;200001285;Продукты питания Ozon Fresh / Продукты весовые Ozon Fresh / Птица охлажденная;Птица охлажденная;другая ошибка;INCORRECT_DIMENSION:0
971889010;200001285;Продукты питания Ozon Fresh / Продукты весовые Ozon Fresh / Ягоды;Ягоды;не создано;
97853;200001285;Продукты питания Ozon Fresh / Продукты весовые Ozon Fresh / Рыбные палочки;Рыбные палочки;не создано;
96644;200001285;Продукты питания Ozon Fresh / Продукты весовые Ozon Fresh / Грибы;Грибы;не создано;
96156;200001285;Продукты питания Ozon Fresh / Продукты весовые Ozon Fresh / Сухофрукты;Сухофрукты;не создано;
96056;200001391;Продукты питания Ozon Fresh / Масла, соусы, уксус Ozon Fresh / Дрожжи;Дрожжи;не создано;
96052;200001391;Продукты питания Ozon Fresh / Масла, соусы, уксус Ozon Fresh / Соус;Соус;не создано;
96639;17028763;Продукты питания Ozon Fresh / Мясная и рыбная гастрономия Ozon Fresh / Сардельки;Сардельки;не создано;
96640;17028763;Продукты питания Ozon Fresh / Мясная и рыбная гастрономия Ozon Fresh / Рыба соленая;Рыба соленая;другая ошибка;INCORRECT_DIMENSION:0
970667794;17028763;Продукты питания Ozon Fresh / Мясная и рыбная гастрономия Ozon Fresh / Вяленая рыба;Вяленая рыба;не создано;
96635;17028763;Продукты питания Ozon Fresh / Мясная и рыбная гастрономия Ozon Fresh / Копченая рыба;Копченая рыба;не создано;
96982;17028763;Продукты питания Ozon Fresh / Мясная и рыбная гастрономия Ozon Fresh / Мясные деликатесы;Мясные деликатесы;не создано;
96634;17028763;Продукты питания Ozon Fresh / Мясная и рыбная гастрономия Ozon Fresh / Копченая птица;Копченая птица;не создано;
97871;17028763;Продукты питания Ozon Fresh / Мясная и рыбная гастрономия Ozon Fresh / Паштет;Паштет;не создано;
96641;17028763;Продукты питания Ozon Fresh / Мясная и рыбная гастрономия Ozon Fresh / Сосиски;Сосиски;не создано;
96632;17028763;Продукты питания Ozon Fresh / Мясная и рыбная гастрономия Ozon Fresh / Колбаса;Колбаса;не создано;
96629;17028763;Продукты питания Ozon Fresh / Мясная и рыбная гастрономия Ozon Fresh / Вяленое мясо;Вяленое мясо;не создано;
970961108;17028763;Продукты питания Ozon Fresh / Мясная и рыбная гастрономия Ozon Fresh / Топленый жир;Топленый жир;не создано;
96628;17028763;Продукты питания Ozon Fresh / Мясная и рыбная гастрономия Ozon Fresh / Ветчина;Ветчина;не создано;
970713427;81086067;Продукты питания Ozon Fresh / Готовые блюда Ozon Fresh / Ролл;Ролл;другая ошибка;INCORRECT_DIMENSION:0
97857;81086067;Продукты питания Ozon Fresh / Готовые блюда Ozon Fresh / Сэндвич;Сэндвич;другая ошибка;INCORRECT_DIMENSION:0
970781459;81086067;Продукты питания Ozon Fresh / Готовые блюда Ozon Fresh / Закуска;Закуска;не создано;
970739778;81086067;Продукты питания Ozon Fresh / Готовые блюда Ozon Fresh / Салат;Салат;другая ошибка;INCORRECT_DIMENSION:0
970739750;81086067;Продукты питания Ozon Fresh / Готовые блюда Ozon Fresh / Второе блюдо;Второе блюдо;другая ошибка;INCORRECT_DIMENSION:0
970739749;81086067;Продукты питания Ozon Fresh / Готовые блюда Ozon Fresh / Первое блюдо;Первое блюдо;другая ошибка;INCORRECT_DIMENSION:0
97090;17028772;Продукты питания Ozon Fresh / Торты, пирожные, десерты Ozon Fresh / Безе;Безе;не создано;
96790;17028772;Продукты питания Ozon Fresh / Торты, пирожные, десерты Ozon Fresh / Батончик;Батончик;не создано;
96044;17028772;Продукты питания Ozon Fresh / Торты, пирожные, десерты Ozon Fresh / Конфеты;Конфеты;не создано;
115949297;17028772;Продукты питания Ozon Fresh / Торты, пирожные, десерты Ozon Fresh / Торт;Торт;не создано;
115948616;17028772;Продукты питания Ozon Fresh / Торты, пирожные, десерты Ozon Fresh / Пирожное;Пирожное;не создано;
97809;17028772;Продукты питания Ozon Fresh / Торты, пирожные, десерты Ozon Fresh / Пирог;Пирог;не создано;
971311214;17028772;Продукты питания Ozon Fresh / Торты, пирожные, десерты Ozon Fresh / Десерт;Десерт;не создано;
970742838;17028768;Продукты питания Ozon Fresh / Свежее и замороженное мясо, птица, рыба Ozon Fresh / Мясо растительное замороженное;Мясо растительное замороженное;не создано;
970587347;17028768;Продукты питания Ozon Fresh / Свежее и замороженное мясо, птица, рыба Ozon Fresh / Морепродукты замороженные;Морепродукты замороженные;другая ошибка;INCORRECT_DIMENSION:0
973031356;17028768;Продукты питания Ozon Fresh / Свежее и замороженное мясо, птица, рыба Ozon Fresh / Морепродукты живые;Морепродукты живые;другая ошибка;INCORRECT_DIMENSION:0
970587348;17028768;Продукты питания Ozon Fresh / Свежее и замороженное мясо, птица, рыба Ozon Fresh / Субпродукты замороженные;Субпродукты замороженные;не создано;
99072;17028768;Продукты питания Ozon Fresh / Свежее и замороженное мясо, птица, рыба Ozon Fresh / Субпродукты охлажденные;Субпродукты охлажденные;не создано;
971393856;17028768;Продукты питания Ozon Fresh / Свежее и замороженное мясо, птица, рыба Ozon Fresh / Пресервы рыбные;Пресервы рыбные;не создано;
970587345;17028768;Продукты питания Ozon Fresh / Свежее и замороженное мясо, птица, рыба Ozon Fresh / Птица замороженная;Птица замороженная;не создано;
96640;17028768;Продукты питания Ozon Fresh / Свежее и замороженное мясо, птица, рыба Ozon Fresh / Рыба соленая;Рыба соленая;не создано;
970587346;17028768;Продукты питания Ozon Fresh / Свежее и замороженное мясо, птица, рыба Ozon Fresh / Рыба замороженная;Рыба замороженная;не создано;
970587343;17028768;Продукты питания Ozon Fresh / Свежее и замороженное мясо, птица, рыба Ozon Fresh / Птица охлажденная;Птица охлажденная;не создано;
970587342;17028768;Продукты питания Ozon Fresh / Свежее и замороженное мясо, птица, рыба Ozon Fresh / Мясо охлажденное;Мясо охлажденное;не создано;
96571;17028768;Продукты питания Ozon Fresh / Свежее и замороженное мясо, птица, рыба Ozon Fresh / Рыба охлажденная;Рыба охлажденная;не создано;
970587344;17028768;Продукты питания Ozon Fresh / Свежее и замороженное мясо, птица, рыба Ozon Fresh / Мясо замороженное;Мясо замороженное;не создано;
115949685;17028768;Продукты питания Ozon Fresh / Свежее и замороженное мясо, птица, рыба Ozon Fresh / Морские водоросли охлажденные;Морские водоросли охлажденные;другая ошибка;INCORRECT_DIMENSION:0
96962;17028768;Продукты питания Ozon Fresh / Свежее и замороженное мясо, птица, рыба Ozon Fresh / Морепродукты охлажденные;Морепродукты охлажденные;другая ошибка;INCORRECT_DIMENSION:0
97068;200001390;Продукты питания Ozon Fresh / Консервация Ozon Fresh / Готовое блюдо;Готовое блюдо;не создано;
96476;200001390;Продукты питания Ozon Fresh / Консервация Ozon Fresh / Сгущенное молоко;Сгущенное молоко;не создано;
97069;200001390;Продукты питания Ozon Fresh / Консервация Ozon Fresh / Икра;Икра;другая ошибка;INCORRECT_DIMENSION:0
972743256;17028994;Антиквариат и коллекционирование / Коллекционирование / Монета драгоценная;Монета драгоценная;не создано;
95872;17028994;Антиквариат и коллекционирование / Коллекционирование / Папки для журналов;Папки для журналов;фото отклонено;DESCRIPTION_DECLINE:4194
93831;17028994;Антиквариат и коллекционирование / Коллекционирование / Банкнота, ценная бумага коллекционная;Банкнота, ценная бумага коллекционная;фото отклонено;DESCRIPTION_DECLINE:4194
96426;17028993;Антиквариат и коллекционирование / Антиквариат и винтаж / Ретротехника;Ретротехника;другая ошибка;VALUE_MIN_LIMIT:5019
971895690;17028993;Антиквариат и коллекционирование / Антиквариат и винтаж / Галантерея антиквариат, винтаж;Галантерея антиквариат, винтаж;другая ошибка;VALUE_MIN_LIMIT:5019
96386;17028993;Антиквариат и коллекционирование / Антиквариат и винтаж / Предметы интерьера антиквариат, винтаж;Предметы интерьера антиквариат, винтаж;другая ошибка;VALUE_MIN_LIMIT:5019
971470498;17028993;Антиквариат и коллекционирование / Антиквариат и винтаж / Музыкальные инструменты антиквариат, винтаж;Музыкальные инструменты антиквариат, винтаж;другая ошибка;VALUE_MIN_LIMIT:5019
971907960;17028993;Антиквариат и коллекционирование / Антиквариат и винтаж / Украшения антиквариат, винтаж;Украшения антиквариат, винтаж;другая ошибка;VALUE_MIN_LIMIT:5019
971281191;17028993;Антиквариат и коллекционирование / Антиквариат и винтаж / Медицинские приборы антиквариат, винтаж;Медицинские приборы антиквариат, винтаж;другая ошибка;VALUE_MIN_LIMIT:5019
971045359;17028993;Антиквариат и коллекционирование / Антиквариат и винтаж / Предметы военной истории антиквариат, винтаж;Предметы военной истории антиквариат, винтаж;другая ошибка;VALUE_MIN_LIMIT:5019
971909334;17028993;Антиквариат и коллекционирование / Антиквариат и винтаж / Товары для курения антиквариат, винтаж;Товары для курения антиквариат, винтаж;другая ошибка;VALUE_MIN_LIMIT:5019
970752274;17028993;Антиквариат и коллекционирование / Антиквариат и винтаж / Предметы быта антиквариат, винтаж;Предметы быта антиквариат, винтаж;другая ошибка;VALUE_MIN_LIMIT:5019
970619199;17028993;Антиквариат и коллекционирование / Антиквариат и винтаж / Мебель антиквариат, винтаж;Мебель антиквариат, винтаж;другая ошибка;VALUE_MIN_LIMIT:5019
970619094;17028993;Антиквариат и коллекционирование / Антиквариат и винтаж / Предметы сервировки антиквариат, винтаж;Предметы сервировки антиквариат, винтаж;другая ошибка;VALUE_MIN_LIMIT:5019
971004415;17028993;Антиквариат и коллекционирование / Антиквариат и винтаж / Инструменты для рукоделия антиквариат, винтаж;Инструменты для рукоделия антиквариат, винтаж;другая ошибка;VALUE_MIN_LIMIT:5019
96402;17028993;Антиквариат и коллекционирование / Антиквариат и винтаж / Текстиль антиквариат, винтаж;Текстиль антиквариат, винтаж;другая ошибка;VALUE_MIN_LIMIT:5019
96283;17028993;Антиквариат и коллекционирование / Антиквариат и винтаж / Скобяные изделия антиквариат, винтаж;Скобяные изделия антиквариат, винтаж;другая ошибка;VALUE_MIN_LIMIT:5019
971895579;17028993;Антиквариат и коллекционирование / Антиквариат и винтаж / Измерительные приборы антиквариат, винтаж;Измерительные приборы антиквариат, винтаж;другая ошибка;VALUE_MIN_LIMIT:5019
970619208;17028993;Антиквариат и коллекционирование / Антиквариат и винтаж / Часы антиквариат, винтаж;Часы антиквариат, винтаж;другая ошибка;VALUE_MIN_LIMIT:5019
971909157;17028993;Антиквариат и коллекционирование / Антиквариат и винтаж / Канцелярия антиквариат, винтаж;Канцелярия антиквариат, винтаж;другая ошибка;VALUE_MIN_LIMIT:5019
970667734;17028993;Антиквариат и коллекционирование / Антиквариат и винтаж / Полиграфия винтаж;Полиграфия винтаж;другая ошибка;VALUE_MIN_LIMIT:5019
96298;17028993;Антиквариат и коллекционирование / Антиквариат и винтаж / Игрушки, игры антиквариат, винтаж;Игрушки, игры антиквариат, винтаж;другая ошибка;VALUE_MIN_LIMIT:5019
96341;17028993;Антиквариат и коллекционирование / Антиквариат и винтаж / Кухонная утварь антиквариат, винтаж;Кухонная утварь антиквариат, винтаж;другая ошибка;VALUE_MIN_LIMIT:5019
970619133;17028993;Антиквариат и коллекционирование / Антиквариат и винтаж / Осветительные приборы антиквариат, винтаж;Осветительные приборы антиквариат, винтаж;другая ошибка;VALUE_MIN_LIMIT:5019
971909502;17028993;Антиквариат и коллекционирование / Антиквариат и винтаж / Религиозная атрибутика антиквариат, винтаж;Религиозная атрибутика антиквариат, винтаж;другая ошибка;VALUE_MIN_LIMIT:5019
971751398;89885847;Фермерское хозяйство / Для лошадей / Колокольчик для сельскохозяйственных животных;Колокольчик для сельскохозяйственных животных;другая ошибка;INCORRECT_DIMENSION:0
971439409;88979211;Фермерское хозяйство / Клетки и комплектующие для с/х животных и птиц / Мат для КРС;Мат для КРС;другая ошибка;INCORRECT_DIMENSION:0
970860403;88979211;Фермерское хозяйство / Клетки и комплектующие для с/х животных и птиц / Подкладное яйцо для птиц;Подкладное яйцо для птиц;другая ошибка;INCORRECT_DIMENSION:0
970860404;88979211;Фермерское хозяйство / Клетки и комплектующие для с/х животных и птиц / Решетка для пола клетки;Решетка для пола клетки;не создано;
970860397;88979211;Фермерское хозяйство / Клетки и комплектующие для с/х животных и птиц / Клетка для сельскохозяйственных животных;Клетка для сельскохозяйственных животных;не создано;
970860398;88979211;Фермерское хозяйство / Клетки и комплектующие для с/х животных и птиц / Курятник;Курятник;другая ошибка;INCORRECT_DIMENSION:0
970860344;88979258;Фермерское хозяйство / Транспортировка с/х птиц и яиц / Контейнер для перевозки сельскохозяйственных птиц;Контейнер для перевозки сельскохозяйственных птиц;не создано;
970859963;88979112;Фермерское хозяйство / Электропастухи и комплектующие / Сеть для сельскохозяйственных птиц;Сеть для сельскохозяйственных птиц;не создано;
970859949;88979107;Фермерское хозяйство / Системы кормления и поения для с/х животных и птиц / Медикатор;Медикатор;другая ошибка;"error_attribute_values_empty:9048;error_attribute_values_empty:13095;error_attribute_values_empty:22232;error_attribute_values_out_of_range:85"
971111142;88979107;Фермерское хозяйство / Системы кормления и поения для с/х животных и птиц / Рептух для сена;Рептух для сена;другая ошибка;"error_attribute_values_empty:9048;error_attribute_values_empty:13095;error_attribute_values_empty:22232;error_attribute_values_out_of_range:85"
970886140;88979107;Фермерское хозяйство / Системы кормления и поения для с/х животных и птиц / Соска для вскармливания сельскохозяйственных животных;Соска для вскармливания сельскохозяйственных животных;другая ошибка;"error_attribute_values_empty:9048;error_attribute_values_empty:13095;error_attribute_values_empty:22232;error_attribute_values_out_of_range:85"
970867287;88979107;Фермерское хозяйство / Системы кормления и поения для с/х животных и птиц / Пенсильванское сито;Пенсильванское сито;другая ошибка;"error_attribute_values_empty:9048;error_attribute_values_empty:13095;error_attribute_values_empty:22232;error_attribute_values_out_of_range:85"
970859958;88979107;Фермерское хозяйство / Системы кормления и поения для с/х животных и птиц / Кормушка для сельскохозяйственных животных;Кормушка для сельскохозяйственных животных;другая ошибка;"error_attribute_values_empty:9048;error_attribute_values_empty:13095;error_attribute_values_empty:22232;error_attribute_values_out_of_range:85"
970859957;88979107;Фермерское хозяйство / Системы кормления и поения для с/х животных и птиц / Поилка для сельскохозяйственных животных;Поилка для сельскохозяйственных животных;другая ошибка;"error_attribute_values_empty:9048;error_attribute_values_empty:13095;error_attribute_values_empty:22232;error_attribute_values_out_of_range:85"
970859952;88979107;Фермерское хозяйство / Системы кормления и поения для с/х животных и птиц / Запчасть для системы кормления сельскохозяйственных животных;Запчасть для системы кормления сельскохозяйственных животных;другая ошибка;"error_attribute_values_empty:9048;error_attribute_values_empty:13095;error_attribute_values_empty:22232;error_attribute_values_out_of_range:85"
970861261;88979665;Фермерское хозяйство / Тара и упаковка для меда / Емкость для работы с медом;Емкость для работы с медом;фото отклонено;DESCRIPTION_DECLINE:4194
970861239;88979665;Фермерское хозяйство / Тара и упаковка для меда / Пробник для меда;Пробник для меда;фото отклонено;DESCRIPTION_DECLINE:4194
970861238;88979665;Фермерское хозяйство / Тара и упаковка для меда / Куботейнер для меда;Куботейнер для меда;фото отклонено;DESCRIPTION_DECLINE:4194
970859821;88979117;Фермерское хозяйство / Вакуумное оборудование для с/х животных / Вакуумная установка для фермы;Вакуумная установка для фермы;фото отклонено;"DESCRIPTION_DECLINE:4194;SPU_ALREADY_EXISTS_IN_ANOTHER_ACCOUNT:0;marking_auto_corrected:23536;warning_all_image_failed:4194"
970831228;88978117;Фермерское хозяйство / Корма и добавки для птицеводства и животноводства / Кормовая добавка для сельскохозяйственных животных;Кормовая добавка для сельскохозяйственных животных;другая ошибка;"error_attribute_values_empty:9048;error_attribute_values_empty:13095;error_attribute_values_empty:22232;error_attribute_values_out_of_range:85"
970831227;88978117;Фермерское хозяйство / Корма и добавки для птицеводства и животноводства / Корм для сельскохозяйственных животных;Корм для сельскохозяйственных животных;другая ошибка;"error_attribute_values_empty:5379;error_attribute_values_empty:9048;error_attribute_values_empty:13095;error_attribute_values_empty:22232;error_attribute_values_out_of_range:85"
971300530;88978117;Фермерское хозяйство / Корма и добавки для птицеводства и животноводства / Семена кормовых культур;Семена кормовых культур;не создано;
970859916;88979119;Фермерское хозяйство / Оборудование для удаления навоза / Скребок, вилы для удаления навоза;Скребок, вилы для удаления навоза;не создано;
970886658;91501956;Фермерское хозяйство / Корма и добавки для пчел / Подкормка для пчел;Подкормка для пчел;другая ошибка;"error_attribute_values_empty:5379;error_attribute_values_empty:9048;error_attribute_values_empty:22232;error_attribute_values_out_of_range:85"
970861262;88979662;Фермерское хозяйство / Изготовление меда / Рефрактометр для меда;Рефрактометр для меда;другая ошибка;INCORRECT_DIMENSION:0
970861265;88979662;Фермерское хозяйство / Изготовление меда / Станок-стол для распечатки сотовых рамок;Станок-стол для распечатки сотовых рамок;не создано;
970860357;88979259;Фермерское хозяйство / Маркировка с/х животных и птиц / Инструмент для маркировки сельскохозяйственных животных;Инструмент для маркировки сельскохозяйственных животных;другая ошибка;"error_attribute_values_empty:9048;error_attribute_values_empty:13095;error_attribute_values_empty:22232;error_attribute_values_out_of_range:85"
970860358;88979259;Фермерское хозяйство / Маркировка с/х животных и птиц / Маркировка сельскохозяйственных животных;Маркировка сельскохозяйственных животных;другая ошибка;"error_attribute_values_empty:9048;error_attribute_values_empty:13095;error_attribute_values_empty:22232;error_attribute_values_out_of_range:85"
970996998;88979121;Фермерское хозяйство / Оборудование для хранения и переработки молока / Маслопресс производственный;Маслопресс производственный;другая ошибка;SPU_ALREADY_EXISTS_IN_ANOTHER_ACCOUNT:0
971751441;88979264;Фермерское хозяйство / Ветеринарные товары для с/х животных и птиц / Репеллент для сельскохозяйственных животных;Репеллент для сельскохозяйственных животных;фото отклонено;"DESCRIPTION_DECLINE:4194;SPU_ALREADY_EXISTS_IN_ANOTHER_ACCOUNT:0;warning_all_image_failed:4194"
971393534;88979264;Фермерское хозяйство / Ветеринарные товары для с/х животных и птиц / Тест для сельскохозяйственных животных;Тест для сельскохозяйственных животных;фото отклонено;"DESCRIPTION_DECLINE:4194;SPU_ALREADY_EXISTS_IN_ANOTHER_ACCOUNT:0;warning_all_image_failed:4194"
970997473;200000240;Фермерское хозяйство / Виноградарство / Дробилка для ягод, фруктов;Дробилка для ягод, фруктов;фото отклонено;"DESCRIPTION_DECLINE:4194;SPU_ALREADY_EXISTS_IN_ANOTHER_ACCOUNT:0;marking_auto_corrected:23536;warning_all_image_failed:4194"
970848563;88979263;Фермерское хозяйство / Товары для гигиены с/х животных / Средство для ухода за сельскохозяйственными животными;Средство для ухода за сельскохозяйственными животными;другая ошибка;"error_attribute_values_empty:5379;error_attribute_values_empty:9048;error_attribute_values_empty:22232;error_attribute_values_out_of_range:85"
970861199;88979652;Фермерское хозяйство / Вывод пчелиных маток / Оборудование для мечения пчелиных маток;Оборудование для мечения пчелиных маток;другая ошибка;INCORRECT_DIMENSION:0
970861198;88979652;Фермерское хозяйство / Вывод пчелиных маток / Оборудование для вывода пчелиных маток;Оборудование для вывода пчелиных маток;не создано;
971750190;17027920;Бытовая химия / Моющие и чистящие средства / Полироль для мебели;Полироль для мебели;другая ошибка;"error_attribute_values_empty:8205;error_attribute_values_empty:9048;error_attribute_values_empty:22232;error_attribute_values_out_of_range:85"
970976080;17027920;Бытовая химия / Моющие и чистящие средства / Средство для глажки;Средство для глажки;не создано;
697962595;17027920;Бытовая химия / Моющие и чистящие средства / Мыло хозяйственное;Мыло хозяйственное;другая ошибка;"error_attribute_values_empty:8205;error_attribute_values_empty:9048;error_attribute_values_empty:22232;error_attribute_values_out_of_range:85"
971073328;17027920;Бытовая химия / Моющие и чистящие средства / Пергидроль концентрат;Пергидроль концентрат;другая ошибка;"error_attribute_values_empty:8205;error_attribute_values_empty:9048;error_attribute_values_empty:22232;error_attribute_values_out_of_range:85"
92713;17027920;Бытовая химия / Моющие и чистящие средства / Стиральный порошок;Стиральный порошок;фото отклонено;DESCRIPTION_DECLINE:4194
92696;17027920;Бытовая химия / Моющие и чистящие средства / Капсулы для стирки;Капсулы для стирки;другая ошибка;"error_attribute_values_empty:8205;error_attribute_values_empty:9048;error_attribute_values_empty:22232;error_attribute_values_out_of_range:85"
971751428;17027920;Бытовая химия / Моющие и чистящие средства / Усилитель стирки;Усилитель стирки;фото отклонено;"DESCRIPTION_DECLINE:4194;DESCRIPTION_DECLINE:22507"
92707;17027920;Бытовая химия / Моющие и чистящие средства / Средство для смягчения воды;Средство для смягчения воды;фото отклонено;DESCRIPTION_DECLINE:4194
971061806;17027920;Бытовая химия / Моющие и чистящие средства / Средство против запотевания стекол;Средство против запотевания стекол;другая ошибка;"error_attribute_values_empty:8205;error_attribute_values_empty:9048;error_attribute_values_empty:22232;error_attribute_values_out_of_range:85"
971277715;17027920;Бытовая химия / Моющие и чистящие средства / Таблетки для стирки;Таблетки для стирки;другая ошибка;"error_attribute_values_empty:8205;error_attribute_values_empty:9048;error_attribute_values_empty:22232;error_attribute_values_out_of_range:85"
971013190;17027920;Бытовая химия / Моющие и чистящие средства / Очиститель для посудомоечной машины;Очиститель для посудомоечной машины;не создано;
971013001;17027920;Бытовая химия / Моющие и чистящие средства / Гель для посудомоечной машины;Гель для посудомоечной машины;фото отклонено;DESCRIPTION_DECLINE:4194
92706;17027920;Бытовая химия / Моющие и чистящие средства / Средство для септика, биотуалета;Средство для септика, биотуалета;другая ошибка;"error_attribute_values_empty:8205;error_attribute_values_empty:9048;error_attribute_values_empty:22232;error_attribute_values_out_of_range:85"
971013007;17027920;Бытовая химия / Моющие и чистящие средства / Капсулы для посудомоечной машины;Капсулы для посудомоечной машины;фото отклонено;DESCRIPTION_DECLINE:4194
92699;17027920;Бытовая химия / Моющие и чистящие средства / Отбеливатель;Отбеливатель;не создано;
509837604;17027920;Бытовая химия / Моющие и чистящие средства / Таблетки для посудомоечной машины;Таблетки для посудомоечной машины;не создано;
971013000;17027920;Бытовая химия / Моющие и чистящие средства / Порошок для посудомоечной машины;Порошок для посудомоечной машины;не создано;
971092221;17027920;Бытовая химия / Моющие и чистящие средства / Влажные салфетки для уборки;Влажные салфетки для уборки;другая ошибка;"error_attribute_values_empty:8205;error_attribute_values_empty:9048;error_attribute_values_empty:22232;error_attribute_values_out_of_range:85"
971083507;17027920;Бытовая химия / Моющие и чистящие средства / Средство от засоров;Средство от засоров;не создано;
970617626;17027920;Бытовая химия / Моющие и чистящие средства / Соль для посудомоечной машины;Соль для посудомоечной машины;не создано;
92701;17027920;Бытовая химия / Моющие и чистящие средства / Чистящее средство;Чистящее средство;фото отклонено;DESCRIPTION_DECLINE:4194
97583;17027920;Бытовая химия / Моющие и чистящие средства / Средство для бассейна;Средство для бассейна;другая ошибка;"error_attribute_values_empty:8205;error_attribute_values_empty:9048;error_attribute_values_empty:22232;error_attribute_values_out_of_range:85"
970788025;17027920;Бытовая химия / Моющие и чистящие средства / Ловушка цвета для стирки;Ловушка цвета для стирки;фото отклонено;"DESCRIPTION_DECLINE:4194;DESCRIPTION_DECLINE:22507"
94071;17027920;Бытовая химия / Моющие и чистящие средства / Антиклей, антискотч;Антиклей, антискотч;другая ошибка;"error_attribute_values_empty:8205;error_attribute_values_empty:9048;error_attribute_values_empty:22232;error_attribute_values_out_of_range:85"
95634;17028747;Бытовая химия / Средства от вредителей / Лампа от насекомых;Лампа от насекомых;фото отклонено;DESCRIPTION_DECLINE:4194
970842803;17028747;Бытовая химия / Средства от вредителей / Средство от грызунов;Средство от грызунов;другая ошибка;SPU_ALREADY_EXISTS_IN_ANOTHER_ACCOUNT:0
95657;17028747;Бытовая химия / Средства от вредителей / Фумигатор;Фумигатор;другая ошибка;SPU_ALREADY_EXISTS_IN_ANOTHER_ACCOUNT:0
95640;17028747;Бытовая химия / Средства от вредителей / Мышеловка, крысоловка;Мышеловка, крысоловка;другая ошибка;SPU_ALREADY_EXISTS_IN_ANOTHER_ACCOUNT:0
92720;17027922;Бытовая химия / Освежители воздуха / Освежитель воздуха;Освежитель воздуха;другая ошибка;SPU_ALREADY_EXISTS_IN_ANOTHER_ACCOUNT:0
92716;17027922;Бытовая химия / Освежители воздуха / Поглотитель запаха в холодильнике;Поглотитель запаха в холодильнике;другая ошибка;SPU_ALREADY_EXISTS_IN_ANOTHER_ACCOUNT:0
94738;17039629;Бытовая техника / Мультиварки, хлебопечки, аэрогрили / Су-вид;Су-вид;другая ошибка;"SPU_ALREADY_EXISTS_IN_ANOTHER_ACCOUNT:0;marking_auto_corrected:23536"
94735;17039629;Бытовая техника / Мультиварки, хлебопечки, аэрогрили / Рисоварка;Рисоварка;другая ошибка;"SPU_ALREADY_EXISTS_IN_ANOTHER_ACCOUNT:0;marking_auto_corrected:23536"
94734;17039629;Бытовая техника / Мультиварки, хлебопечки, аэрогрили / Пароварка электрическая;Пароварка электрическая;другая ошибка;"SPU_ALREADY_EXISTS_IN_ANOTHER_ACCOUNT:0;marking_auto_corrected:23536"
94730;17039629;Бытовая техника / Мультиварки, хлебопечки, аэрогрили / Мороженица;Мороженица;фото отклонено;"DESCRIPTION_DECLINE:4194;SPU_ALREADY_EXISTS_IN_ANOTHER_ACCOUNT:0;marking_auto_corrected:23536;warning_all_image_failed:4194"
971067129;17039629;Бытовая техника / Мультиварки, хлебопечки, аэрогрили / Ферментатор бытовой;Ферментатор бытовой;фото отклонено;DESCRIPTION_DECLINE:4194
94740;17039629;Бытовая техника / Мультиварки, хлебопечки, аэрогрили / Фритюрница;Фритюрница;фото отклонено;"DESCRIPTION_DECLINE:4194;SPU_ALREADY_EXISTS_IN_ANOTHER_ACCOUNT:0;marking_auto_corrected:23536;warning_all_image_failed:4194"
94728;17039629;Бытовая техника / Мультиварки, хлебопечки, аэрогрили / Йогуртница;Йогуртница;фото отклонено;DESCRIPTION_DECLINE:4194
94729;17039629;Бытовая техника / Мультиварки, хлебопечки, аэрогрили / Маринатор;Маринатор;другая ошибка;SPU_ALREADY_EXISTS_IN_ANOTHER_ACCOUNT:0
970876143;17039648;Бытовая техника / Посудомоечные машины / Сушильный шкаф для посуды;Сушильный шкаф для посуды;другая ошибка;"SPU_ALREADY_EXISTS_IN_ANOTHER_ACCOUNT:0;marking_auto_corrected:23536"
94566;17039648;Бытовая техника / Посудомоечные машины / Посудомоечная машина;Посудомоечная машина;другая ошибка;"SPU_ALREADY_EXISTS_IN_ANOTHER_ACCOUNT:0;marking_auto_corrected:23536"
95805;53968796;Бытовая техника / Аксессуары и запчасти для бытовой техники / Аксессуары, запчасти для кофемашины;Аксессуары, запчасти для кофемашины;фото отклонено;DESCRIPTION_DECLINE:4194
970663046;53968796;Бытовая техника / Аксессуары и запчасти для бытовой техники / Аксессуары, запчасти для холодильника;Аксессуары, запчасти для холодильника;фото отклонено;DESCRIPTION_DECLINE:4194
970683713;53968796;Бытовая техника / Аксессуары и запчасти для бытовой техники / Аксессуары, запчасти для кофеварки;Аксессуары, запчасти для кофеварки;фото отклонено;DESCRIPTION_DECLINE:4194
98540;53968796;Бытовая техника / Аксессуары и запчасти для бытовой техники / Аксессуары, запчасти для увлажнителя воздуха;Аксессуары, запчасти для увлажнителя воздуха;фото отклонено;DESCRIPTION_DECLINE:4194
389152488;53968796;Бытовая техника / Аксессуары и запчасти для бытовой техники / Аксессуары, запчасти для кондиционера;Аксессуары, запчасти для кондиционера;фото отклонено;DESCRIPTION_DECLINE:4194
98642;53968796;Бытовая техника / Аксессуары и запчасти для бытовой техники / Средство для чистки кофемашины;Средство для чистки кофемашины;другая ошибка;"error_attribute_values_empty:8050;error_attribute_values_empty:9048;error_attribute_values_empty:22232;error_attribute_values_out_of_range:85"
971098117;53968796;Бытовая техника / Аксессуары и запчасти для бытовой техники / Запчасть для духового шкафа;Запчасть для духового шкафа;фото отклонено;DESCRIPTION_DECLINE:4194
971362718;53968796;Бытовая техника / Аксессуары и запчасти для бытовой техники / Запчасть для маслопресса;Запчасть для маслопресса;другая ошибка;SPU_ALREADY_EXISTS_IN_ANOTHER_ACCOUNT:0
971049421;53968796;Бытовая техника / Аксессуары и запчасти для бытовой техники / Аксессуар для су-вид;Аксессуар для су-вид;другая ошибка;SPU_ALREADY_EXISTS_IN_ANOTHER_ACCOUNT:0
971219156;53968796;Бытовая техника / Аксессуары и запчасти для бытовой техники / Запчасть для тостера;Запчасть для тостера;другая ошибка;SPU_ALREADY_EXISTS_IN_ANOTHER_ACCOUNT:0
91598;53968796;Бытовая техника / Аксессуары и запчасти для бытовой техники / Аксессуары, запчасти для очистителя воздуха;Аксессуары, запчасти для очистителя воздуха;фото отклонено;"DESCRIPTION_DECLINE:4194;SPU_ALREADY_EXISTS_IN_ANOTHER_ACCOUNT:0;warning_all_image_failed:4194"
970676288;53968796;Бытовая техника / Аксессуары и запчасти для бытовой техники / Аксессуары, запчасти для мясорубки;Аксессуары, запчасти для мясорубки;другая ошибка;SPU_ALREADY_EXISTS_IN_ANOTHER_ACCOUNT:0
971282345;53968796;Бытовая техника / Аксессуары и запчасти для бытовой техники / Фреон для холодильника;Фреон для холодильника;фото отклонено;"DESCRIPTION_DECLINE:4194;SPU_ALREADY_EXISTS_IN_ANOTHER_ACCOUNT:0;warning_all_image_failed:4194"
971219178;53968796;Бытовая техника / Аксессуары и запчасти для бытовой техники / Запчасть для йогуртницы;Запчасть для йогуртницы;фото отклонено;"DESCRIPTION_DECLINE:4194;SPU_ALREADY_EXISTS_IN_ANOTHER_ACCOUNT:0;warning_all_image_failed:4194"
972742308;53968796;Бытовая техника / Аксессуары и запчасти для бытовой техники / Аксессуар для робота-мойщика окон;Аксессуар для робота-мойщика окон;фото отклонено;"DESCRIPTION_DECLINE:4194;SPU_ALREADY_EXISTS_IN_ANOTHER_ACCOUNT:0;warning_all_image_failed:4194"
970984793;53968796;Бытовая техника / Аксессуары и запчасти для бытовой техники / Фреон для кондиционера;Фреон для кондиционера;другая ошибка;SPU_ALREADY_EXISTS_IN_ANOTHER_ACCOUNT:0
971285999;53968796;Бытовая техника / Аксессуары и запчасти для бытовой техники / Запчасть для шоколадного фонтана;Запчасть для шоколадного фонтана;фото отклонено;"DESCRIPTION_DECLINE:4194;SPU_ALREADY_EXISTS_IN_ANOTHER_ACCOUNT:0;warning_all_image_failed:4194"
970989336;53968796;Бытовая техника / Аксессуары и запчасти для бытовой техники / Аксессуары, запчасти для посудомоечной машины;Аксессуары, запчасти для посудомоечной машины;фото отклонено;"DESCRIPTION_DECLINE:4194;SPU_ALREADY_EXISTS_IN_ANOTHER_ACCOUNT:0;warning_all_image_failed:4194"
970789320;53968796;Бытовая техника / Аксессуары и запчасти для бытовой техники / Аксессуары, запчасти для аэрогриля;Аксессуары, запчасти для аэрогриля;другая ошибка;SPU_ALREADY_EXISTS_IN_ANOTHER_ACCOUNT:0
970952397;17039636;Бытовая техника / Кулеры для воды / Пурифайер;Пурифайер;другая ошибка;"DESCRIPTION_DECLINE:22507;marking_auto_corrected:23536"
95621;17039630;Бытовая техника / Тепловая обработка / Яйцеварка;Яйцеварка;не создано;
129788425;17039630;Бытовая техника / Тепловая обработка / Коптильный пистолет;Коптильный пистолет;не создано;
95605;17039630;Бытовая техника / Тепловая обработка / Блинница;Блинница;не создано;
95620;17039630;Бытовая техника / Тепловая обработка / Электрошашлычница;Электрошашлычница;не создано;
95606;17039630;Бытовая техника / Тепловая обработка / Бутербродница;Бутербродница;не создано;
95722;17039622;Бытовая техника / Кондиционеры и сплит-системы / Сплит-система;Сплит-система;другая ошибка;"ML_INCORRECT_VOLUME_WEIGHT:0;marking_auto_corrected:23536"
95720;17039622;Бытовая техника / Кондиционеры и сплит-системы / Мобильный кондиционер;Мобильный кондиционер;не создано;
970955810;17039622;Бытовая техника / Кондиционеры и сплит-системы / Фанкойл;Фанкойл;другая ошибка;"ML_INCORRECT_VOLUME_WEIGHT:0;marking_auto_corrected:23536"
970797265;17039633;Бытовая техника / Стиральная машина / Центрифуга для отжима белья;Центрифуга для отжима белья;не создано;
93829;17039633;Бытовая техника / Стиральная машина / Сушильная машина;Сушильная машина;другая ошибка;"ML_INCORRECT_VOLUME_WEIGHT:0;marking_auto_corrected:23536"
93828;17039633;Бытовая техника / Стиральная машина / Стиральная машина;Стиральная машина;другая ошибка;"ML_INCORRECT_VOLUME_WEIGHT:0;marking_auto_corrected:23536"
122770105;17039633;Бытовая техника / Стиральная машина / Электросушилка;Электросушилка;другая ошибка;"ML_INCORRECT_VOLUME_WEIGHT:0;marking_auto_corrected:23536"
971012096;17039633;Бытовая техника / Стиральная машина / Сушильный шкаф для одежды, обуви;Сушильный шкаф для одежды, обуви;другая ошибка;"ML_INCORRECT_VOLUME_WEIGHT:0;marking_auto_corrected:23536"
970828015;17039633;Бытовая техника / Стиральная машина / Паровой шкаф для одежды;Паровой шкаф для одежды;другая ошибка;"ML_INCORRECT_VOLUME_WEIGHT:0;marking_auto_corrected:23536"
970783923;53541757;Бытовая техника / Дополнительная гарантия / Гарантийный талон;Гарантийный талон;другая ошибка;INCORRECT_DIMENSION:0
970692078;17039638;Бытовая техника / Погодные станции и датчики / Электронный термометр;Электронный термометр;фото отклонено;DESCRIPTION_DECLINE:4194
91888;17039638;Бытовая техника / Погодные станции и датчики / Барометр;Барометр;другая ошибка;SPU_ALREADY_EXISTS_IN_ANOTHER_ACCOUNT:0
91691;17039638;Бытовая техника / Погодные станции и датчики / Гигрометр;Гигрометр;другая ошибка;"SPU_ALREADY_EXISTS_IN_ANOTHER_ACCOUNT:0;marking_auto_corrected:23536"
93821;17039634;Бытовая техника / Холодильники / Винный шкаф;Винный шкаф;другая ошибка;"ML_INCORRECT_VOLUME_WEIGHT:0;marking_auto_corrected:23536"
98376;17039634;Бытовая техника / Холодильники / Охладитель бутылок;Охладитель бутылок;другая ошибка;"ML_INCORRECT_VOLUME_WEIGHT:0;marking_auto_corrected:23536"
971310012;17039634;Бытовая техника / Холодильники / Барный холодильник;Барный холодильник;другая ошибка;"ML_INCORRECT_VOLUME_WEIGHT:0;marking_auto_corrected:23536"
971284048;17039634;Бытовая техника / Холодильники / Аксессуар для винного шкафа;Аксессуар для винного шкафа;другая ошибка;"ML_INCORRECT_VOLUME_WEIGHT:0;marking_auto_corrected:23536"
93826;17039634;Бытовая техника / Холодильники / Холодильник;Холодильник;другая ошибка;"ML_INCORRECT_VOLUME_WEIGHT:0;marking_auto_corrected:23536"
93823;17039634;Бытовая техника / Холодильники / Морозильный ларь;Морозильный ларь;другая ошибка;"ML_INCORRECT_VOLUME_WEIGHT:0;marking_auto_corrected:23536"
93822;17039634;Бытовая техника / Холодильники / Морозильная камера;Морозильная камера;другая ошибка;"ML_INCORRECT_VOLUME_WEIGHT:0;marking_auto_corrected:23536"
115950958;17039635;Бытовая техника / Климатическая техника / Коврик с подогревом;Коврик с подогревом;фото отклонено;"DESCRIPTION_DECLINE:4194;SPU_ALREADY_EXISTS_IN_ANOTHER_ACCOUNT:0;marking_auto_corrected:23536;warning_all_image_failed:4194"
91457;17039635;Бытовая техника / Климатическая техника / Электрокамин;Электрокамин;другая ошибка;"SPU_ALREADY_EXISTS_IN_ANOTHER_ACCOUNT:0;marking_auto_corrected:23536"
91446;17039635;Бытовая техника / Климатическая техника / Воздушная завеса;Воздушная завеса;фото отклонено;"DESCRIPTION_DECLINE:4194;SPU_ALREADY_EXISTS_IN_ANOTHER_ACCOUNT:0;marking_auto_corrected:23536;warning_all_image_failed:4194"
970583971;17039635;Бытовая техника / Климатическая техника / Вентилятор печной;Вентилятор печной;фото отклонено;DESCRIPTION_DECLINE:4194
970742591;17039635;Бытовая техника / Климатическая техника / Солнечный коллектор;Солнечный коллектор;другая ошибка;"SPU_ALREADY_EXISTS_IN_ANOTHER_ACCOUNT:0;marking_auto_corrected:23536"
91450;17039635;Бытовая техника / Климатическая техника / Портативный кондиционер;Портативный кондиционер;фото отклонено;DESCRIPTION_DECLINE:4194
971976255;17039635;Бытовая техника / Климатическая техника / Отопительный модуль;Отопительный модуль;другая ошибка;"SPU_ALREADY_EXISTS_IN_ANOTHER_ACCOUNT:0;marking_auto_corrected:23536"
971160141;17039635;Бытовая техника / Климатическая техника / Климатический комплекс;Климатический комплекс;другая ошибка;"SPU_ALREADY_EXISTS_IN_ANOTHER_ACCOUNT:0;marking_auto_corrected:23536"
971279974;17039635;Бытовая техника / Климатическая техника / Фен для сушки мебели, ковров;Фен для сушки мебели, ковров;фото отклонено;"DESCRIPTION_DECLINE:4194;SPU_ALREADY_EXISTS_IN_ANOTHER_ACCOUNT:0;marking_auto_corrected:23536;warning_all_image_failed:4194"
97272;17039635;Бытовая техника / Климатическая техника / Вентилятор вытяжной;Вентилятор вытяжной;фото отклонено;"DESCRIPTION_DECLINE:4194;SPU_ALREADY_EXISTS_IN_ANOTHER_ACCOUNT:0;marking_auto_corrected:23536;warning_all_image_failed:4194"
970740323;17039635;Бытовая техника / Климатическая техника / Водяная завеса;Водяная завеса;фото отклонено;"DESCRIPTION_DECLINE:4194;SPU_ALREADY_EXISTS_IN_ANOTHER_ACCOUNT:0;marking_auto_corrected:23536;warning_all_image_failed:4194"
971422282;17039635;Бытовая техника / Климатическая техника / Запчасть к сушилке для рук;Запчасть к сушилке для рук;фото отклонено;"DESCRIPTION_DECLINE:4194;SPU_ALREADY_EXISTS_IN_ANOTHER_ACCOUNT:0;marking_auto_corrected:23536;warning_all_image_failed:4194"
91480;17039641;Бытовая техника / Ножи электрические, измельчители отходов / Измельчитель бытовых отходов;Измельчитель бытовых отходов;другая ошибка;"SPU_ALREADY_EXISTS_IN_ANOTHER_ACCOUNT:0;marking_auto_corrected:23536"
91484;17039641;Бытовая техника / Ножи электрические, измельчители отходов / Ножеточка электрическая;Ножеточка электрическая;другая ошибка;"SPU_ALREADY_EXISTS_IN_ANOTHER_ACCOUNT:0;marking_auto_corrected:23536"
970966335;68712678;Бытовая техника / Техника для общепита / Посудомоечное профоборудование для общепита;Посудомоечное профоборудование для общепита;фото отклонено;"DESCRIPTION_DECLINE:4194;SPU_ALREADY_EXISTS_IN_ANOTHER_ACCOUNT:0;marking_auto_corrected:23536;warning_all_image_failed:4194"
971096710;68712678;Бытовая техника / Техника для общепита / Тепловое оборудование для общепита;Тепловое оборудование для общепита;другая ошибка;"SPU_ALREADY_EXISTS_IN_ANOTHER_ACCOUNT:0;marking_auto_corrected:23536"
971444386;68712678;Бытовая техника / Техника для общепита / Кондитерское оборудование для общепита;Кондитерское оборудование для общепита;фото отклонено;DESCRIPTION_DECLINE:4194
971123834;68712678;Бытовая техника / Техника для общепита / Аксессуары для торговых аппаратов;Аксессуары для торговых аппаратов;другая ошибка;"SPU_ALREADY_EXISTS_IN_ANOTHER_ACCOUNT:0;marking_auto_corrected:23536"
971046393;68712678;Бытовая техника / Техника для общепита / Перерабатывающее оборудование для общепита;Перерабатывающее оборудование для общепита;фото отклонено;"DESCRIPTION_DECLINE:4194;SPU_ALREADY_EXISTS_IN_ANOTHER_ACCOUNT:0;marking_auto_corrected:23536;warning_all_image_failed:4194"
91733;17039639;Бытовая техника / Фены и термощетки / Электробигуди;Электробигуди;другая ошибка;"INCORRECT_DIMENSION:0;marking_auto_corrected:23536"
95262;17039646;Бытовая техника / Варочные панели / Варочная панель;Варочная панель;другая ошибка;"SPU_ALREADY_EXISTS_IN_ANOTHER_ACCOUNT:0;marking_auto_corrected:23536"
91563;74091405;Бытовая техника / Прочая техника для дома / Нитрат, экотестер;Нитрат, экотестер;другая ошибка;"INCORRECT_DIMENSION:0;marking_auto_corrected:23536"
91550;74091405;Бытовая техника / Прочая техника для дома / Дозиметр;Дозиметр;другая ошибка;"INCORRECT_DIMENSION:0;marking_auto_corrected:23536"
664056976;74091405;Бытовая техника / Прочая техника для дома / Детектор электромагнитного излучения;Детектор электромагнитного излучения;другая ошибка;"INCORRECT_DIMENSION:0;marking_auto_corrected:23536"
971750022;74091405;Бытовая техника / Прочая техника для дома / Портативный холодильник;Портативный холодильник;не создано;
971440233;74091405;Бытовая техника / Прочая техника для дома / Портативная стиральная машинка;Портативная стиральная машинка;не создано;
91769;17039640;Бытовая техника / Швейные машины / Вышивальная машина;Вышивальная машина;другая ошибка;"INCORRECT_DIMENSION:0;marking_auto_corrected:23536"
971296613;17039640;Бытовая техника / Швейные машины / Раскройная машина;Раскройная машина;другая ошибка;"SPU_ALREADY_EXISTS_IN_ANOTHER_ACCOUNT:0;marking_auto_corrected:23536"
970904924;17039640;Бытовая техника / Швейные машины / Прялка электрическая;Прялка электрическая;другая ошибка;"SPU_ALREADY_EXISTS_IN_ANOTHER_ACCOUNT:0;marking_auto_corrected:23536"
970852739;17039640;Бытовая техника / Швейные машины / Вязальная машина;Вязальная машина;другая ошибка;"SPU_ALREADY_EXISTS_IN_ANOTHER_ACCOUNT:0;marking_auto_corrected:23536"
91773;17039640;Бытовая техника / Швейные машины / Швейная машина;Швейная машина;другая ошибка;"SPU_ALREADY_EXISTS_IN_ANOTHER_ACCOUNT:0;marking_auto_corrected:23536"
91772;17039640;Бытовая техника / Швейные машины / Распошивальная машина;Распошивальная машина;другая ошибка;"SPU_ALREADY_EXISTS_IN_ANOTHER_ACCOUNT:0;marking_auto_corrected:23536"
95876;17028912;Бытовая техника / Весы / Гиря калибровочная;Гиря калибровочная;фото отклонено;DESCRIPTION_DECLINE:4194
91420;17028912;Бытовая техника / Весы / Ювелирные весы;Ювелирные весы;фото отклонено;DESCRIPTION_DECLINE:4194
91416;17028912;Бытовая техника / Весы / Весы для багажа;Весы для багажа;фото отклонено;DESCRIPTION_DECLINE:4194
638606215;17028912;Бытовая техника / Весы / Торговые весы;Торговые весы;фото отклонено;DESCRIPTION_DECLINE:4194
971168847;17028912;Бытовая техника / Весы / Крановые весы;Крановые весы;не создано;
970857137;17039628;Бытовая техника / Кофеварки и кофемашины / Машина для обжарки кофе;Машина для обжарки кофе;фото отклонено;DESCRIPTION_DECLINE:4194
970658779;17039628;Бытовая техника / Кофеварки и кофемашины / Профессиональная кофемашина;Профессиональная кофемашина;другая ошибка;"SPU_ALREADY_EXISTS_IN_ANOTHER_ACCOUNT:0;marking_auto_corrected:23536"
96852;17039628;Бытовая техника / Кофеварки и кофемашины / Капсульная кофемашина;Капсульная кофемашина;другая ошибка;"SPU_ALREADY_EXISTS_IN_ANOTHER_ACCOUNT:0;marking_auto_corrected:23536"
94971;17039628;Бытовая техника / Кофеварки и кофемашины / Автоматическая кофемашина;Автоматическая кофемашина;другая ошибка;"SPU_ALREADY_EXISTS_IN_ANOTHER_ACCOUNT:0;marking_auto_corrected:23536"
94700;17028937;Бытовая техника / Электрические зубные щетки / Насадка для электрической зубной щетки;Насадка для электрической зубной щетки;другая ошибка;"INCORRECT_DIMENSION:0;marking_auto_corrected:23536"
971074008;17028937;Бытовая техника / Электрические зубные щетки / Аксессуар для электрической зубной щетки;Аксессуар для электрической зубной щетки;другая ошибка;"INCORRECT_DIMENSION:0;marking_auto_corrected:23536"
972885403;17028937;Бытовая техника / Электрические зубные щетки / Скалер ультразвуковой;Скалер ультразвуковой;не создано;
94699;17028937;Бытовая техника / Электрические зубные щетки / Насадка для ирригатора;Насадка для ирригатора;не создано;
779860076;17028937;Бытовая техника / Электрические зубные щетки / Система отбеливания зубов;Система отбеливания зубов;не создано;
970681331;17028937;Бытовая техника / Электрические зубные щетки / Зарядное устройство для щетки;Зарядное устройство для щетки;другая ошибка;"INCORRECT_DIMENSION:0;marking_auto_corrected:23536"
94051;17039632;Бытовая техника / Плиты / Плита;Плита;другая ошибка;"ML_INCORRECT_VOLUME_WEIGHT:0;marking_auto_corrected:23536"
94049;17039632;Бытовая техника / Плиты / Настольная плита;Настольная плита;не создано;
94048;17039632;Бытовая техника / Плиты / Мини-печь;Мини-печь;не создано;
94047;17039632;Бытовая техника / Плиты / Духовой шкаф;Духовой шкаф;другая ошибка;"ML_INCORRECT_VOLUME_WEIGHT:0;marking_auto_corrected:23536"
91679;17039624;Бытовая техника / Устройства для стрижки волос и аксессуары / Аксессуары к машинке для стрижки;Аксессуары к машинке для стрижки;фото отклонено;"DESCRIPTION_DECLINE:4194;SPU_ALREADY_EXISTS_IN_ANOTHER_ACCOUNT:0;marking_auto_corrected:23536;warning_all_image_failed:4194"
971032927;17039631;Бытовая техника / Электрические чайники и термопоты / Кипятильник для общепита;Кипятильник для общепита;фото отклонено;"DESCRIPTION_DECLINE:4194;SPU_ALREADY_EXISTS_IN_ANOTHER_ACCOUNT:0;warning_all_image_failed:4194"
94969;17039631;Бытовая техника / Электрические чайники и термопоты / Кипятильник погружной;Кипятильник погружной;фото отклонено;"DESCRIPTION_DECLINE:4194;SPU_ALREADY_EXISTS_IN_ANOTHER_ACCOUNT:0;warning_all_image_failed:4194"
94983;17039627;Бытовая техника / Миксеры, блендеры, измельчители / Мясорубка электрическая;Мясорубка электрическая;фото отклонено;"DESCRIPTION_DECLINE:4194;SPU_ALREADY_EXISTS_IN_ANOTHER_ACCOUNT:0;marking_auto_corrected:23536;warning_all_image_failed:4194"
96862;17039627;Бытовая техника / Миксеры, блендеры, измельчители / Паста-машина;Паста-машина;фото отклонено;"DESCRIPTION_DECLINE:4194;SPU_ALREADY_EXISTS_IN_ANOTHER_ACCOUNT:0;marking_auto_corrected:23536;warning_all_image_failed:4194"
94981;17039627;Бытовая техника / Миксеры, блендеры, измельчители / Электромельница;Электромельница;другая ошибка;SPU_ALREADY_EXISTS_IN_ANOTHER_ACCOUNT:0
970686722;17039627;Бытовая техника / Миксеры, блендеры, измельчители / Кухонная машина;Кухонная машина;фото отклонено;"DESCRIPTION_DECLINE:4194;SPU_ALREADY_EXISTS_IN_ANOTHER_ACCOUNT:0;marking_auto_corrected:23536;warning_all_image_failed:4194"
94979;17039627;Бытовая техника / Миксеры, блендеры, измельчители / Кухонный комбайн;Кухонный комбайн;другая ошибка;"SPU_ALREADY_EXISTS_IN_ANOTHER_ACCOUNT:0;marking_auto_corrected:23536"
94975;17039627;Бытовая техника / Миксеры, блендеры, измельчители / Вспениватель молока;Вспениватель молока;фото отклонено;DESCRIPTION_DECLINE:4194
94982;17039627;Бытовая техника / Миксеры, блендеры, измельчители / Миксер кухонный;Миксер кухонный;другая ошибка;"SPU_ALREADY_EXISTS_IN_ANOTHER_ACCOUNT:0;marking_auto_corrected:23536"
971163248;17039625;Бытовая техника / Утюги и отпариватели / Гладильный манекен;Гладильный манекен;другая ошибка;"DESCRIPTION_DECLINE:22507;marking_auto_corrected:23536"
91426;17039625;Бытовая техника / Утюги и отпариватели / Отпариватель для одежды;Отпариватель для одежды;фото отклонено;DESCRIPTION_DECLINE:4194
91425;17039625;Бытовая техника / Утюги и отпариватели / Гладильный пресс;Гладильный пресс;другая ошибка;"SPU_ALREADY_EXISTS_IN_ANOTHER_ACCOUNT:0;marking_auto_corrected:23536"
93827;17039647;Бытовая техника / Вытяжки / Кухонная вытяжка;Кухонная вытяжка;фото отклонено;"DESCRIPTION_DECLINE:4194;SPU_ALREADY_EXISTS_IN_ANOTHER_ACCOUNT:0;marking_auto_corrected:23536;warning_all_image_failed:4194"
970988677;17039647;Бытовая техника / Вытяжки / Зонт вентиляционный;Зонт вентиляционный;фото отклонено;"DESCRIPTION_DECLINE:4194;SPU_ALREADY_EXISTS_IN_ANOTHER_ACCOUNT:0;marking_auto_corrected:23536;warning_all_image_failed:4194"
970825893;200000311;Бытовая техника / Встраиваемая бытовая техника / Комплект встраиваемой техники;Комплект встраиваемой техники;другая ошибка;"SPU_ALREADY_EXISTS_IN_ANOTHER_ACCOUNT:0;marking_auto_corrected:23536"
95850;17039626;Бытовая техника / Сушилки для овощей и фруктов / Стерилизатор бытовой;Стерилизатор бытовой;другая ошибка;"SPU_ALREADY_EXISTS_IN_ANOTHER_ACCOUNT:0;marking_auto_corrected:23536"
97937;17039623;Бытовая техника / Пылесосы / Робот-полотер;Робот-полотер;не создано;
91592;17039623;Бытовая техника / Пылесосы / Робот-пылесос;Робот-пылесос;не создано;
91593;17039623;Бытовая техника / Пылесосы / Ручной пылесос;Ручной пылесос;не создано;
91590;17039623;Бытовая техника / Пылесосы / Робот для мойки окон;Робот для мойки окон;не создано;
91617;17039623;Бытовая техника / Пылесосы / Воздуходувка;Воздуходувка;не создано;
971149304;17039623;Бытовая техника / Пылесосы / Вертикальный полотер;Вертикальный полотер;не создано;
